
-- Running command `read_verilog -sv video.v panel_scan.v uart.v frame_memory.v frame_protocol.v; synth_ice40 -top video -json video-abc.json' --

1. Executing Verilog-2005 frontend: video.v
Parsing SystemVerilog input from `video.v' to AST representation.
Generating RTLIL representation for module `\video'.
Successfully finished Verilog frontend.

2. Executing Verilog-2005 frontend: panel_scan.v
Parsing SystemVerilog input from `panel_scan.v' to AST representation.
Generating RTLIL representation for module `\panel_scan'.
Successfully finished Verilog frontend.

3. Executing Verilog-2005 frontend: uart.v
Parsing SystemVerilog input from `uart.v' to AST representation.
Generating RTLIL representation for module `\video_uart_rx'.
Generating RTLIL representation for module `\video_uart_tx'.
Successfully finished Verilog frontend.

4. Executing Verilog-2005 frontend: frame_memory.v
Parsing SystemVerilog input from `frame_memory.v' to AST representation.
frame_memory.v:22: Warning: Yosys has only limited support for tri-state logic at the moment.
Generating RTLIL representation for module `\frame_memory'.
Successfully finished Verilog frontend.

5. Executing Verilog-2005 frontend: frame_protocol.v
Parsing SystemVerilog input from `frame_protocol.v' to AST representation.
Generating RTLIL representation for module `\frame_protocol'.
Successfully finished Verilog frontend.

6. Executing SYNTH_ICE40 pass.

6.1. Executing Verilog-2005 frontend: C:\oss-cad-suite\bin\../share/yosys/ice40/cells_sim.v
Parsing Verilog input from `C:\oss-cad-suite\bin\../share/yosys/ice40/cells_sim.v' to AST representation.
Generating RTLIL representation for module `\SB_IO'.
Generating RTLIL representation for module `\SB_GB_IO'.
Generating RTLIL representation for module `\SB_GB'.
Generating RTLIL representation for module `\SB_LUT4'.
Generating RTLIL representation for module `\SB_CARRY'.
Generating RTLIL representation for module `\SB_DFF'.
Generating RTLIL representation for module `\SB_DFFE'.
Generating RTLIL representation for module `\SB_DFFSR'.
Generating RTLIL representation for module `\SB_DFFR'.
Generating RTLIL representation for module `\SB_DFFSS'.
Generating RTLIL representation for module `\SB_DFFS'.
Generating RTLIL representation for module `\SB_DFFESR'.
Generating RTLIL representation for module `\SB_DFFER'.
Generating RTLIL representation for module `\SB_DFFESS'.
Generating RTLIL representation for module `\SB_DFFES'.
Generating RTLIL representation for module `\SB_DFFN'.
Generating RTLIL representation for module `\SB_DFFNE'.
Generating RTLIL representation for module `\SB_DFFNSR'.
Generating RTLIL representation for module `\SB_DFFNR'.
Generating RTLIL representation for module `\SB_DFFNSS'.
Generating RTLIL representation for module `\SB_DFFNS'.
Generating RTLIL representation for module `\SB_DFFNESR'.
Generating RTLIL representation for module `\SB_DFFNER'.
Generating RTLIL representation for module `\SB_DFFNESS'.
Generating RTLIL representation for module `\SB_DFFNES'.
Generating RTLIL representation for module `\SB_RAM40_4K'.
Generating RTLIL representation for module `\SB_RAM40_4KNR'.
Generating RTLIL representation for module `\SB_RAM40_4KNW'.
Generating RTLIL representation for module `\SB_RAM40_4KNRNW'.
Generating RTLIL representation for module `\ICESTORM_LC'.
Generating RTLIL representation for module `\SB_PLL40_CORE'.
Generating RTLIL representation for module `\SB_PLL40_PAD'.
Generating RTLIL representation for module `\SB_PLL40_2_PAD'.
Generating RTLIL representation for module `\SB_PLL40_2F_CORE'.
Generating RTLIL representation for module `\SB_PLL40_2F_PAD'.
Generating RTLIL representation for module `\SB_WARMBOOT'.
Generating RTLIL representation for module `\SB_SPRAM256KA'.
Generating RTLIL representation for module `\SB_HFOSC'.
Generating RTLIL representation for module `\SB_LFOSC'.
Generating RTLIL representation for module `\SB_RGBA_DRV'.
Generating RTLIL representation for module `\SB_LED_DRV_CUR'.
Generating RTLIL representation for module `\SB_RGB_DRV'.
Generating RTLIL representation for module `\SB_I2C'.
Generating RTLIL representation for module `\SB_SPI'.
Generating RTLIL representation for module `\SB_LEDDA_IP'.
Generating RTLIL representation for module `\SB_FILTER_50NS'.
Generating RTLIL representation for module `\SB_IO_I3C'.
Generating RTLIL representation for module `\SB_IO_OD'.
Generating RTLIL representation for module `\SB_MAC16'.
Generating RTLIL representation for module `\ICESTORM_RAM'.
Successfully finished Verilog frontend.

6.2. Executing HIERARCHY pass (managing design hierarchy).

6.2.1. Analyzing design hierarchy..
Top module:  \video
Used module:     \panel_scan
Used module:     \frame_memory
Used module:     \frame_protocol
Used module:     \video_uart_tx
Used module:     \video_uart_rx
Parameter \HALF_TICKS = 8
Parameter \HOLD_CLOCKS = 32768

6.2.2. Executing AST frontend in derive mode using pre-parsed AST for module `\panel_scan'.
Parameter \HALF_TICKS = 8
Parameter \HOLD_CLOCKS = 32768
Generating RTLIL representation for module `$paramod$0317fcdaf7a5d40e0aae50824c41a370b85b36dd\panel_scan'.

6.2.3. Analyzing design hierarchy..
Top module:  \video
Used module:     $paramod$0317fcdaf7a5d40e0aae50824c41a370b85b36dd\panel_scan
Used module:     \frame_memory
Used module:     \frame_protocol
Used module:     \video_uart_tx
Used module:     \video_uart_rx

6.2.4. Analyzing design hierarchy..
Top module:  \video
Used module:     $paramod$0317fcdaf7a5d40e0aae50824c41a370b85b36dd\panel_scan
Used module:     \frame_memory
Used module:     \frame_protocol
Used module:     \video_uart_tx
Used module:     \video_uart_rx
Removing unused module `\panel_scan'.
Removed 1 unused modules.

6.3. Executing PROC pass (convert processes to netlists).

6.3.1. Executing PROC_CLEAN pass (remove empty switches from decision trees).
Removing empty process `frame_memory.$proc$frame_memory.v:13$225'.
Found and cleaned up 1 empty switch in `$paramod$0317fcdaf7a5d40e0aae50824c41a370b85b36dd\panel_scan.$proc$panel_scan.v:163$759'.
Cleaned up 1 empty switch.

6.3.2. Executing PROC_RMDEAD pass (remove dead branches from decision trees).
Marked 11 switch rules as full_case in process $proc$frame_protocol.v:28$254 in module frame_protocol.
Marked 6 switch rules as full_case in process $proc$frame_memory.v:24$182 in module frame_memory.
Marked 3 switch rules as full_case in process $proc$uart.v:35$163 in module video_uart_tx.
Removed 1 dead cases from process $proc$uart.v:10$127 in module video_uart_rx.
Marked 6 switch rules as full_case in process $proc$uart.v:10$127 in module video_uart_rx.
Marked 12 switch rules as full_case in process $proc$panel_scan.v:111$727 in module $paramod$0317fcdaf7a5d40e0aae50824c41a370b85b36dd\panel_scan.
Marked 2 switch rules as full_case in process $proc$panel_scan.v:87$726 in module $paramod$0317fcdaf7a5d40e0aae50824c41a370b85b36dd\panel_scan.
Marked 1 switch rules as full_case in process $proc$panel_scan.v:59$725 in module $paramod$0317fcdaf7a5d40e0aae50824c41a370b85b36dd\panel_scan.
Removed a total of 1 dead cases.

6.3.3. Executing PROC_PRUNE pass (remove redundant assignments in processes).
Removed 2 redundant assignments.
Promoted 85 assignments to connections.

6.3.4. Executing PROC_INIT pass (extract init attributes).
Found init rule in `\frame_protocol.$proc$frame_protocol.v:21$337'.
  Set init value: \reply_xor = 8'00000000
Found init rule in `\frame_protocol.$proc$frame_protocol.v:20$336'.
  Set init value: \reply_index = 4'0000
Found init rule in `\frame_protocol.$proc$frame_protocol.v:19$335'.
  Set init value: \status = 8'00000000
Found init rule in `\frame_protocol.$proc$frame_protocol.v:18$334'.
  Set init value: \idle_ticks = 25'0000000000000000000000000
Found init rule in `\frame_protocol.$proc$frame_protocol.v:17$333'.
  Set init value: \memory_bad = 1'0
Found init rule in `\frame_protocol.$proc$frame_protocol.v:17$332'.
  Set init value: \accepted = 1'0
Found init rule in `\frame_protocol.$proc$frame_protocol.v:16$331'.
  Set init value: \offset = 13'0000000000000
Found init rule in `\frame_protocol.$proc$frame_protocol.v:14$330'.
  Set init value: \crc_steps = 4'0000
Found init rule in `\frame_protocol.$proc$frame_protocol.v:13$329'.
  Set init value: \last_crc = 16'0000000000000000
Found init rule in `\frame_protocol.$proc$frame_protocol.v:13$328'.
  Set init value: \received_crc = 16'0000000000000000
Found init rule in `\frame_protocol.$proc$frame_protocol.v:13$327'.
  Set init value: \crc = 16'1111111111111111
Found init rule in `\frame_protocol.$proc$frame_protocol.v:12$326'.
  Set init value: \last_sequence = 8'00000000
Found init rule in `\frame_protocol.$proc$frame_protocol.v:12$325'.
  Set init value: \sequence = 8'00000000
Found init rule in `\frame_protocol.$proc$frame_protocol.v:12$324'.
  Set init value: \command = 8'00000000
Found init rule in `\frame_protocol.$proc$frame_protocol.v:11$323'.
  Set init value: \state = 4'0000
Found init rule in `\frame_protocol.$proc$frame_protocol.v:10$322'.
  Set init value: \tx_data = 8'00000000
Found init rule in `\frame_protocol.$proc$frame_protocol.v:10$321'.
  Set init value: \tx_start = 1'0
Found init rule in `\frame_protocol.$proc$frame_protocol.v:9$320'.
  Set init value: \write_data = 8'00000000
Found init rule in `\frame_protocol.$proc$frame_protocol.v:8$319'.
  Set init value: \write_address = 13'0000000000000
Found init rule in `\frame_protocol.$proc$frame_protocol.v:8$318'.
  Set init value: \write_request = 1'0
Found init rule in `\frame_protocol.$proc$frame_protocol.v:7$317'.
  Set init value: \refresh = 1'0
Found init rule in `\frame_protocol.$proc$frame_protocol.v:7$316'.
  Set init value: \bank = 1'0
Found init rule in `\frame_memory.$proc$frame_memory.v:19$233'.
  Set init value: \cache_bank = 1'0
Found init rule in `\frame_memory.$proc$frame_memory.v:19$232'.
  Set init value: \cache_valid = 1'0
Found init rule in `\frame_memory.$proc$frame_memory.v:18$231'.
  Set init value: \cache_address = 10'0000000000
Found init rule in `\frame_memory.$proc$frame_memory.v:17$230'.
  Set init value: \pending_data = 8'00000000
Found init rule in `\frame_memory.$proc$frame_memory.v:17$229'.
  Set init value: \data_out = 8'00000000
Found init rule in `\frame_memory.$proc$frame_memory.v:16$228'.
  Set init value: \drive = 1'0
Found init rule in `\frame_memory.$proc$frame_memory.v:16$227'.
  Set init value: \boot_write = 1'0
Found init rule in `\frame_memory.$proc$frame_memory.v:15$226'.
  Set init value: \state = 5'00000
Found init rule in `\frame_memory.$proc$frame_memory.v:20$234'.
  Set init value: \plane = 3'000
Found init rule in `\frame_memory.$proc$frame_memory.v:12$224'.
  Set init value: \boot_address = 13'0000000000000
Found init rule in `\frame_memory.$proc$frame_memory.v:11$223'.
  Set init value: \seed_data = 6'000000
Found init rule in `\frame_memory.$proc$frame_memory.v:9$222'.
  Set init value: \sram_oe_n = 1'1
Found init rule in `\frame_memory.$proc$frame_memory.v:9$221'.
  Set init value: \sram_we_n = 1'1
Found init rule in `\frame_memory.$proc$frame_memory.v:8$220'.
  Set init value: \sram_a = 18'000000000000000000
Found init rule in `\frame_memory.$proc$frame_memory.v:7$219'.
  Set init value: \boot_error = 1'0
Found init rule in `\frame_memory.$proc$frame_memory.v:7$218'.
  Set init value: \boot_done = 1'0
Found init rule in `\frame_memory.$proc$frame_memory.v:6$217'.
  Set init value: \write_error = 1'0
Found init rule in `\frame_memory.$proc$frame_memory.v:4$216'.
  Set init value: \colors = 48'000000000000000000000000000000000000000000000000
Found init rule in `\video_uart_tx.$proc$uart.v:33$173'.
  Set init value: \bit_index = 4'0000
Found init rule in `\video_uart_tx.$proc$uart.v:32$172'.
  Set init value: \timer = 5'00000
Found init rule in `\video_uart_tx.$proc$uart.v:31$171'.
  Set init value: \shift = 10'1111111111
Found init rule in `\video_uart_tx.$proc$uart.v:30$170'.
  Set init value: \busy = 1'0
Found init rule in `\video_uart_rx.$proc$uart.v:9$161'.
  Set init value: \shift = 8'00000000
Found init rule in `\video_uart_rx.$proc$uart.v:8$160'.
  Set init value: \bit_index = 3'000
Found init rule in `\video_uart_rx.$proc$uart.v:7$159'.
  Set init value: \timer = 5'00000
Found init rule in `\video_uart_rx.$proc$uart.v:6$158'.
  Set init value: \state = 2'00
Found init rule in `\video_uart_rx.$proc$uart.v:4$157'.
  Set init value: \sync = 1'1
Found init rule in `\video_uart_rx.$proc$uart.v:4$156'.
  Set init value: \meta = 1'1
Found init rule in `\video_uart_rx.$proc$uart.v:3$155'.
  Set init value: \bad_stop = 1'0
Found init rule in `\video_uart_rx.$proc$uart.v:3$154'.
  Set init value: \valid = 1'0
Found init rule in `\video_uart_rx.$proc$uart.v:2$153'.
  Set init value: \data = 8'00000000
Found init rule in `$paramod$0317fcdaf7a5d40e0aae50824c41a370b85b36dd\panel_scan.$proc$panel_scan.v:42$832'.
  Set init value: \rgb = 6'000000
Found init rule in `$paramod$0317fcdaf7a5d40e0aae50824c41a370b85b36dd\panel_scan.$proc$panel_scan.v:41$831'.
  Set init value: \tick_div = 8'00000000
Found init rule in `$paramod$0317fcdaf7a5d40e0aae50824c41a370b85b36dd\panel_scan.$proc$panel_scan.v:40$830'.
  Set init value: \scan_row = 6'000000
Found init rule in `$paramod$0317fcdaf7a5d40e0aae50824c41a370b85b36dd\panel_scan.$proc$panel_scan.v:39$829'.
  Set init value: \phase = 8'00000000
Found init rule in `$paramod$0317fcdaf7a5d40e0aae50824c41a370b85b36dd\panel_scan.$proc$panel_scan.v:38$828'.
  Set init value: \config_index = 5'00000
Found init rule in `$paramod$0317fcdaf7a5d40e0aae50824c41a370b85b36dd\panel_scan.$proc$panel_scan.v:37$827'.
  Set init value: \count = 16'0000000000000000
Found init rule in `$paramod$0317fcdaf7a5d40e0aae50824c41a370b85b36dd\panel_scan.$proc$panel_scan.v:36$826'.
  Set init value: \state = 4'0000
Found init rule in `$paramod$0317fcdaf7a5d40e0aae50824c41a370b85b36dd\panel_scan.$proc$panel_scan.v:29$825'.
  Set init value: \visible_uploads = 2'00
Found init rule in `$paramod$0317fcdaf7a5d40e0aae50824c41a370b85b36dd\panel_scan.$proc$panel_scan.v:28$824'.
  Set init value: \configured = 1'0
Found init rule in `$paramod$0317fcdaf7a5d40e0aae50824c41a370b85b36dd\panel_scan.$proc$panel_scan.v:27$823'.
  Set init value: \heartbeat = 27'000000000000000000000000000
Found init rule in `$paramod$0317fcdaf7a5d40e0aae50824c41a370b85b36dd\panel_scan.$proc$panel_scan.v:24$822'.
  Set init value: \A = 1'0
  Set init value: \B = 1'0
  Set init value: \C = 1'0
  Set init value: \LAT = 1'0
  Set init value: \SCLK = 1'0
  Set init value: \OE = 1'0
Found init rule in `$paramod$0317fcdaf7a5d40e0aae50824c41a370b85b36dd\panel_scan.$proc$panel_scan.v:18$821'.
  Set init value: \refresh_taken = 1'0
Found init rule in `\video.$proc$video.v:6$8'.
  Set init value: \divider = 2'00

6.3.5. Executing PROC_ARST pass (detect async resets in processes).

6.3.6. Executing PROC_ROM pass (convert switches to ROMs).
Converted 1 switch.
<suppressed ~68 debug messages>

6.3.7. Executing PROC_MUX pass (convert decision trees to multiplexers).
Creating decoders for process `\frame_protocol.$proc$frame_protocol.v:21$337'.
Creating decoders for process `\frame_protocol.$proc$frame_protocol.v:20$336'.
Creating decoders for process `\frame_protocol.$proc$frame_protocol.v:19$335'.
Creating decoders for process `\frame_protocol.$proc$frame_protocol.v:18$334'.
Creating decoders for process `\frame_protocol.$proc$frame_protocol.v:17$333'.
Creating decoders for process `\frame_protocol.$proc$frame_protocol.v:17$332'.
Creating decoders for process `\frame_protocol.$proc$frame_protocol.v:16$331'.
Creating decoders for process `\frame_protocol.$proc$frame_protocol.v:14$330'.
Creating decoders for process `\frame_protocol.$proc$frame_protocol.v:13$329'.
Creating decoders for process `\frame_protocol.$proc$frame_protocol.v:13$328'.
Creating decoders for process `\frame_protocol.$proc$frame_protocol.v:13$327'.
Creating decoders for process `\frame_protocol.$proc$frame_protocol.v:12$326'.
Creating decoders for process `\frame_protocol.$proc$frame_protocol.v:12$325'.
Creating decoders for process `\frame_protocol.$proc$frame_protocol.v:12$324'.
Creating decoders for process `\frame_protocol.$proc$frame_protocol.v:11$323'.
Creating decoders for process `\frame_protocol.$proc$frame_protocol.v:10$322'.
Creating decoders for process `\frame_protocol.$proc$frame_protocol.v:10$321'.
Creating decoders for process `\frame_protocol.$proc$frame_protocol.v:9$320'.
Creating decoders for process `\frame_protocol.$proc$frame_protocol.v:8$319'.
Creating decoders for process `\frame_protocol.$proc$frame_protocol.v:8$318'.
Creating decoders for process `\frame_protocol.$proc$frame_protocol.v:7$317'.
Creating decoders for process `\frame_protocol.$proc$frame_protocol.v:7$316'.
Creating decoders for process `\frame_protocol.$proc$frame_protocol.v:28$254'.
     1/23: $0\received_crc[15:0] [15:8]
     2/23: $0\received_crc[15:0] [7:0]
     3/23: $0\tx_start[0:0]
     4/23: $0\reply_xor[7:0]
     5/23: $0\reply_index[3:0]
     6/23: $0\status[7:0]
     7/23: $0\memory_bad[0:0]
     8/23: $0\accepted[0:0]
     9/23: $0\crc_steps[3:0]
    10/23: $0\last_crc[15:0]
    11/23: $0\idle_ticks[24:0]
    12/23: $0\crc[15:0]
    13/23: $0\last_sequence[7:0]
    14/23: $0\sequence[7:0]
    15/23: $0\command[7:0]
    16/23: $0\state[3:0]
    17/23: $0\write_address[12:0]
    18/23: $0\write_request[0:0]
    19/23: $0\refresh[0:0]
    20/23: $0\bank[0:0]
    21/23: $0\write_data[7:0]
    22/23: $0\tx_data[7:0]
    23/23: $0\offset[12:0]
Creating decoders for process `\frame_memory.$proc$frame_memory.v:19$233'.
Creating decoders for process `\frame_memory.$proc$frame_memory.v:19$232'.
Creating decoders for process `\frame_memory.$proc$frame_memory.v:18$231'.
Creating decoders for process `\frame_memory.$proc$frame_memory.v:17$230'.
Creating decoders for process `\frame_memory.$proc$frame_memory.v:17$229'.
Creating decoders for process `\frame_memory.$proc$frame_memory.v:16$228'.
Creating decoders for process `\frame_memory.$proc$frame_memory.v:16$227'.
Creating decoders for process `\frame_memory.$proc$frame_memory.v:15$226'.
Creating decoders for process `\frame_memory.$proc$frame_memory.v:20$234'.
Creating decoders for process `\frame_memory.$proc$frame_memory.v:12$224'.
Creating decoders for process `\frame_memory.$proc$frame_memory.v:11$223'.
Creating decoders for process `\frame_memory.$proc$frame_memory.v:9$222'.
Creating decoders for process `\frame_memory.$proc$frame_memory.v:9$221'.
Creating decoders for process `\frame_memory.$proc$frame_memory.v:8$220'.
Creating decoders for process `\frame_memory.$proc$frame_memory.v:7$219'.
Creating decoders for process `\frame_memory.$proc$frame_memory.v:7$218'.
Creating decoders for process `\frame_memory.$proc$frame_memory.v:6$217'.
Creating decoders for process `\frame_memory.$proc$frame_memory.v:4$216'.
Creating decoders for process `\frame_memory.$proc$frame_memory.v:24$182'.
     1/18: $1$lookahead\colors$181[47:0]$186
     2/18: $1$bitselwrite$pos$frame_memory.v:67$174[31:0]$185
     3/18: $0\write_error[0:0]
     4/18: $0\plane[2:0]
     5/18: $0\cache_bank[0:0]
     6/18: $0\cache_valid[0:0]
     7/18: $0\cache_address[9:0]
     8/18: $0\pending_data[7:0]
     9/18: $0\data_out[7:0]
    10/18: $0\drive[0:0]
    11/18: $0\boot_write[0:0]
    12/18: $0\boot_address[12:0]
    13/18: $0\state[4:0]
    14/18: $0\boot_error[0:0]
    15/18: $0\boot_done[0:0]
    16/18: $0\sram_oe_n[0:0]
    17/18: $0\sram_we_n[0:0]
    18/18: $0\sram_a[17:0]
Creating decoders for process `\frame_memory.$proc$frame_memory.v:14$175'.
Creating decoders for process `\video_uart_tx.$proc$uart.v:33$173'.
Creating decoders for process `\video_uart_tx.$proc$uart.v:32$172'.
Creating decoders for process `\video_uart_tx.$proc$uart.v:31$171'.
Creating decoders for process `\video_uart_tx.$proc$uart.v:30$170'.
Creating decoders for process `\video_uart_tx.$proc$uart.v:35$163'.
     1/4: $0\shift[9:0]
     2/4: $0\bit_index[3:0]
     3/4: $0\timer[4:0]
     4/4: $0\busy[0:0]
Creating decoders for process `\video_uart_rx.$proc$uart.v:9$161'.
Creating decoders for process `\video_uart_rx.$proc$uart.v:8$160'.
Creating decoders for process `\video_uart_rx.$proc$uart.v:7$159'.
Creating decoders for process `\video_uart_rx.$proc$uart.v:6$158'.
Creating decoders for process `\video_uart_rx.$proc$uart.v:4$157'.
Creating decoders for process `\video_uart_rx.$proc$uart.v:4$156'.
Creating decoders for process `\video_uart_rx.$proc$uart.v:3$155'.
Creating decoders for process `\video_uart_rx.$proc$uart.v:3$154'.
Creating decoders for process `\video_uart_rx.$proc$uart.v:2$153'.
Creating decoders for process `\video_uart_rx.$proc$uart.v:10$127'.
     1/10: $2$lookahead\shift$126[7:0]$138
     2/10: $2$bitselwrite$pos$uart.v:19$124[2:0]$137
     3/10: $1$lookahead\shift$126[7:0]$131
     4/10: $1$bitselwrite$pos$uart.v:19$124[2:0]$130
     5/10: $0\bad_stop[0:0]
     6/10: $0\valid[0:0]
     7/10: $0\bit_index[2:0]
     8/10: $0\timer[4:0]
     9/10: $0\state[1:0]
    10/10: $0\data[7:0]
Creating decoders for process `\video_uart_rx.$proc$uart.v:5$125'.
Creating decoders for process `$paramod$0317fcdaf7a5d40e0aae50824c41a370b85b36dd\panel_scan.$proc$panel_scan.v:42$832'.
Creating decoders for process `$paramod$0317fcdaf7a5d40e0aae50824c41a370b85b36dd\panel_scan.$proc$panel_scan.v:41$831'.
Creating decoders for process `$paramod$0317fcdaf7a5d40e0aae50824c41a370b85b36dd\panel_scan.$proc$panel_scan.v:40$830'.
Creating decoders for process `$paramod$0317fcdaf7a5d40e0aae50824c41a370b85b36dd\panel_scan.$proc$panel_scan.v:39$829'.
Creating decoders for process `$paramod$0317fcdaf7a5d40e0aae50824c41a370b85b36dd\panel_scan.$proc$panel_scan.v:38$828'.
Creating decoders for process `$paramod$0317fcdaf7a5d40e0aae50824c41a370b85b36dd\panel_scan.$proc$panel_scan.v:37$827'.
Creating decoders for process `$paramod$0317fcdaf7a5d40e0aae50824c41a370b85b36dd\panel_scan.$proc$panel_scan.v:36$826'.
Creating decoders for process `$paramod$0317fcdaf7a5d40e0aae50824c41a370b85b36dd\panel_scan.$proc$panel_scan.v:29$825'.
Creating decoders for process `$paramod$0317fcdaf7a5d40e0aae50824c41a370b85b36dd\panel_scan.$proc$panel_scan.v:28$824'.
Creating decoders for process `$paramod$0317fcdaf7a5d40e0aae50824c41a370b85b36dd\panel_scan.$proc$panel_scan.v:27$823'.
Creating decoders for process `$paramod$0317fcdaf7a5d40e0aae50824c41a370b85b36dd\panel_scan.$proc$panel_scan.v:24$822'.
Creating decoders for process `$paramod$0317fcdaf7a5d40e0aae50824c41a370b85b36dd\panel_scan.$proc$panel_scan.v:18$821'.
Creating decoders for process `$paramod$0317fcdaf7a5d40e0aae50824c41a370b85b36dd\panel_scan.$proc$panel_scan.v:163$759'.
     1/6: $0\C[0:0]
     2/6: $0\OE[0:0]
     3/6: $0\LAT[0:0]
     4/6: $0\B[0:0]
     5/6: $0\A[0:0]
     6/6: $0\rgb[5:0]
Creating decoders for process `$paramod$0317fcdaf7a5d40e0aae50824c41a370b85b36dd\panel_scan.$proc$panel_scan.v:111$727'.
     1/10: $0\tick_div[7:0]
     2/10: $0\refresh_taken[0:0]
     3/10: $0\scan_row[5:0]
     4/10: $0\phase[7:0]
     5/10: $0\config_index[4:0]
     6/10: $0\count[15:0]
     7/10: $0\state[3:0]
     8/10: $0\visible_uploads[1:0]
     9/10: $0\configured[0:0]
    10/10: $0\SCLK[0:0]
Creating decoders for process `$paramod$0317fcdaf7a5d40e0aae50824c41a370b85b36dd\panel_scan.$proc$panel_scan.v:87$726'.
     1/2: $1\word[15:0]
     2/2: $1\length[15:0]
Creating decoders for process `$paramod$0317fcdaf7a5d40e0aae50824c41a370b85b36dd\panel_scan.$proc$panel_scan.v:59$725'.
     1/1: $1\config_word[15:0]
Creating decoders for process `$paramod$0317fcdaf7a5d40e0aae50824c41a370b85b36dd\panel_scan.$proc$panel_scan.v:30$718'.
Creating decoders for process `\video.$proc$video.v:6$8'.
Creating decoders for process `\video.$proc$video.v:7$1'.

6.3.8. Executing PROC_DLATCH pass (convert process syncs to latches).
No latch inferred for signal `$paramod$0317fcdaf7a5d40e0aae50824c41a370b85b36dd\panel_scan.\word' from process `$paramod$0317fcdaf7a5d40e0aae50824c41a370b85b36dd\panel_scan.$proc$panel_scan.v:87$726'.
No latch inferred for signal `$paramod$0317fcdaf7a5d40e0aae50824c41a370b85b36dd\panel_scan.\length' from process `$paramod$0317fcdaf7a5d40e0aae50824c41a370b85b36dd\panel_scan.$proc$panel_scan.v:87$726'.
No latch inferred for signal `$paramod$0317fcdaf7a5d40e0aae50824c41a370b85b36dd\panel_scan.\config_word' from process `$paramod$0317fcdaf7a5d40e0aae50824c41a370b85b36dd\panel_scan.$proc$panel_scan.v:59$725'.

6.3.9. Executing PROC_DFF pass (convert process syncs to FFs).
Creating register for signal `\frame_protocol.\offset' using process `\frame_protocol.$proc$frame_protocol.v:28$254'.
  created $dff cell `$procdff$1771' with positive edge clock.
Creating register for signal `\frame_protocol.\tx_data' using process `\frame_protocol.$proc$frame_protocol.v:28$254'.
  created $dff cell `$procdff$1772' with positive edge clock.
Creating register for signal `\frame_protocol.\write_data' using process `\frame_protocol.$proc$frame_protocol.v:28$254'.
  created $dff cell `$procdff$1773' with positive edge clock.
Creating register for signal `\frame_protocol.\tx_start' using process `\frame_protocol.$proc$frame_protocol.v:28$254'.
  created $dff cell `$procdff$1774' with positive edge clock.
Creating register for signal `\frame_protocol.\bank' using process `\frame_protocol.$proc$frame_protocol.v:28$254'.
  created $dff cell `$procdff$1775' with positive edge clock.
Creating register for signal `\frame_protocol.\refresh' using process `\frame_protocol.$proc$frame_protocol.v:28$254'.
  created $dff cell `$procdff$1776' with positive edge clock.
Creating register for signal `\frame_protocol.\write_request' using process `\frame_protocol.$proc$frame_protocol.v:28$254'.
  created $dff cell `$procdff$1777' with positive edge clock.
Creating register for signal `\frame_protocol.\write_address' using process `\frame_protocol.$proc$frame_protocol.v:28$254'.
  created $dff cell `$procdff$1778' with positive edge clock.
Creating register for signal `\frame_protocol.\state' using process `\frame_protocol.$proc$frame_protocol.v:28$254'.
  created $dff cell `$procdff$1779' with positive edge clock.
Creating register for signal `\frame_protocol.\command' using process `\frame_protocol.$proc$frame_protocol.v:28$254'.
  created $dff cell `$procdff$1780' with positive edge clock.
Creating register for signal `\frame_protocol.\sequence' using process `\frame_protocol.$proc$frame_protocol.v:28$254'.
  created $dff cell `$procdff$1781' with positive edge clock.
Creating register for signal `\frame_protocol.\last_sequence' using process `\frame_protocol.$proc$frame_protocol.v:28$254'.
  created $dff cell `$procdff$1782' with positive edge clock.
Creating register for signal `\frame_protocol.\crc' using process `\frame_protocol.$proc$frame_protocol.v:28$254'.
  created $dff cell `$procdff$1783' with positive edge clock.
Creating register for signal `\frame_protocol.\received_crc' using process `\frame_protocol.$proc$frame_protocol.v:28$254'.
  created $dff cell `$procdff$1784' with positive edge clock.
Creating register for signal `\frame_protocol.\last_crc' using process `\frame_protocol.$proc$frame_protocol.v:28$254'.
  created $dff cell `$procdff$1785' with positive edge clock.
Creating register for signal `\frame_protocol.\crc_steps' using process `\frame_protocol.$proc$frame_protocol.v:28$254'.
  created $dff cell `$procdff$1786' with positive edge clock.
Creating register for signal `\frame_protocol.\accepted' using process `\frame_protocol.$proc$frame_protocol.v:28$254'.
  created $dff cell `$procdff$1787' with positive edge clock.
Creating register for signal `\frame_protocol.\memory_bad' using process `\frame_protocol.$proc$frame_protocol.v:28$254'.
  created $dff cell `$procdff$1788' with positive edge clock.
Creating register for signal `\frame_protocol.\idle_ticks' using process `\frame_protocol.$proc$frame_protocol.v:28$254'.
  created $dff cell `$procdff$1789' with positive edge clock.
Creating register for signal `\frame_protocol.\status' using process `\frame_protocol.$proc$frame_protocol.v:28$254'.
  created $dff cell `$procdff$1790' with positive edge clock.
Creating register for signal `\frame_protocol.\reply_index' using process `\frame_protocol.$proc$frame_protocol.v:28$254'.
  created $dff cell `$procdff$1791' with positive edge clock.
Creating register for signal `\frame_protocol.\reply_xor' using process `\frame_protocol.$proc$frame_protocol.v:28$254'.
  created $dff cell `$procdff$1792' with positive edge clock.
Creating register for signal `\frame_memory.\sram_a' using process `\frame_memory.$proc$frame_memory.v:24$182'.
  created $dff cell `$procdff$1793' with positive edge clock.
Creating register for signal `\frame_memory.\sram_we_n' using process `\frame_memory.$proc$frame_memory.v:24$182'.
  created $dff cell `$procdff$1794' with positive edge clock.
Creating register for signal `\frame_memory.\sram_oe_n' using process `\frame_memory.$proc$frame_memory.v:24$182'.
  created $dff cell `$procdff$1795' with positive edge clock.
Creating register for signal `\frame_memory.\boot_done' using process `\frame_memory.$proc$frame_memory.v:24$182'.
  created $dff cell `$procdff$1796' with positive edge clock.
Creating register for signal `\frame_memory.\boot_error' using process `\frame_memory.$proc$frame_memory.v:24$182'.
  created $dff cell `$procdff$1797' with positive edge clock.
Creating register for signal `\frame_memory.\write_error' using process `\frame_memory.$proc$frame_memory.v:24$182'.
  created $dff cell `$procdff$1798' with positive edge clock.
Creating register for signal `\frame_memory.\colors' using process `\frame_memory.$proc$frame_memory.v:24$182'.
  created $dff cell `$procdff$1799' with positive edge clock.
Creating register for signal `\frame_memory.\state' using process `\frame_memory.$proc$frame_memory.v:24$182'.
  created $dff cell `$procdff$1800' with positive edge clock.
Creating register for signal `\frame_memory.\boot_address' using process `\frame_memory.$proc$frame_memory.v:24$182'.
  created $dff cell `$procdff$1801' with positive edge clock.
Creating register for signal `\frame_memory.\boot_write' using process `\frame_memory.$proc$frame_memory.v:24$182'.
  created $dff cell `$procdff$1802' with positive edge clock.
Creating register for signal `\frame_memory.\drive' using process `\frame_memory.$proc$frame_memory.v:24$182'.
  created $dff cell `$procdff$1803' with positive edge clock.
Creating register for signal `\frame_memory.\data_out' using process `\frame_memory.$proc$frame_memory.v:24$182'.
  created $dff cell `$procdff$1804' with positive edge clock.
Creating register for signal `\frame_memory.\pending_data' using process `\frame_memory.$proc$frame_memory.v:24$182'.
  created $dff cell `$procdff$1805' with positive edge clock.
Creating register for signal `\frame_memory.\cache_address' using process `\frame_memory.$proc$frame_memory.v:24$182'.
  created $dff cell `$procdff$1806' with positive edge clock.
Creating register for signal `\frame_memory.\cache_valid' using process `\frame_memory.$proc$frame_memory.v:24$182'.
  created $dff cell `$procdff$1807' with positive edge clock.
Creating register for signal `\frame_memory.\cache_bank' using process `\frame_memory.$proc$frame_memory.v:24$182'.
  created $dff cell `$procdff$1808' with positive edge clock.
Creating register for signal `\frame_memory.\plane' using process `\frame_memory.$proc$frame_memory.v:24$182'.
  created $dff cell `$procdff$1809' with positive edge clock.
Creating register for signal `\frame_memory.$bitselwrite$pos$frame_memory.v:67$174' using process `\frame_memory.$proc$frame_memory.v:24$182'.
  created $dff cell `$procdff$1810' with positive edge clock.
Creating register for signal `\frame_memory.$lookahead\colors$181' using process `\frame_memory.$proc$frame_memory.v:24$182'.
  created $dff cell `$procdff$1811' with positive edge clock.
Creating register for signal `\frame_memory.\seed_data' using process `\frame_memory.$proc$frame_memory.v:14$175'.
  created $dff cell `$procdff$1812' with positive edge clock.
Creating register for signal `\video_uart_tx.\busy' using process `\video_uart_tx.$proc$uart.v:35$163'.
  created $dff cell `$procdff$1813' with positive edge clock.
Creating register for signal `\video_uart_tx.\timer' using process `\video_uart_tx.$proc$uart.v:35$163'.
  created $dff cell `$procdff$1814' with positive edge clock.
Creating register for signal `\video_uart_tx.\bit_index' using process `\video_uart_tx.$proc$uart.v:35$163'.
  created $dff cell `$procdff$1815' with positive edge clock.
Creating register for signal `\video_uart_tx.\shift' using process `\video_uart_tx.$proc$uart.v:35$163'.
  created $dff cell `$procdff$1816' with positive edge clock.
Creating register for signal `\video_uart_rx.\data' using process `\video_uart_rx.$proc$uart.v:10$127'.
  created $dff cell `$procdff$1817' with positive edge clock.
Creating register for signal `\video_uart_rx.\valid' using process `\video_uart_rx.$proc$uart.v:10$127'.
  created $dff cell `$procdff$1818' with positive edge clock.
Creating register for signal `\video_uart_rx.\bad_stop' using process `\video_uart_rx.$proc$uart.v:10$127'.
  created $dff cell `$procdff$1819' with positive edge clock.
Creating register for signal `\video_uart_rx.\state' using process `\video_uart_rx.$proc$uart.v:10$127'.
  created $dff cell `$procdff$1820' with positive edge clock.
Creating register for signal `\video_uart_rx.\timer' using process `\video_uart_rx.$proc$uart.v:10$127'.
  created $dff cell `$procdff$1821' with positive edge clock.
Creating register for signal `\video_uart_rx.\bit_index' using process `\video_uart_rx.$proc$uart.v:10$127'.
  created $dff cell `$procdff$1822' with positive edge clock.
Creating register for signal `\video_uart_rx.\shift' using process `\video_uart_rx.$proc$uart.v:10$127'.
  created $dff cell `$procdff$1823' with positive edge clock.
Creating register for signal `\video_uart_rx.$bitselwrite$pos$uart.v:19$124' using process `\video_uart_rx.$proc$uart.v:10$127'.
  created $dff cell `$procdff$1824' with positive edge clock.
Creating register for signal `\video_uart_rx.$lookahead\shift$126' using process `\video_uart_rx.$proc$uart.v:10$127'.
  created $dff cell `$procdff$1825' with positive edge clock.
Creating register for signal `\video_uart_rx.\meta' using process `\video_uart_rx.$proc$uart.v:5$125'.
  created $dff cell `$procdff$1826' with positive edge clock.
Creating register for signal `\video_uart_rx.\sync' using process `\video_uart_rx.$proc$uart.v:5$125'.
  created $dff cell `$procdff$1827' with positive edge clock.
Creating register for signal `$paramod$0317fcdaf7a5d40e0aae50824c41a370b85b36dd\panel_scan.\A' using process `$paramod$0317fcdaf7a5d40e0aae50824c41a370b85b36dd\panel_scan.$proc$panel_scan.v:163$759'.
  created $dff cell `$procdff$1828' with positive edge clock.
Creating register for signal `$paramod$0317fcdaf7a5d40e0aae50824c41a370b85b36dd\panel_scan.\B' using process `$paramod$0317fcdaf7a5d40e0aae50824c41a370b85b36dd\panel_scan.$proc$panel_scan.v:163$759'.
  created $dff cell `$procdff$1829' with positive edge clock.
Creating register for signal `$paramod$0317fcdaf7a5d40e0aae50824c41a370b85b36dd\panel_scan.\C' using process `$paramod$0317fcdaf7a5d40e0aae50824c41a370b85b36dd\panel_scan.$proc$panel_scan.v:163$759'.
  created $dff cell `$procdff$1830' with positive edge clock.
Creating register for signal `$paramod$0317fcdaf7a5d40e0aae50824c41a370b85b36dd\panel_scan.\LAT' using process `$paramod$0317fcdaf7a5d40e0aae50824c41a370b85b36dd\panel_scan.$proc$panel_scan.v:163$759'.
  created $dff cell `$procdff$1831' with positive edge clock.
Creating register for signal `$paramod$0317fcdaf7a5d40e0aae50824c41a370b85b36dd\panel_scan.\OE' using process `$paramod$0317fcdaf7a5d40e0aae50824c41a370b85b36dd\panel_scan.$proc$panel_scan.v:163$759'.
  created $dff cell `$procdff$1832' with positive edge clock.
Creating register for signal `$paramod$0317fcdaf7a5d40e0aae50824c41a370b85b36dd\panel_scan.\rgb' using process `$paramod$0317fcdaf7a5d40e0aae50824c41a370b85b36dd\panel_scan.$proc$panel_scan.v:163$759'.
  created $dff cell `$procdff$1833' with positive edge clock.
Creating register for signal `$paramod$0317fcdaf7a5d40e0aae50824c41a370b85b36dd\panel_scan.\SCLK' using process `$paramod$0317fcdaf7a5d40e0aae50824c41a370b85b36dd\panel_scan.$proc$panel_scan.v:111$727'.
  created $dff cell `$procdff$1834' with positive edge clock.
Creating register for signal `$paramod$0317fcdaf7a5d40e0aae50824c41a370b85b36dd\panel_scan.\refresh_taken' using process `$paramod$0317fcdaf7a5d40e0aae50824c41a370b85b36dd\panel_scan.$proc$panel_scan.v:111$727'.
  created $dff cell `$procdff$1835' with positive edge clock.
Creating register for signal `$paramod$0317fcdaf7a5d40e0aae50824c41a370b85b36dd\panel_scan.\configured' using process `$paramod$0317fcdaf7a5d40e0aae50824c41a370b85b36dd\panel_scan.$proc$panel_scan.v:111$727'.
  created $dff cell `$procdff$1836' with positive edge clock.
Creating register for signal `$paramod$0317fcdaf7a5d40e0aae50824c41a370b85b36dd\panel_scan.\visible_uploads' using process `$paramod$0317fcdaf7a5d40e0aae50824c41a370b85b36dd\panel_scan.$proc$panel_scan.v:111$727'.
  created $dff cell `$procdff$1837' with positive edge clock.
Creating register for signal `$paramod$0317fcdaf7a5d40e0aae50824c41a370b85b36dd\panel_scan.\state' using process `$paramod$0317fcdaf7a5d40e0aae50824c41a370b85b36dd\panel_scan.$proc$panel_scan.v:111$727'.
  created $dff cell `$procdff$1838' with positive edge clock.
Creating register for signal `$paramod$0317fcdaf7a5d40e0aae50824c41a370b85b36dd\panel_scan.\count' using process `$paramod$0317fcdaf7a5d40e0aae50824c41a370b85b36dd\panel_scan.$proc$panel_scan.v:111$727'.
  created $dff cell `$procdff$1839' with positive edge clock.
Creating register for signal `$paramod$0317fcdaf7a5d40e0aae50824c41a370b85b36dd\panel_scan.\config_index' using process `$paramod$0317fcdaf7a5d40e0aae50824c41a370b85b36dd\panel_scan.$proc$panel_scan.v:111$727'.
  created $dff cell `$procdff$1840' with positive edge clock.
Creating register for signal `$paramod$0317fcdaf7a5d40e0aae50824c41a370b85b36dd\panel_scan.\phase' using process `$paramod$0317fcdaf7a5d40e0aae50824c41a370b85b36dd\panel_scan.$proc$panel_scan.v:111$727'.
  created $dff cell `$procdff$1841' with positive edge clock.
Creating register for signal `$paramod$0317fcdaf7a5d40e0aae50824c41a370b85b36dd\panel_scan.\scan_row' using process `$paramod$0317fcdaf7a5d40e0aae50824c41a370b85b36dd\panel_scan.$proc$panel_scan.v:111$727'.
  created $dff cell `$procdff$1842' with positive edge clock.
Creating register for signal `$paramod$0317fcdaf7a5d40e0aae50824c41a370b85b36dd\panel_scan.\tick_div' using process `$paramod$0317fcdaf7a5d40e0aae50824c41a370b85b36dd\panel_scan.$proc$panel_scan.v:111$727'.
  created $dff cell `$procdff$1843' with positive edge clock.
Creating register for signal `$paramod$0317fcdaf7a5d40e0aae50824c41a370b85b36dd\panel_scan.\heartbeat' using process `$paramod$0317fcdaf7a5d40e0aae50824c41a370b85b36dd\panel_scan.$proc$panel_scan.v:30$718'.
  created $dff cell `$procdff$1844' with positive edge clock.
Creating register for signal `\video.\divider' using process `\video.$proc$video.v:7$1'.
  created $dff cell `$procdff$1845' with positive edge clock.

6.3.10. Executing PROC_MEMWR pass (convert process memory writes to cells).

6.3.11. Executing PROC_CLEAN pass (remove empty switches from decision trees).
Removing empty process `frame_protocol.$proc$frame_protocol.v:21$337'.
Removing empty process `frame_protocol.$proc$frame_protocol.v:20$336'.
Removing empty process `frame_protocol.$proc$frame_protocol.v:19$335'.
Removing empty process `frame_protocol.$proc$frame_protocol.v:18$334'.
Removing empty process `frame_protocol.$proc$frame_protocol.v:17$333'.
Removing empty process `frame_protocol.$proc$frame_protocol.v:17$332'.
Removing empty process `frame_protocol.$proc$frame_protocol.v:16$331'.
Removing empty process `frame_protocol.$proc$frame_protocol.v:14$330'.
Removing empty process `frame_protocol.$proc$frame_protocol.v:13$329'.
Removing empty process `frame_protocol.$proc$frame_protocol.v:13$328'.
Removing empty process `frame_protocol.$proc$frame_protocol.v:13$327'.
Removing empty process `frame_protocol.$proc$frame_protocol.v:12$326'.
Removing empty process `frame_protocol.$proc$frame_protocol.v:12$325'.
Removing empty process `frame_protocol.$proc$frame_protocol.v:12$324'.
Removing empty process `frame_protocol.$proc$frame_protocol.v:11$323'.
Removing empty process `frame_protocol.$proc$frame_protocol.v:10$322'.
Removing empty process `frame_protocol.$proc$frame_protocol.v:10$321'.
Removing empty process `frame_protocol.$proc$frame_protocol.v:9$320'.
Removing empty process `frame_protocol.$proc$frame_protocol.v:8$319'.
Removing empty process `frame_protocol.$proc$frame_protocol.v:8$318'.
Removing empty process `frame_protocol.$proc$frame_protocol.v:7$317'.
Removing empty process `frame_protocol.$proc$frame_protocol.v:7$316'.
Found and cleaned up 27 empty switches in `\frame_protocol.$proc$frame_protocol.v:28$254'.
Removing empty process `frame_protocol.$proc$frame_protocol.v:28$254'.
Removing empty process `frame_memory.$proc$frame_memory.v:19$233'.
Removing empty process `frame_memory.$proc$frame_memory.v:19$232'.
Removing empty process `frame_memory.$proc$frame_memory.v:18$231'.
Removing empty process `frame_memory.$proc$frame_memory.v:17$230'.
Removing empty process `frame_memory.$proc$frame_memory.v:17$229'.
Removing empty process `frame_memory.$proc$frame_memory.v:16$228'.
Removing empty process `frame_memory.$proc$frame_memory.v:16$227'.
Removing empty process `frame_memory.$proc$frame_memory.v:15$226'.
Removing empty process `frame_memory.$proc$frame_memory.v:20$234'.
Removing empty process `frame_memory.$proc$frame_memory.v:12$224'.
Removing empty process `frame_memory.$proc$frame_memory.v:11$223'.
Removing empty process `frame_memory.$proc$frame_memory.v:9$222'.
Removing empty process `frame_memory.$proc$frame_memory.v:9$221'.
Removing empty process `frame_memory.$proc$frame_memory.v:8$220'.
Removing empty process `frame_memory.$proc$frame_memory.v:7$219'.
Removing empty process `frame_memory.$proc$frame_memory.v:7$218'.
Removing empty process `frame_memory.$proc$frame_memory.v:6$217'.
Removing empty process `frame_memory.$proc$frame_memory.v:4$216'.
Found and cleaned up 9 empty switches in `\frame_memory.$proc$frame_memory.v:24$182'.
Removing empty process `frame_memory.$proc$frame_memory.v:24$182'.
Removing empty process `frame_memory.$proc$frame_memory.v:14$175'.
Removing empty process `video_uart_tx.$proc$uart.v:33$173'.
Removing empty process `video_uart_tx.$proc$uart.v:32$172'.
Removing empty process `video_uart_tx.$proc$uart.v:31$171'.
Removing empty process `video_uart_tx.$proc$uart.v:30$170'.
Found and cleaned up 4 empty switches in `\video_uart_tx.$proc$uart.v:35$163'.
Removing empty process `video_uart_tx.$proc$uart.v:35$163'.
Removing empty process `video_uart_rx.$proc$uart.v:9$161'.
Removing empty process `video_uart_rx.$proc$uart.v:8$160'.
Removing empty process `video_uart_rx.$proc$uart.v:7$159'.
Removing empty process `video_uart_rx.$proc$uart.v:6$158'.
Removing empty process `video_uart_rx.$proc$uart.v:4$157'.
Removing empty process `video_uart_rx.$proc$uart.v:4$156'.
Removing empty process `video_uart_rx.$proc$uart.v:3$155'.
Removing empty process `video_uart_rx.$proc$uart.v:3$154'.
Removing empty process `video_uart_rx.$proc$uart.v:2$153'.
Found and cleaned up 7 empty switches in `\video_uart_rx.$proc$uart.v:10$127'.
Removing empty process `video_uart_rx.$proc$uart.v:10$127'.
Removing empty process `video_uart_rx.$proc$uart.v:5$125'.
Removing empty process `$paramod$0317fcdaf7a5d40e0aae50824c41a370b85b36dd\panel_scan.$proc$panel_scan.v:42$832'.
Removing empty process `$paramod$0317fcdaf7a5d40e0aae50824c41a370b85b36dd\panel_scan.$proc$panel_scan.v:41$831'.
Removing empty process `$paramod$0317fcdaf7a5d40e0aae50824c41a370b85b36dd\panel_scan.$proc$panel_scan.v:40$830'.
Removing empty process `$paramod$0317fcdaf7a5d40e0aae50824c41a370b85b36dd\panel_scan.$proc$panel_scan.v:39$829'.
Removing empty process `$paramod$0317fcdaf7a5d40e0aae50824c41a370b85b36dd\panel_scan.$proc$panel_scan.v:38$828'.
Removing empty process `$paramod$0317fcdaf7a5d40e0aae50824c41a370b85b36dd\panel_scan.$proc$panel_scan.v:37$827'.
Removing empty process `$paramod$0317fcdaf7a5d40e0aae50824c41a370b85b36dd\panel_scan.$proc$panel_scan.v:36$826'.
Removing empty process `$paramod$0317fcdaf7a5d40e0aae50824c41a370b85b36dd\panel_scan.$proc$panel_scan.v:29$825'.
Removing empty process `$paramod$0317fcdaf7a5d40e0aae50824c41a370b85b36dd\panel_scan.$proc$panel_scan.v:28$824'.
Removing empty process `$paramod$0317fcdaf7a5d40e0aae50824c41a370b85b36dd\panel_scan.$proc$panel_scan.v:27$823'.
Removing empty process `$paramod$0317fcdaf7a5d40e0aae50824c41a370b85b36dd\panel_scan.$proc$panel_scan.v:24$822'.
Removing empty process `$paramod$0317fcdaf7a5d40e0aae50824c41a370b85b36dd\panel_scan.$proc$panel_scan.v:18$821'.
Found and cleaned up 4 empty switches in `$paramod$0317fcdaf7a5d40e0aae50824c41a370b85b36dd\panel_scan.$proc$panel_scan.v:163$759'.
Removing empty process `$paramod$0317fcdaf7a5d40e0aae50824c41a370b85b36dd\panel_scan.$proc$panel_scan.v:163$759'.
Found and cleaned up 15 empty switches in `$paramod$0317fcdaf7a5d40e0aae50824c41a370b85b36dd\panel_scan.$proc$panel_scan.v:111$727'.
Removing empty process `$paramod$0317fcdaf7a5d40e0aae50824c41a370b85b36dd\panel_scan.$proc$panel_scan.v:111$727'.
Found and cleaned up 2 empty switches in `$paramod$0317fcdaf7a5d40e0aae50824c41a370b85b36dd\panel_scan.$proc$panel_scan.v:87$726'.
Removing empty process `$paramod$0317fcdaf7a5d40e0aae50824c41a370b85b36dd\panel_scan.$proc$panel_scan.v:87$726'.
Found and cleaned up 1 empty switch in `$paramod$0317fcdaf7a5d40e0aae50824c41a370b85b36dd\panel_scan.$proc$panel_scan.v:59$725'.
Removing empty process `$paramod$0317fcdaf7a5d40e0aae50824c41a370b85b36dd\panel_scan.$proc$panel_scan.v:59$725'.
Removing empty process `$paramod$0317fcdaf7a5d40e0aae50824c41a370b85b36dd\panel_scan.$proc$panel_scan.v:30$718'.
Removing empty process `video.$proc$video.v:6$8'.
Removing empty process `video.$proc$video.v:7$1'.
Cleaned up 69 empty switches.

6.3.12. Executing OPT_EXPR pass (perform const folding).
Optimizing module frame_protocol.
<suppressed ~12 debug messages>
Optimizing module frame_memory.
<suppressed ~21 debug messages>
Optimizing module video_uart_tx.
<suppressed ~4 debug messages>
Optimizing module video_uart_rx.
<suppressed ~6 debug messages>
Optimizing module $paramod$0317fcdaf7a5d40e0aae50824c41a370b85b36dd\panel_scan.
<suppressed ~18 debug messages>
Optimizing module video.

6.4. Executing CHECK pass (checking for obvious problems).
Checking module frame_protocol...
Checking module frame_memory...
Checking module video_uart_tx...
Checking module video_uart_rx...
Checking module $paramod$0317fcdaf7a5d40e0aae50824c41a370b85b36dd\panel_scan...
Checking module video...
Found and reported 0 problems.

6.5. Executing FLATTEN pass (flatten design).
Deleting now unused module frame_protocol.
Deleting now unused module frame_memory.
Deleting now unused module video_uart_tx.
Deleting now unused module video_uart_rx.
Deleting now unused module $paramod$0317fcdaf7a5d40e0aae50824c41a370b85b36dd\panel_scan.
<suppressed ~5 debug messages>

6.6. Executing TRIBUF pass.

6.7. Executing DEMINOUT pass (demote inout ports to input or output).

6.8. Executing OPT_EXPR pass (perform const folding).
Optimizing module video.
<suppressed ~5 debug messages>

6.9. Executing CHECK pass (checking for obvious problems).
Checking module video...
Found and reported 0 problems.

6.10. Executing OPT_CLEAN pass (remove unused cells and wires).
Finding unused cells or wires in module \video..
Removed 20 unused cells and 443 unused wires.
<suppressed ~23 debug messages>

6.11. Executing OPT pass (performing simple optimizations).

6.11.1. Executing OPT_EXPR pass (perform const folding).
Optimizing module video.

6.11.2. Executing OPT_MERGE pass (detect identical cells).
Finding identical cells in module `\video'.
Computing hashes of 718 cells of `\video'.
Finding duplicate cells in `\video'.
Computing hashes of 602 cells of `\video'.
Finding duplicate cells in `\video'.
Computing hashes of 592 cells of `\video'.
Finding duplicate cells in `\video'.
<suppressed ~378 debug messages>
Removed a total of 126 cells.

6.11.3. Executing OPT_MUXTREE pass (detect dead branches in mux trees).
Running muxtree optimizer on module \video..
  Creating internal representation of mux trees.
  Evaluating internal representation of mux trees.
      Replacing known input bits on port B of cell $flatten\uart_tx.$procmux$1414: \uart_tx.busy -> 1'1
      Replacing known input bits on port A of cell $flatten\uart_tx.$procmux$1411: \uart_tx.busy -> 1'1
      Replacing known input bits on port A of cell $flatten\uart_tx.$procmux$1417: \uart_tx.busy -> 1'0
  Analyzing evaluation results.
    dead port 2/2 on $mux $flatten\uart_rx.$procmux$1425.
Removed 1 multiplexer ports.
<suppressed ~554 debug messages>

6.11.4. Executing OPT_REDUCE pass (consolidate $*mux and $reduce_* inputs).
  Optimizing cells in module \video.
    New ctrl vector for $pmux cell $flatten\memory.$procmux$1263: { $auto$opt_reduce.cc:137:opt_pmux$1852 $flatten\memory.$procmux$1254_CMP }
    New ctrl vector for $pmux cell $flatten\memory.$procmux$1349: { $auto$opt_reduce.cc:137:opt_pmux$1856 $auto$opt_reduce.cc:137:opt_pmux$1854 }
    New ctrl vector for $pmux cell $flatten\memory.$procmux$1364: { $auto$opt_reduce.cc:137:opt_pmux$1858 $flatten\memory.$procmux$1314_CMP }
    New ctrl vector for $pmux cell $flatten\uart_rx.$procmux$1433: { $auto$opt_reduce.cc:137:opt_pmux$1860 $flatten\uart_rx.$procmux$1426_CMP }
  Optimizing cells in module \video.
Performed a total of 4 changes.

6.11.5. Executing OPT_MERGE pass (detect identical cells).
Finding identical cells in module `\video'.
Computing hashes of 596 cells of `\video'.
Finding duplicate cells in `\video'.
Removed a total of 0 cells.

6.11.6. Executing OPT_DFF pass (perform DFF optimizations).

6.11.7. Executing OPT_CLEAN pass (remove unused cells and wires).
Finding unused cells or wires in module \video..
Removed 0 unused cells and 117 unused wires.
<suppressed ~1 debug messages>

6.11.8. Executing OPT_EXPR pass (perform const folding).
Optimizing module video.

6.11.9. Rerunning OPT passes. (Maybe there is more to do..)

6.11.10. Executing OPT_MUXTREE pass (detect dead branches in mux trees).
Running muxtree optimizer on module \video..
  Creating internal representation of mux trees.
  Evaluating internal representation of mux trees.
  Analyzing evaluation results.
Removed 0 multiplexer ports.
<suppressed ~553 debug messages>

6.11.11. Executing OPT_REDUCE pass (consolidate $*mux and $reduce_* inputs).
  Optimizing cells in module \video.
Performed a total of 0 changes.

6.11.12. Executing OPT_MERGE pass (detect identical cells).
Finding identical cells in module `\video'.
Computing hashes of 596 cells of `\video'.
Finding duplicate cells in `\video'.
Removed a total of 0 cells.

6.11.13. Executing OPT_DFF pass (perform DFF optimizations).

6.11.14. Executing OPT_CLEAN pass (remove unused cells and wires).
Finding unused cells or wires in module \video..

6.11.15. Executing OPT_EXPR pass (perform const folding).
Optimizing module video.

6.11.16. Finished fast OPT passes. (There is nothing left to do.)

6.12. Executing FSM pass (extract and optimize FSM).

6.12.1. Executing FSM_DETECT pass (finding FSMs in design).
Not marking video.protocol.state as FSM state register:
    Register has an initialization value.
Not marking video.protocol.status as FSM state register:
    Users of register don't seem to benefit from recoding.
    Register has an initialization value.
Not marking video.memory.state as FSM state register:
    Register has an initialization value.
Not marking video.uart_rx.state as FSM state register:
    Register has an initialization value.

6.12.2. Executing FSM_EXTRACT pass (extracting FSM from design).

6.12.3. Executing FSM_OPT pass (simple optimizations of FSMs).

6.12.4. Executing OPT_CLEAN pass (remove unused cells and wires).
Finding unused cells or wires in module \video..

6.12.5. Executing FSM_OPT pass (simple optimizations of FSMs).

6.12.6. Executing FSM_RECODE pass (re-assigning FSM state encoding).

6.12.7. Executing FSM_INFO pass (dumping all available information on FSM cells).

6.12.8. Executing FSM_MAP pass (mapping FSMs to basic logic).

6.13. Executing OPT pass (performing simple optimizations).

6.13.1. Executing OPT_EXPR pass (perform const folding).
Optimizing module video.

6.13.2. Executing OPT_MERGE pass (detect identical cells).
Finding identical cells in module `\video'.
Computing hashes of 596 cells of `\video'.
Finding duplicate cells in `\video'.
Removed a total of 0 cells.

6.13.3. Executing OPT_MUXTREE pass (detect dead branches in mux trees).
Running muxtree optimizer on module \video..
  Creating internal representation of mux trees.
  Evaluating internal representation of mux trees.
  Analyzing evaluation results.
Removed 0 multiplexer ports.
<suppressed ~553 debug messages>

6.13.4. Executing OPT_REDUCE pass (consolidate $*mux and $reduce_* inputs).
  Optimizing cells in module \video.
Performed a total of 0 changes.

6.13.5. Executing OPT_MERGE pass (detect identical cells).
Finding identical cells in module `\video'.
Computing hashes of 596 cells of `\video'.
Finding duplicate cells in `\video'.
Removed a total of 0 cells.

6.13.6. Executing OPT_DFF pass (perform DFF optimizations).
Adding EN signal on $flatten\protocol.$procdff$1792 ($dff) from module video (D = $flatten\protocol.$0\reply_xor[7:0], Q = \protocol.reply_xor).
Adding EN signal on $flatten\uart_rx.$procdff$1823 ($dff) from module video (D = $flatten\uart_rx.$0$lookahead\shift$126[7:0]$129, Q = \uart_rx.shift).
Adding EN signal on $flatten\uart_rx.$procdff$1822 ($dff) from module video (D = $flatten\uart_rx.$0\bit_index[2:0], Q = \uart_rx.bit_index).
Adding EN signal on $flatten\uart_rx.$procdff$1821 ($dff) from module video (D = $flatten\uart_rx.$0\timer[4:0], Q = \uart_rx.timer).
Adding EN signal on $flatten\uart_rx.$procdff$1820 ($dff) from module video (D = $flatten\uart_rx.$0\state[1:0], Q = \uart_rx.state).
Adding SRST signal on $flatten\uart_rx.$procdff$1819 ($dff) from module video (D = $flatten\uart_rx.$logic_not$uart.v:24$152_Y, Q = \uart_rx.bad_stop, rval = 1'0).
Adding SRST signal on $flatten\uart_rx.$procdff$1818 ($dff) from module video (D = \uart_rx.sync, Q = \uart_rx.valid, rval = 1'0).
Adding EN signal on $flatten\uart_rx.$procdff$1817 ($dff) from module video (D = \uart_rx.shift, Q = \uart_rx.data).
Adding EN signal on $flatten\uart_tx.$procdff$1816 ($dff) from module video (D = $flatten\uart_tx.$0\shift[9:0], Q = \uart_tx.shift).
Adding EN signal on $flatten\uart_tx.$procdff$1815 ($dff) from module video (D = $flatten\uart_tx.$0\bit_index[3:0], Q = \uart_tx.bit_index).
Adding EN signal on $flatten\uart_tx.$procdff$1814 ($dff) from module video (D = $flatten\uart_tx.$0\timer[4:0], Q = \uart_tx.timer).
Adding SRST signal on $flatten\protocol.$procdff$1790 ($dff) from module video (D = $flatten\protocol.$procmux$878_Y, Q = \protocol.status, rval = 8'00000000).
Adding EN signal on $auto$ff.cc:337:slice$1944 ($sdff) from module video (D = $flatten\protocol.$procmux$876_Y, Q = \protocol.status).
Adding SRST signal on $flatten\protocol.$procdff$1789 ($dff) from module video (D = $flatten\protocol.$add$frame_protocol.v:35$260_Y, Q = \protocol.idle_ticks, rval = 25'0000000000000000000000000).
Adding EN signal on $flatten\protocol.$procdff$1787 ($dff) from module video (D = $flatten\protocol.$logic_and$frame_protocol.v:77$309_Y, Q = \protocol.accepted).
Adding EN signal on $flatten\protocol.$procdff$1785 ($dff) from module video (D = \protocol.received_crc, Q = \protocol.last_crc).
Adding EN signal on $flatten\protocol.$procdff$1784 ($dff) from module video (D = \uart_rx.data, Q = \protocol.received_crc [15:8]).
Adding EN signal on $flatten\protocol.$procdff$1784 ($dff) from module video (D = \uart_rx.data, Q = \protocol.received_crc [7:0]).
Adding EN signal on $flatten\protocol.$procdff$1782 ($dff) from module video (D = \protocol.sequence, Q = \protocol.last_sequence).
Adding EN signal on $flatten\protocol.$procdff$1781 ($dff) from module video (D = \uart_rx.data, Q = \protocol.sequence).
Adding EN signal on $flatten\protocol.$procdff$1780 ($dff) from module video (D = \uart_rx.data, Q = \protocol.command).
Adding EN signal on $flatten\protocol.$procdff$1778 ($dff) from module video (D = \protocol.offset, Q = \protocol.write_address).
Adding SRST signal on $flatten\protocol.$procdff$1776 ($dff) from module video (D = $flatten\protocol.$procmux$1085_Y, Q = \protocol.refresh, rval = 1'0).
Adding EN signal on $auto$ff.cc:337:slice$1995 ($sdff) from module video (D = 1'1, Q = \protocol.refresh).
Adding EN signal on $flatten\protocol.$procdff$1775 ($dff) from module video (D = $flatten\memory.$not$frame_memory.v:32$188_Y, Q = \protocol.bank).
Adding EN signal on $flatten\protocol.$procdff$1773 ($dff) from module video (D = \uart_rx.data, Q = \protocol.write_data).
Adding EN signal on $flatten\protocol.$procdff$1772 ($dff) from module video (D = \protocol.next_reply, Q = \protocol.tx_data).
Adding EN signal on $flatten\protocol.$procdff$1771 ($dff) from module video (D = $flatten\protocol.$procmux$1121_Y, Q = \protocol.offset).
Adding EN signal on $flatten\memory.$procdff$1809 ($dff) from module video (D = $flatten\memory.$0\plane[2:0], Q = \memory.plane).
Adding EN signal on $flatten\memory.$procdff$1808 ($dff) from module video (D = \protocol.bank, Q = \memory.cache_bank).
Adding EN signal on $flatten\memory.$procdff$1807 ($dff) from module video (D = $flatten\memory.$0\cache_valid[0:0], Q = \memory.cache_valid).
Adding EN signal on $flatten\memory.$procdff$1806 ($dff) from module video (D = \scan.count [13:4], Q = \memory.cache_address).
Adding EN signal on $flatten\memory.$procdff$1805 ($dff) from module video (D = \protocol.write_data, Q = \memory.pending_data).
Adding EN signal on $flatten\memory.$procdff$1804 ($dff) from module video (D = $flatten\memory.$ternary$frame_memory.v:41$199_Y [7:0], Q = \memory.data_out).
Adding EN signal on $flatten\memory.$procdff$1803 ($dff) from module video (D = $flatten\memory.$0\drive[0:0], Q = \memory.drive).
Adding EN signal on $flatten\memory.$procdff$1802 ($dff) from module video (D = $flatten\memory.$procmux$1284_Y, Q = \memory.boot_write).
Adding SRST signal on $auto$ff.cc:337:slice$2072 ($dffe) from module video (D = $flatten\memory.$procmux$1281_Y, Q = \memory.boot_write, rval = 1'1).
Adding EN signal on $flatten\memory.$procdff$1801 ($dff) from module video (D = $flatten\memory.$add$frame_memory.v:60$202_Y, Q = \memory.boot_address).
Adding EN signal on $flatten\memory.$procdff$1800 ($dff) from module video (D = $flatten\memory.$0\state[4:0], Q = \memory.state).
Adding EN signal on $flatten\memory.$procdff$1799 ($dff) from module video (D = $flatten\memory.$or$frame_memory.v:67$211_Y, Q = \memory.colors).
Adding SRST signal on $flatten\memory.$procdff$1798 ($dff) from module video (D = $flatten\memory.$procmux$1138_Y, Q = \memory.write_error, rval = 1'0).
Adding EN signal on $flatten\memory.$procdff$1797 ($dff) from module video (D = 1'1, Q = \memory.boot_error).
Adding EN signal on $flatten\memory.$procdff$1796 ($dff) from module video (D = 1'1, Q = \memory.boot_done).
Adding EN signal on $flatten\memory.$procdff$1795 ($dff) from module video (D = $flatten\memory.$0\sram_oe_n[0:0], Q = \memory.sram_oe_n).
Adding EN signal on $flatten\memory.$procdff$1794 ($dff) from module video (D = $flatten\memory.$0\sram_we_n[0:0], Q = \memory.sram_we_n).
Adding EN signal on $flatten\memory.$procdff$1793 ($dff) from module video (D = $flatten\memory.$0\sram_a[17:0], Q = \memory.sram_a).
Adding SRST signal on $flatten\scan.$procdff$1843 ($dff) from module video (D = $flatten\scan.$add$panel_scan.v:159$758_Y, Q = \scan.tick_div, rval = 8'00000000).
Adding EN signal on $flatten\scan.$procdff$1842 ($dff) from module video (D = $flatten\scan.$procmux$1596_Y, Q = \scan.scan_row).
Adding EN signal on $flatten\scan.$procdff$1841 ($dff) from module video (D = $flatten\scan.$procmux$1622_Y, Q = \scan.phase).
Adding EN signal on $flatten\scan.$procdff$1840 ($dff) from module video (D = $flatten\scan.$procmux$1644_Y, Q = \scan.config_index).
Adding EN signal on $flatten\scan.$procdff$1839 ($dff) from module video (D = $flatten\scan.$procmux$1661_Y, Q = \scan.count).
Adding SRST signal on $auto$ff.cc:337:slice$2149 ($dffe) from module video (D = $flatten\scan.$add$panel_scan.v:148$749_Y, Q = \scan.count, rval = 16'0000000000000000).
Adding EN signal on $flatten\scan.$procdff$1838 ($dff) from module video (D = $flatten\scan.$procmux$1686_Y, Q = \scan.state).
Adding SRST signal on $auto$ff.cc:337:slice$2155 ($dffe) from module video (D = $flatten\scan.$procmux$1683_Y, Q = \scan.state, rval = 4'1011).
Adding EN signal on $flatten\scan.$procdff$1837 ($dff) from module video (D = $flatten\scan.$procmux$1709_Y, Q = \scan.visible_uploads).
Adding EN signal on $flatten\scan.$procdff$1836 ($dff) from module video (D = 1'1, Q = \scan.configured).
Adding SRST signal on $flatten\scan.$procdff$1835 ($dff) from module video (D = $flatten\scan.$procmux$1561_Y, Q = \scan.refresh_taken, rval = 1'0).
Adding SRST signal on $flatten\scan.$procdff$1834 ($dff) from module video (D = $flatten\scan.$procmux$1749_Y, Q = \scan.SCLK, rval = 1'0).
Adding EN signal on $auto$ff.cc:337:slice$2192 ($sdff) from module video (D = $flatten\scan.$procmux$1747_Y, Q = \scan.SCLK).
Adding EN signal on $flatten\scan.$procdff$1833 ($dff) from module video (D = $flatten\scan.$procmux$1546_Y, Q = \scan.rgb).
Adding EN signal on $flatten\scan.$procdff$1832 ($dff) from module video (D = $flatten\scan.$procmux$1519_Y, Q = \scan.OE).
Adding EN signal on $flatten\scan.$procdff$1831 ($dff) from module video (D = $flatten\scan.$procmux$1526_Y, Q = \scan.LAT).
Adding EN signal on $flatten\scan.$procdff$1830 ($dff) from module video (D = $flatten\scan.$procmux$1515_Y, Q = \scan.C).
Adding SRST signal on $auto$ff.cc:337:slice$2197 ($dffe) from module video (D = \scan.scan_row [2], Q = \scan.C, rval = 1'0).
Adding EN signal on $flatten\scan.$procdff$1829 ($dff) from module video (D = $flatten\scan.$procmux$1534_Y, Q = \scan.B).
Adding SRST signal on $auto$ff.cc:337:slice$2199 ($dffe) from module video (D = \scan.scan_row [1], Q = \scan.B, rval = 1'0).
Adding EN signal on $flatten\scan.$procdff$1828 ($dff) from module video (D = $flatten\scan.$procmux$1538_Y, Q = \scan.A).
Adding SRST signal on $auto$ff.cc:337:slice$2201 ($dffe) from module video (D = \scan.scan_row [0], Q = \scan.A, rval = 1'0).

6.13.7. Executing OPT_CLEAN pass (remove unused cells and wires).
Finding unused cells or wires in module \video..
Removed 133 unused cells and 132 unused wires.
<suppressed ~134 debug messages>

6.13.8. Executing OPT_EXPR pass (perform const folding).
Optimizing module video.
<suppressed ~21 debug messages>

6.13.9. Rerunning OPT passes. (Maybe there is more to do..)

6.13.10. Executing OPT_MUXTREE pass (detect dead branches in mux trees).
Running muxtree optimizer on module \video..
  Creating internal representation of mux trees.
  Evaluating internal representation of mux trees.
  Analyzing evaluation results.
Removed 0 multiplexer ports.
<suppressed ~391 debug messages>

6.13.11. Executing OPT_REDUCE pass (consolidate $*mux and $reduce_* inputs).
  Optimizing cells in module \video.
    New ctrl vector for $pmux cell $flatten\uart_rx.$procmux$1433: $flatten\uart_rx.$procmux$1426_CMP
  Optimizing cells in module \video.
Performed a total of 1 changes.

6.13.12. Executing OPT_MERGE pass (detect identical cells).
Finding identical cells in module `\video'.
Computing hashes of 601 cells of `\video'.
Finding duplicate cells in `\video'.
Computing hashes of 561 cells of `\video'.
Finding duplicate cells in `\video'.
Computing hashes of 555 cells of `\video'.
Finding duplicate cells in `\video'.
<suppressed ~138 debug messages>
Removed a total of 46 cells.

6.13.13. Executing OPT_DFF pass (perform DFF optimizations).

6.13.14. Executing OPT_CLEAN pass (remove unused cells and wires).
Finding unused cells or wires in module \video..
Removed 0 unused cells and 46 unused wires.
<suppressed ~1 debug messages>

6.13.15. Executing OPT_EXPR pass (perform const folding).
Optimizing module video.

6.13.16. Rerunning OPT passes. (Maybe there is more to do..)

6.13.17. Executing OPT_MUXTREE pass (detect dead branches in mux trees).
Running muxtree optimizer on module \video..
  Creating internal representation of mux trees.
  Evaluating internal representation of mux trees.
  Analyzing evaluation results.
Removed 0 multiplexer ports.
<suppressed ~391 debug messages>

6.13.18. Executing OPT_REDUCE pass (consolidate $*mux and $reduce_* inputs).
  Optimizing cells in module \video.
Performed a total of 0 changes.

6.13.19. Executing OPT_MERGE pass (detect identical cells).
Finding identical cells in module `\video'.
Computing hashes of 555 cells of `\video'.
Finding duplicate cells in `\video'.
Removed a total of 0 cells.

6.13.20. Executing OPT_DFF pass (perform DFF optimizations).

6.13.21. Executing OPT_CLEAN pass (remove unused cells and wires).
Finding unused cells or wires in module \video..

6.13.22. Executing OPT_EXPR pass (perform const folding).
Optimizing module video.

6.13.23. Finished fast OPT passes. (There is nothing left to do.)

6.14. Executing WREDUCE pass (reducing word size of cells).
Removed top 22 address bits (of 32) from memory init port video.$flatten\memory.$meminit$\seed$frame_memory.v:13$215 (memory.seed).
Removed top 27 address bits (of 32) from memory init port video.$flatten\scan.$auto$mem.cc:351:emit$836 ($flatten\scan.$auto$proc_rom.cc:155:do_switch$834).
Removed top 1 bits (of 2) from port B of cell video.$auto$simple.cc:194:make_patterns_logic$2053 ($ne).
Removed top 1 bits (of 2) from port B of cell video.$auto$simple.cc:194:make_patterns_logic$2039 ($ne).
Removed top 1 bits (of 2) from port B of cell video.$auto$simple.cc:194:make_patterns_logic$1905 ($ne).
Removed top 1 bits (of 2) from port B of cell video.$auto$simple.cc:194:make_patterns_logic$1892 ($ne).
Removed top 1 bits (of 2) from port B of cell video.$flatten\uart_rx.$procmux$1436_CMP0 ($eq).
Converting cell video.$flatten\uart_rx.$neg$uart.v:19$140 ($neg) from signed to unsigned.
Removed top 1 bits (of 4) from port A of cell video.$flatten\uart_rx.$neg$uart.v:19$140 ($neg).
Removed top 27 bits (of 32) from port B of cell video.$flatten\uart_rx.$add$uart.v:16$135 ($add).
Removed top 27 bits (of 32) from port Y of cell video.$flatten\uart_rx.$add$uart.v:16$135 ($add).
Removed top 30 bits (of 32) from port B of cell video.$flatten\uart_rx.$sub$uart.v:14$134 ($sub).
Removed top 27 bits (of 32) from port Y of cell video.$flatten\uart_rx.$sub$uart.v:14$134 ($sub).
Removed top 30 bits (of 32) from port B of cell video.$flatten\uart_rx.$gt$uart.v:14$133 ($gt).
Removed top 27 bits (of 32) from port B of cell video.$flatten\uart_tx.$add$uart.v:42$167 ($add).
Removed top 27 bits (of 32) from port Y of cell video.$flatten\uart_tx.$add$uart.v:42$167 ($add).
Removed top 30 bits (of 32) from port B of cell video.$flatten\uart_tx.$sub$uart.v:40$166 ($sub).
Removed top 27 bits (of 32) from port Y of cell video.$flatten\uart_tx.$sub$uart.v:40$166 ($sub).
Removed top 30 bits (of 32) from port B of cell video.$flatten\uart_tx.$gt$uart.v:40$165 ($gt).
Removed top 2 bits (of 4) from mux cell video.$flatten\protocol.$procmux$1038 ($mux).
Removed top 2 bits (of 4) from mux cell video.$flatten\protocol.$procmux$1002 ($mux).
Removed top 2 bits (of 4) from port B of cell video.$flatten\protocol.$procmux$982_CMP0 ($eq).
Removed top 3 bits (of 4) from port B of cell video.$flatten\protocol.$procmux$958_CMP0 ($eq).
Removed top 2 bits (of 4) from port B of cell video.$flatten\protocol.$procmux$895_CMP0 ($eq).
Removed top 1 bits (of 4) from port B of cell video.$flatten\protocol.$procmux$891_CMP0 ($eq).
Removed top 1 bits (of 4) from port B of cell video.$flatten\protocol.$procmux$843_CMP0 ($eq).
Removed top 1 bits (of 4) from port B of cell video.$flatten\protocol.$procmux$839_CMP0 ($eq).
Removed top 31 bits (of 32) from mux cell video.$flatten\protocol.$ternary$frame_protocol.v:81$311 ($mux).
Removed top 7 bits (of 8) from port B of cell video.$flatten\protocol.$eq$frame_protocol.v:81$310 ($eq).
Removed top 6 bits (of 8) from port B of cell video.$flatten\protocol.$eq$frame_protocol.v:75$305 ($eq).
Removed top 7 bits (of 8) from port B of cell video.$flatten\protocol.$eq$frame_protocol.v:75$304 ($eq).
Removed top 1 bits (of 8) from port B of cell video.$flatten\protocol.$ne$frame_protocol.v:74$303 ($ne).
Removed top 1 bits (of 8) from port B of cell video.$flatten\protocol.$eq$frame_protocol.v:73$302 ($eq).
Removed top 1 bits (of 8) from port B of cell video.$flatten\protocol.$eq$frame_protocol.v:72$301 ($eq).
Removed top 30 bits (of 32) from mux cell video.$flatten\protocol.$ternary$frame_protocol.v:45$270 ($mux).
Removed top 6 bits (of 8) from port B of cell video.$flatten\protocol.$eq$frame_protocol.v:45$269 ($eq).
Removed top 1 bits (of 4) from port B of cell video.$flatten\protocol.$eq$frame_protocol.v:41$263 ($eq).
Removed top 29 bits (of 32) from port B of cell video.$flatten\protocol.$le$frame_protocol.v:33$258 ($le).
Removed top 30 bits (of 32) from port B of cell video.$flatten\protocol.$ge$frame_protocol.v:33$257 ($ge).
Removed top 1 bits (of 4) from port B of cell video.$flatten\protocol.$eq$frame_protocol.v:27$245 ($eq).
Removed top 1 bits (of 4) from port B of cell video.$flatten\protocol.$eq$frame_protocol.v:26$244 ($eq).
Removed top 1 bits (of 4) from port B of cell video.$flatten\protocol.$eq$frame_protocol.v:26$243 ($eq).
Removed top 1 bits (of 4) from port B of cell video.$flatten\protocol.$eq$frame_protocol.v:25$242 ($eq).
Removed top 2 bits (of 4) from port B of cell video.$flatten\protocol.$eq$frame_protocol.v:25$241 ($eq).
Removed top 2 bits (of 4) from port B of cell video.$flatten\protocol.$eq$frame_protocol.v:24$240 ($eq).
Removed top 3 bits (of 4) from port B of cell video.$flatten\protocol.$eq$frame_protocol.v:24$239 ($eq).
Removed top 3 bits (of 16) from mux cell video.$flatten\protocol.$ternary$frame_protocol.v:15$236 ($mux).
Removed top 3 bits (of 5) from port B of cell video.$flatten\memory.$procmux$1314_CMP0 ($eq).
Removed top 3 bits (of 5) from port B of cell video.$flatten\memory.$procmux$1313_CMP0 ($eq).
Removed top 2 bits (of 5) from port B of cell video.$flatten\memory.$procmux$1312_CMP0 ($eq).
Removed top 2 bits (of 5) from port B of cell video.$flatten\memory.$procmux$1310_CMP0 ($eq).
Removed top 2 bits (of 5) from port B of cell video.$flatten\memory.$procmux$1309_CMP0 ($eq).
Removed top 1 bits (of 5) from port B of cell video.$flatten\memory.$procmux$1298_CMP0 ($eq).
Removed top 2 bits (of 5) from port B of cell video.$flatten\memory.$procmux$1264_CMP0 ($eq).
Removed top 4 bits (of 5) from port B of cell video.$flatten\memory.$procmux$1254_CMP0 ($eq).
Removed top 1 bits (of 5) from port B of cell video.$flatten\memory.$procmux$1143_CMP0 ($eq).
Removed top 2 bits (of 3) from port B of cell video.$flatten\memory.$add$frame_memory.v:72$214 ($add).
Removed top 26 bits (of 33) from port A of cell video.$flatten\memory.$neg$frame_memory.v:67$205 ($neg).
Converting cell video.$flatten\memory.$neg$frame_memory.v:67$205 ($neg) from signed to unsigned.
Removed top 1 bits (of 7) from port A of cell video.$flatten\memory.$neg$frame_memory.v:67$205 ($neg).
Removed top 24 bits (of 32) from mux cell video.$flatten\memory.$ternary$frame_memory.v:41$199 ($mux).
Removed top 24 bits (of 32) from mux cell video.$flatten\memory.$ternary$frame_memory.v:41$197 ($mux).
Removed top 3 bits (of 4) from mux cell video.$flatten\scan.$procmux$1678 ($mux).
Removed top 3 bits (of 4) from port B of cell video.$flatten\scan.$procmux$1530_CMP0 ($eq).
Removed top 2 bits (of 4) from port B of cell video.$flatten\scan.$procmux$1529_CMP0 ($eq).
Removed top 1 bits (of 4) from port B of cell video.$flatten\scan.$procmux$1528_CMP4 ($eq).
Removed top 1 bits (of 4) from port B of cell video.$flatten\scan.$procmux$1528_CMP3 ($eq).
Removed top 1 bits (of 4) from port B of cell video.$flatten\scan.$procmux$1528_CMP2 ($eq).
Removed top 1 bits (of 4) from port B of cell video.$flatten\scan.$procmux$1528_CMP1 ($eq).
Removed top 2 bits (of 4) from port B of cell video.$flatten\scan.$procmux$1528_CMP0 ($eq).
Removed top 29 bits (of 32) from port A of cell video.$flatten\scan.$sub$panel_scan.v:53$777 ($sub).
Removed top 28 bits (of 32) from port Y of cell video.$flatten\scan.$sub$panel_scan.v:53$777 ($sub).
Removed top 1 bits (of 4) from port B of cell video.$flatten\scan.$eq$panel_scan.v:52$773 ($eq).
Removed top 25 bits (of 32) from port B of cell video.$flatten\scan.$lt$panel_scan.v:179$768 ($lt).
Removed top 25 bits (of 32) from port B of cell video.$flatten\scan.$ge$panel_scan.v:179$767 ($ge).
Removed top 25 bits (of 32) from port B of cell video.$flatten\scan.$ge$panel_scan.v:175$766 ($ge).
Removed top 28 bits (of 32) from port A of cell video.$flatten\scan.$sub$panel_scan.v:174$764 ($sub).
Removed top 27 bits (of 32) from port Y of cell video.$flatten\scan.$sub$panel_scan.v:174$764 ($sub).
Removed top 28 bits (of 32) from port B of cell video.$flatten\scan.$lt$panel_scan.v:172$763 ($lt).
Removed top 28 bits (of 32) from port B of cell video.$flatten\scan.$lt$panel_scan.v:171$762 ($lt).
Removed top 30 bits (of 32) from port B of cell video.$flatten\scan.$lt$panel_scan.v:170$761 ($lt).
Removed top 3 bits (of 6) from port B of cell video.$flatten\scan.$eq$panel_scan.v:154$756 ($eq).
Removed top 1 bits (of 8) from port B of cell video.$flatten\scan.$eq$panel_scan.v:153$755 ($eq).
Removed top 1 bits (of 8) from port B of cell video.$flatten\scan.$eq$panel_scan.v:151$753 ($eq).
Removed top 30 bits (of 32) from port B of cell video.$flatten\scan.$lt$panel_scan.v:126$736 ($lt).
Removed top 31 bits (of 32) from port B of cell video.$flatten\scan.$sub$panel_scan.v:122$733 ($sub).
Removed top 15 bits (of 32) from port Y of cell video.$flatten\scan.$sub$panel_scan.v:122$733 ($sub).
Removed top 5 bits (of 8) from port B of cell video.$flatten\scan.$eq$panel_scan.v:116$729 ($eq).
Removed top 3 bits (of 16) from wire video.$flatten\protocol.$ternary$frame_protocol.v:15$236_Y.
Removed top 30 bits (of 32) from wire video.$flatten\protocol.$ternary$frame_protocol.v:45$270_Y.
Removed top 31 bits (of 32) from wire video.$flatten\protocol.$ternary$frame_protocol.v:81$311_Y.
Removed top 3 bits (of 4) from wire video.$flatten\scan.$procmux$1678_Y.
Removed top 2 bits (of 4) from wire video.$flatten\protocol.$procmux$1002_Y.
Removed top 2 bits (of 4) from wire video.$flatten\protocol.$procmux$1038_Y.
Removed top 27 bits (of 32) from wire video.$flatten\uart_tx.$sub$uart.v:40$166_Y.
Removed top 27 bits (of 32) from wire video.$flatten\uart_tx.$add$uart.v:42$167_Y.
Removed top 27 bits (of 32) from wire video.$flatten\uart_rx.$sub$uart.v:14$134_Y.
Removed top 27 bits (of 32) from wire video.$flatten\uart_rx.$add$uart.v:16$135_Y.
Removed top 24 bits (of 32) from wire video.$flatten\memory.$ternary$frame_memory.v:41$199_Y.
Removed top 24 bits (of 32) from wire video.$flatten\memory.$ternary$frame_memory.v:41$197_Y.

6.15. Executing PEEPOPT pass (run peephole optimizers).

6.16. Executing OPT_CLEAN pass (remove unused cells and wires).
Finding unused cells or wires in module \video..
Removed 0 unused cells and 12 unused wires.
<suppressed ~1 debug messages>

6.17. Executing SHARE pass (SAT-based resource sharing).

6.18. Executing TECHMAP pass (map to technology primitives).

6.18.1. Executing Verilog-2005 frontend: C:\oss-cad-suite\bin\../share/yosys/cmp2lut.v
Parsing Verilog input from `C:\oss-cad-suite\bin\../share/yosys/cmp2lut.v' to AST representation.
Generating RTLIL representation for module `\_90_lut_cmp_'.
Successfully finished Verilog frontend.

6.18.2. Continuing TECHMAP pass.
Using template $paramod$d9fe3c78d226ba57962535b417b388bce7b4dca1\_90_lut_cmp_ for cells of type $le.
Using template $paramod$bb3596e97c6b902bcd3ddf37d0931e845fce78b1\_90_lut_cmp_ for cells of type $ge.
Using template $paramod$95cc903f66ace9a14a4cfd768767dedcebc73225\_90_lut_cmp_ for cells of type $lt.
No more expansions possible.
<suppressed ~265 debug messages>

6.19. Executing OPT_EXPR pass (perform const folding).
Optimizing module video.

6.20. Executing OPT_CLEAN pass (remove unused cells and wires).
Finding unused cells or wires in module \video..
Removed 0 unused cells and 9 unused wires.
<suppressed ~1 debug messages>

6.21. Executing ALUMACC pass (create $alu and $macc cells).
Extracting $alu and $macc cells in module video:
  creating $macc model for $flatten\scan.$sub$panel_scan.v:53$777 ($sub).
  creating $macc model for $flatten\scan.$add$panel_scan.v:147$748 ($add).
  creating $macc model for $flatten\scan.$add$panel_scan.v:148$749 ($add).
  creating $macc model for $flatten\memory.$add$frame_memory.v:60$202 ($add).
  creating $macc model for $flatten\memory.$neg$frame_memory.v:67$205 ($neg).
  creating $macc model for $flatten\memory.$add$frame_memory.v:71$213 ($add).
  creating $macc model for $flatten\memory.$add$frame_memory.v:72$214 ($add).
  creating $macc model for $flatten\scan.$add$panel_scan.v:152$754 ($add).
  creating $macc model for $flatten\scan.$add$panel_scan.v:155$757 ($add).
  creating $macc model for $flatten\protocol.$sub$frame_protocol.v:32$256 ($sub).
  creating $macc model for $flatten\protocol.$add$frame_protocol.v:35$260 ($add).
  creating $macc model for $flatten\scan.$add$panel_scan.v:127$738 ($add).
  creating $macc model for $flatten\protocol.$add$frame_protocol.v:63$287 ($add).
  creating $macc model for $flatten\scan.$add$panel_scan.v:159$758 ($add).
  creating $macc model for $flatten\scan.$add$panel_scan.v:146$747 ($add).
  creating $macc model for $flatten\protocol.$add$frame_protocol.v:89$315 ($add).
  creating $macc model for $flatten\scan.$sub$panel_scan.v:174$764 ($sub).
  creating $macc model for $flatten\uart_tx.$sub$uart.v:40$166 ($sub).
  creating $macc model for $flatten\uart_tx.$add$uart.v:42$167 ($add).
  creating $macc model for $flatten\uart_tx.$add$uart.v:44$169 ($add).
  creating $macc model for $flatten\uart_rx.$sub$uart.v:14$134 ($sub).
  creating $macc model for $flatten\uart_rx.$add$uart.v:16$135 ($add).
  creating $macc model for $flatten\uart_rx.$neg$uart.v:19$140 ($neg).
  creating $macc model for $flatten\uart_rx.$add$uart.v:21$149 ($add).
  creating $macc model for $flatten\scan.$sub$panel_scan.v:122$733 ($sub).
  creating $macc model for $flatten\scan.$add$panel_scan.v:30$719 ($add).
  creating $macc model for $add$video.v:7$2 ($add).
  creating $alu model for $macc $add$video.v:7$2.
  creating $alu model for $macc $flatten\scan.$add$panel_scan.v:30$719.
  creating $alu model for $macc $flatten\scan.$sub$panel_scan.v:122$733.
  creating $alu model for $macc $flatten\uart_rx.$add$uart.v:21$149.
  creating $alu model for $macc $flatten\uart_rx.$neg$uart.v:19$140.
  creating $alu model for $macc $flatten\uart_rx.$add$uart.v:16$135.
  creating $alu model for $macc $flatten\uart_rx.$sub$uart.v:14$134.
  creating $alu model for $macc $flatten\uart_tx.$add$uart.v:44$169.
  creating $alu model for $macc $flatten\uart_tx.$add$uart.v:42$167.
  creating $alu model for $macc $flatten\uart_tx.$sub$uart.v:40$166.
  creating $alu model for $macc $flatten\scan.$sub$panel_scan.v:174$764.
  creating $alu model for $macc $flatten\protocol.$add$frame_protocol.v:89$315.
  creating $alu model for $macc $flatten\scan.$add$panel_scan.v:146$747.
  creating $alu model for $macc $flatten\scan.$add$panel_scan.v:159$758.
  creating $alu model for $macc $flatten\protocol.$add$frame_protocol.v:63$287.
  creating $alu model for $macc $flatten\scan.$add$panel_scan.v:127$738.
  creating $alu model for $macc $flatten\protocol.$add$frame_protocol.v:35$260.
  creating $alu model for $macc $flatten\protocol.$sub$frame_protocol.v:32$256.
  creating $alu model for $macc $flatten\scan.$add$panel_scan.v:155$757.
  creating $alu model for $macc $flatten\scan.$add$panel_scan.v:152$754.
  creating $alu model for $macc $flatten\memory.$add$frame_memory.v:72$214.
  creating $alu model for $macc $flatten\memory.$add$frame_memory.v:71$213.
  creating $alu model for $macc $flatten\memory.$neg$frame_memory.v:67$205.
  creating $alu model for $macc $flatten\memory.$add$frame_memory.v:60$202.
  creating $alu model for $macc $flatten\scan.$add$panel_scan.v:148$749.
  creating $alu model for $macc $flatten\scan.$add$panel_scan.v:147$748.
  creating $alu model for $macc $flatten\scan.$sub$panel_scan.v:53$777.
  creating $alu model for $flatten\scan.$lt$panel_scan.v:170$761 ($lt): new $alu
  creating $alu model for $flatten\scan.$lt$panel_scan.v:171$762 ($lt): new $alu
  creating $alu model for $flatten\scan.$lt$panel_scan.v:172$763 ($lt): new $alu
  creating $alu model for $flatten\uart_tx.$gt$uart.v:40$165 ($gt): merged with $flatten\uart_tx.$sub$uart.v:40$166.
  creating $alu model for $flatten\uart_rx.$gt$uart.v:14$133 ($gt): merged with $flatten\uart_rx.$sub$uart.v:14$134.
  creating $alu model for $flatten\scan.$ge$panel_scan.v:175$766 ($ge): new $alu
  creating $alu model for $flatten\scan.$ge$panel_scan.v:179$767 ($ge): new $alu
  creating $alu model for $flatten\scan.$lt$panel_scan.v:179$768 ($lt): new $alu
  creating $alu cell for $flatten\scan.$lt$panel_scan.v:179$768: $auto$alumacc.cc:548:replace_alu$2228
  creating $alu cell for $flatten\scan.$ge$panel_scan.v:179$767: $auto$alumacc.cc:548:replace_alu$2233
  creating $alu cell for $flatten\scan.$ge$panel_scan.v:175$766: $auto$alumacc.cc:548:replace_alu$2246
  creating $alu cell for $flatten\scan.$lt$panel_scan.v:172$763: $auto$alumacc.cc:548:replace_alu$2259
  creating $alu cell for $flatten\scan.$lt$panel_scan.v:171$762: $auto$alumacc.cc:548:replace_alu$2264
  creating $alu cell for $flatten\scan.$lt$panel_scan.v:170$761: $auto$alumacc.cc:548:replace_alu$2269
  creating $alu cell for $flatten\scan.$sub$panel_scan.v:53$777: $auto$alumacc.cc:548:replace_alu$2274
  creating $alu cell for $flatten\scan.$add$panel_scan.v:147$748: $auto$alumacc.cc:548:replace_alu$2277
  creating $alu cell for $flatten\scan.$add$panel_scan.v:148$749: $auto$alumacc.cc:548:replace_alu$2280
  creating $alu cell for $flatten\memory.$add$frame_memory.v:60$202: $auto$alumacc.cc:548:replace_alu$2283
  creating $alu cell for $flatten\memory.$neg$frame_memory.v:67$205: $auto$alumacc.cc:548:replace_alu$2286
  creating $alu cell for $flatten\memory.$add$frame_memory.v:71$213: $auto$alumacc.cc:548:replace_alu$2289
  creating $alu cell for $flatten\memory.$add$frame_memory.v:72$214: $auto$alumacc.cc:548:replace_alu$2292
  creating $alu cell for $flatten\scan.$add$panel_scan.v:152$754: $auto$alumacc.cc:548:replace_alu$2295
  creating $alu cell for $flatten\scan.$add$panel_scan.v:155$757: $auto$alumacc.cc:548:replace_alu$2298
  creating $alu cell for $flatten\protocol.$sub$frame_protocol.v:32$256: $auto$alumacc.cc:548:replace_alu$2301
  creating $alu cell for $flatten\protocol.$add$frame_protocol.v:35$260: $auto$alumacc.cc:548:replace_alu$2304
  creating $alu cell for $flatten\scan.$add$panel_scan.v:127$738: $auto$alumacc.cc:548:replace_alu$2307
  creating $alu cell for $flatten\protocol.$add$frame_protocol.v:63$287: $auto$alumacc.cc:548:replace_alu$2310
  creating $alu cell for $flatten\scan.$add$panel_scan.v:159$758: $auto$alumacc.cc:548:replace_alu$2313
  creating $alu cell for $flatten\scan.$add$panel_scan.v:146$747: $auto$alumacc.cc:548:replace_alu$2316
  creating $alu cell for $flatten\protocol.$add$frame_protocol.v:89$315: $auto$alumacc.cc:548:replace_alu$2319
  creating $alu cell for $flatten\scan.$sub$panel_scan.v:174$764: $auto$alumacc.cc:548:replace_alu$2322
  creating $alu cell for $flatten\uart_tx.$sub$uart.v:40$166, $flatten\uart_tx.$gt$uart.v:40$165: $auto$alumacc.cc:548:replace_alu$2325
  creating $alu cell for $flatten\uart_tx.$add$uart.v:42$167: $auto$alumacc.cc:548:replace_alu$2336
  creating $alu cell for $flatten\uart_tx.$add$uart.v:44$169: $auto$alumacc.cc:548:replace_alu$2339
  creating $alu cell for $flatten\uart_rx.$sub$uart.v:14$134, $flatten\uart_rx.$gt$uart.v:14$133: $auto$alumacc.cc:548:replace_alu$2342
  creating $alu cell for $flatten\uart_rx.$add$uart.v:16$135: $auto$alumacc.cc:548:replace_alu$2353
  creating $alu cell for $flatten\uart_rx.$neg$uart.v:19$140: $auto$alumacc.cc:548:replace_alu$2356
  creating $alu cell for $flatten\uart_rx.$add$uart.v:21$149: $auto$alumacc.cc:548:replace_alu$2359
  creating $alu cell for $flatten\scan.$sub$panel_scan.v:122$733: $auto$alumacc.cc:548:replace_alu$2362
  creating $alu cell for $flatten\scan.$add$panel_scan.v:30$719: $auto$alumacc.cc:548:replace_alu$2365
  creating $alu cell for $add$video.v:7$2: $auto$alumacc.cc:548:replace_alu$2368
  created 33 $alu and 0 $macc cells.

6.22. Executing OPT pass (performing simple optimizations).

6.22.1. Executing OPT_EXPR pass (perform const folding).
Optimizing module video.
<suppressed ~14 debug messages>

6.22.2. Executing OPT_MERGE pass (detect identical cells).
Finding identical cells in module `\video'.
Computing hashes of 574 cells of `\video'.
Finding duplicate cells in `\video'.
Computing hashes of 573 cells of `\video'.
Finding duplicate cells in `\video'.
<suppressed ~5 debug messages>
Removed a total of 1 cells.

6.22.3. Executing OPT_MUXTREE pass (detect dead branches in mux trees).
Running muxtree optimizer on module \video..
  Creating internal representation of mux trees.
  Evaluating internal representation of mux trees.
  Analyzing evaluation results.
Removed 0 multiplexer ports.
<suppressed ~391 debug messages>

6.22.4. Executing OPT_REDUCE pass (consolidate $*mux and $reduce_* inputs).
  Optimizing cells in module \video.
Performed a total of 0 changes.

6.22.5. Executing OPT_MERGE pass (detect identical cells).
Finding identical cells in module `\video'.
Computing hashes of 573 cells of `\video'.
Finding duplicate cells in `\video'.
Removed a total of 0 cells.

6.22.6. Executing OPT_DFF pass (perform DFF optimizations).

6.22.7. Executing OPT_CLEAN pass (remove unused cells and wires).
Finding unused cells or wires in module \video..
Removed 0 unused cells and 12 unused wires.
<suppressed ~1 debug messages>

6.22.8. Executing OPT_EXPR pass (perform const folding).
Optimizing module video.

6.22.9. Rerunning OPT passes. (Maybe there is more to do..)

6.22.10. Executing OPT_MUXTREE pass (detect dead branches in mux trees).
Running muxtree optimizer on module \video..
  Creating internal representation of mux trees.
  Evaluating internal representation of mux trees.
  Analyzing evaluation results.
Removed 0 multiplexer ports.
<suppressed ~391 debug messages>

6.22.11. Executing OPT_REDUCE pass (consolidate $*mux and $reduce_* inputs).
  Optimizing cells in module \video.
Performed a total of 0 changes.

6.22.12. Executing OPT_MERGE pass (detect identical cells).
Finding identical cells in module `\video'.
Computing hashes of 573 cells of `\video'.
Finding duplicate cells in `\video'.
Removed a total of 0 cells.

6.22.13. Executing OPT_DFF pass (perform DFF optimizations).

6.22.14. Executing OPT_CLEAN pass (remove unused cells and wires).
Finding unused cells or wires in module \video..

6.22.15. Executing OPT_EXPR pass (perform const folding).
Optimizing module video.

6.22.16. Finished fast OPT passes. (There is nothing left to do.)

6.23. Executing MEMORY pass.

6.23.1. Executing OPT_MEM pass (optimize memories).
video.$flatten\scan.$auto$proc_rom.cc:155:do_switch$834: removing const-0 lane 15
Performed a total of 1 transformations.

6.23.2. Executing OPT_MEM_PRIORITY pass (removing unnecessary memory write priority relations).
Performed a total of 0 transformations.

6.23.3. Executing OPT_MEM_FEEDBACK pass (finding memory read-to-write feedback paths).

6.23.4. Executing MEMORY_BMUX2ROM pass (converting muxes to ROMs).

6.23.5. Executing MEMORY_DFF pass (merging $dff cells to $memrd).
Checking read port `$flatten\scan.$auto$proc_rom.cc:155:do_switch$834'[0] in module `\video': no output FF found.
Checking read port `\memory.seed'[0] in module `\video': merging output FF to cell.
Checking read port address `$flatten\scan.$auto$proc_rom.cc:155:do_switch$834'[0] in module `\video': address FF has fully-defined init value, not supported.

6.23.6. Executing OPT_CLEAN pass (remove unused cells and wires).
Finding unused cells or wires in module \video..
Removed 1 unused cells and 7 unused wires.
<suppressed ~2 debug messages>

6.23.7. Executing MEMORY_SHARE pass (consolidating $memrd/$memwr cells).

6.23.8. Executing OPT_MEM_WIDEN pass (optimize memories where all ports are wide).
Performed a total of 0 transformations.

6.23.9. Executing OPT_CLEAN pass (remove unused cells and wires).
Finding unused cells or wires in module \video..

6.23.10. Executing MEMORY_COLLECT pass (generating $mem cells).

6.24. Executing OPT_CLEAN pass (remove unused cells and wires).
Finding unused cells or wires in module \video..

6.25. Executing MEMORY_LIBMAP pass (mapping memories to cells).
using FF mapping for memory video.$flatten\scan.$auto$proc_rom.cc:155:do_switch$834
mapping memory video.memory.seed via $__ICE40_RAM4K_
<suppressed ~69 debug messages>

6.26. Executing TECHMAP pass (map to technology primitives).

6.26.1. Executing Verilog-2005 frontend: C:\oss-cad-suite\bin\../share/yosys/ice40/brams_map.v
Parsing Verilog input from `C:\oss-cad-suite\bin\../share/yosys/ice40/brams_map.v' to AST representation.
Generating RTLIL representation for module `$__ICE40_RAM4K_'.
Successfully finished Verilog frontend.

6.26.2. Executing Verilog-2005 frontend: C:\oss-cad-suite\bin\../share/yosys/ice40/spram_map.v
Parsing Verilog input from `C:\oss-cad-suite\bin\../share/yosys/ice40/spram_map.v' to AST representation.
Generating RTLIL representation for module `$__ICE40_SPRAM_'.
Successfully finished Verilog frontend.

6.26.3. Continuing TECHMAP pass.
Using template $paramod$1be1a460a9d98e36f7471307a2a59f16c8c5053d$__ICE40_RAM4K_ for cells of type $__ICE40_RAM4K_.
Using template $paramod$def9d39a95bfad5be29ba196d97736affe2f19e7$__ICE40_RAM4K_ for cells of type $__ICE40_RAM4K_.
No more expansions possible.
<suppressed ~44 debug messages>

6.27. Executing ICE40_BRAMINIT pass.

6.28. Executing OPT pass (performing simple optimizations).

6.28.1. Executing OPT_EXPR pass (perform const folding).
Optimizing module video.
<suppressed ~104 debug messages>

6.28.2. Executing OPT_MERGE pass (detect identical cells).
Finding identical cells in module `\video'.
Computing hashes of 535 cells of `\video'.
Finding duplicate cells in `\video'.
Computing hashes of 528 cells of `\video'.
Finding duplicate cells in `\video'.
<suppressed ~21 debug messages>
Removed a total of 7 cells.

6.28.3. Executing OPT_DFF pass (perform DFF optimizations).
Adding SRST signal on $auto$ff.cc:337:slice$1861 ($dffe) from module video (D = $flatten\protocol.$xor$frame_protocol.v:61$285_Y, Q = \protocol.reply_xor, rval = 8'00000000).
Adding SRST signal on $auto$ff.cc:337:slice$1871 ($dffe) from module video (D = $flatten\uart_rx.$procmux$1458_Y, Q = \uart_rx.bit_index, rval = 3'000).
Adding EN signal on $auto$ff.cc:337:slice$1884 ($dffe) from module video (D = $flatten\uart_rx.$0\timer[4:0] [0], Q = \uart_rx.timer [0]).
Adding SRST signal on $auto$ff.cc:337:slice$1932 ($dffe) from module video (D = $flatten\uart_tx.$procmux$1395_Y, Q = \uart_tx.bit_index, rval = 4'0000).
Adding SRST signal on $auto$ff.cc:337:slice$1941 ($dffe) from module video (D = $flatten\uart_tx.$procmux$1403_Y, Q = \uart_tx.timer, rval = 5'11001).
Adding SRST signal on $auto$ff.cc:337:slice$2022 ($dffe) from module video (D = $flatten\protocol.$procmux$1119_Y, Q = \protocol.offset, rval = 13'0000000000000).
Adding SRST signal on $auto$ff.cc:337:slice$2029 ($dffe) from module video (D = $flatten\memory.$procmux$1146_Y, Q = \memory.plane, rval = 3'000).
Adding SRST signal on $auto$ff.cc:337:slice$2125 ($dffe) from module video (D = $flatten\scan.$add$panel_scan.v:152$754_Y, Q = \scan.phase, rval = 8'00000000).
Adding SRST signal on $auto$ff.cc:337:slice$2138 ($dffe) from module video (D = $flatten\scan.$procmux$1638_Y, Q = \scan.config_index, rval = 5'10101).
Adding SRST signal on $auto$ff.cc:337:slice$2161 ($dffe) from module video (D = $flatten\scan.$procmux$1707_Y, Q = \scan.visible_uploads, rval = 2'00).

6.28.4. Executing OPT_CLEAN pass (remove unused cells and wires).
Finding unused cells or wires in module \video..
Removed 11 unused cells and 113 unused wires.
<suppressed ~12 debug messages>

6.28.5. Rerunning OPT passes. (Removed registers in this run.)

6.28.6. Executing OPT_EXPR pass (perform const folding).
Optimizing module video.
<suppressed ~2 debug messages>

6.28.7. Executing OPT_MERGE pass (detect identical cells).
Finding identical cells in module `\video'.
Computing hashes of 521 cells of `\video'.
Finding duplicate cells in `\video'.
Computing hashes of 520 cells of `\video'.
Finding duplicate cells in `\video'.
<suppressed ~3 debug messages>
Removed a total of 1 cells.

6.28.8. Executing OPT_DFF pass (perform DFF optimizations).
Adding SRST signal on $auto$ff.cc:337:slice$1925 ($dffe) from module video (D = \uart_tx.shift [1], Q = \uart_tx.shift [0], rval = 1'0).
Adding SRST signal on $auto$ff.cc:337:slice$2106 ($dffe) from module video (D = $flatten\memory.$procmux$1377_Y [17:14], Q = \memory.sram_a [17:14], rval = 4'0000).
Adding SRST signal on $auto$ff.cc:337:slice$2501 ($sdffce) from module video (D = { $flatten\scan.$add$panel_scan.v:146$747_Y [3] $flatten\scan.$add$panel_scan.v:146$747_Y [1] }, Q = { \scan.config_index [3] \scan.config_index [1] }, rval = 2'00).

6.28.9. Executing OPT_CLEAN pass (remove unused cells and wires).
Finding unused cells or wires in module \video..
Removed 0 unused cells and 2 unused wires.
<suppressed ~1 debug messages>

6.28.10. Rerunning OPT passes. (Removed registers in this run.)

6.28.11. Executing OPT_EXPR pass (perform const folding).
Optimizing module video.

6.28.12. Executing OPT_MERGE pass (detect identical cells).
Finding identical cells in module `\video'.
Computing hashes of 526 cells of `\video'.
Finding duplicate cells in `\video'.
Removed a total of 0 cells.

6.28.13. Executing OPT_DFF pass (perform DFF optimizations).

6.28.14. Executing OPT_CLEAN pass (remove unused cells and wires).
Finding unused cells or wires in module \video..

6.28.15. Finished fast OPT passes.

6.29. Executing MEMORY_MAP pass (converting memories to logic and flip-flops).
Mapping memory $flatten\scan.$auto$proc_rom.cc:155:do_switch$834 in module \video:
  created 32 $dff cells and 0 static cells of width 15.
  read interface: 0 $dff and 31 $mux cells.
  write interface: 0 write mux blocks.

6.30. Executing OPT pass (performing simple optimizations).

6.30.1. Executing OPT_EXPR pass (perform const folding).
Optimizing module video.
<suppressed ~8 debug messages>

6.30.2. Executing OPT_MERGE pass (detect identical cells).
Finding identical cells in module `\video'.
Computing hashes of 548 cells of `\video'.
Finding duplicate cells in `\video'.
Removed a total of 0 cells.

6.30.3. Executing OPT_MUXTREE pass (detect dead branches in mux trees).
Running muxtree optimizer on module \video..
  Creating internal representation of mux trees.
  Evaluating internal representation of mux trees.
  Analyzing evaluation results.
Removed 0 multiplexer ports.
<suppressed ~343 debug messages>

6.30.4. Executing OPT_REDUCE pass (consolidate $*mux and $reduce_* inputs).
  Optimizing cells in module \video.
    New input vector for $reduce_and cell $auto$simple.cc:211:make_patterns_logic$2490: { $auto$simple.cc:193:make_patterns_logic$1885 $auto$simple.cc:193:make_patterns_logic$1887 $auto$simple.cc:193:make_patterns_logic$1889 $auto$simple.cc:193:make_patterns_logic$1891 $auto$rtlil.cc:3234:Not$1912 }
    Consolidated identical input bits for $mux cell $memory$flatten\scan.$auto$proc_rom.cc:155:do_switch$834$rdmux[0][4][6]$2578:
      Old ports: A=15'001000100100111, B=15'001100000000000, Y=$memory$flatten\scan.$auto$proc_rom.cc:155:do_switch$834$rdmux[0][3][3]$a$2546
      New ports: A=2'01, B=2'10, Y={ $memory$flatten\scan.$auto$proc_rom.cc:155:do_switch$834$rdmux[0][3][3]$a$2546 [11] $memory$flatten\scan.$auto$proc_rom.cc:155:do_switch$834$rdmux[0][3][3]$a$2546 [0] }
      New connections: { $memory$flatten\scan.$auto$proc_rom.cc:155:do_switch$834$rdmux[0][3][3]$a$2546 [14:12] $memory$flatten\scan.$auto$proc_rom.cc:155:do_switch$834$rdmux[0][3][3]$a$2546 [10:1] } = { 5'00100 $memory$flatten\scan.$auto$proc_rom.cc:155:do_switch$834$rdmux[0][3][3]$a$2546 [0] 2'00 $memory$flatten\scan.$auto$proc_rom.cc:155:do_switch$834$rdmux[0][3][3]$a$2546 [0] 2'00 $memory$flatten\scan.$auto$proc_rom.cc:155:do_switch$834$rdmux[0][3][3]$a$2546 [0] $memory$flatten\scan.$auto$proc_rom.cc:155:do_switch$834$rdmux[0][3][3]$a$2546 [0] }
    Consolidated identical input bits for $mux cell $memory$flatten\scan.$auto$proc_rom.cc:155:do_switch$834$rdmux[0][4][5]$2575:
      Old ports: A=15'000111100000001, B=15'001000001000000, Y=$memory$flatten\scan.$auto$proc_rom.cc:155:do_switch$834$rdmux[0][3][2]$b$2544
      New ports: A=2'01, B=2'10, Y={ $memory$flatten\scan.$auto$proc_rom.cc:155:do_switch$834$rdmux[0][3][2]$b$2544 [6] $memory$flatten\scan.$auto$proc_rom.cc:155:do_switch$834$rdmux[0][3][2]$b$2544 [0] }
      New connections: { $memory$flatten\scan.$auto$proc_rom.cc:155:do_switch$834$rdmux[0][3][2]$b$2544 [14:7] $memory$flatten\scan.$auto$proc_rom.cc:155:do_switch$834$rdmux[0][3][2]$b$2544 [5:1] } = { 2'00 $memory$flatten\scan.$auto$proc_rom.cc:155:do_switch$834$rdmux[0][3][2]$b$2544 [6] $memory$flatten\scan.$auto$proc_rom.cc:155:do_switch$834$rdmux[0][3][2]$b$2544 [0] $memory$flatten\scan.$auto$proc_rom.cc:155:do_switch$834$rdmux[0][3][2]$b$2544 [0] $memory$flatten\scan.$auto$proc_rom.cc:155:do_switch$834$rdmux[0][3][2]$b$2544 [0] $memory$flatten\scan.$auto$proc_rom.cc:155:do_switch$834$rdmux[0][3][2]$b$2544 [0] 6'000000 }
    Consolidated identical input bits for $mux cell $memory$flatten\scan.$auto$proc_rom.cc:155:do_switch$834$rdmux[0][4][4]$2572:
      Old ports: A=15'000110100000001, B=15'000111010000110, Y=$memory$flatten\scan.$auto$proc_rom.cc:155:do_switch$834$rdmux[0][3][2]$a$2543
      New ports: A=2'01, B=2'10, Y=$memory$flatten\scan.$auto$proc_rom.cc:155:do_switch$834$rdmux[0][3][2]$a$2543 [1:0]
      New connections: $memory$flatten\scan.$auto$proc_rom.cc:155:do_switch$834$rdmux[0][3][2]$a$2543 [14:2] = { 5'00011 $memory$flatten\scan.$auto$proc_rom.cc:155:do_switch$834$rdmux[0][3][2]$a$2543 [1:0] $memory$flatten\scan.$auto$proc_rom.cc:155:do_switch$834$rdmux[0][3][2]$a$2543 [1] 4'0000 $memory$flatten\scan.$auto$proc_rom.cc:155:do_switch$834$rdmux[0][3][2]$a$2543 [1] }
    Consolidated identical input bits for $mux cell $memory$flatten\scan.$auto$proc_rom.cc:155:do_switch$834$rdmux[0][4][3]$2569:
      Old ports: A=15'000011100100000, B=15'000110000011000, Y=$memory$flatten\scan.$auto$proc_rom.cc:155:do_switch$834$rdmux[0][3][1]$b$2541
      New ports: A=2'10, B=2'01, Y={ $memory$flatten\scan.$auto$proc_rom.cc:155:do_switch$834$rdmux[0][3][1]$b$2541 [5] $memory$flatten\scan.$auto$proc_rom.cc:155:do_switch$834$rdmux[0][3][1]$b$2541 [3] }
      New connections: { $memory$flatten\scan.$auto$proc_rom.cc:155:do_switch$834$rdmux[0][3][1]$b$2541 [14:6] $memory$flatten\scan.$auto$proc_rom.cc:155:do_switch$834$rdmux[0][3][1]$b$2541 [4] $memory$flatten\scan.$auto$proc_rom.cc:155:do_switch$834$rdmux[0][3][1]$b$2541 [2:0] } = { 3'000 $memory$flatten\scan.$auto$proc_rom.cc:155:do_switch$834$rdmux[0][3][1]$b$2541 [3] 1'1 $memory$flatten\scan.$auto$proc_rom.cc:155:do_switch$834$rdmux[0][3][1]$b$2541 [5] $memory$flatten\scan.$auto$proc_rom.cc:155:do_switch$834$rdmux[0][3][1]$b$2541 [5] 2'00 $memory$flatten\scan.$auto$proc_rom.cc:155:do_switch$834$rdmux[0][3][1]$b$2541 [3] 3'000 }
    Consolidated identical input bits for $mux cell $memory$flatten\scan.$auto$proc_rom.cc:155:do_switch$834$rdmux[0][4][2]$2566:
      Old ports: A=15'000010100000000, B=15'000011000000001, Y=$memory$flatten\scan.$auto$proc_rom.cc:155:do_switch$834$rdmux[0][3][1]$a$2540
      New ports: A=2'10, B=2'01, Y={ $memory$flatten\scan.$auto$proc_rom.cc:155:do_switch$834$rdmux[0][3][1]$a$2540 [8] $memory$flatten\scan.$auto$proc_rom.cc:155:do_switch$834$rdmux[0][3][1]$a$2540 [0] }
      New connections: { $memory$flatten\scan.$auto$proc_rom.cc:155:do_switch$834$rdmux[0][3][1]$a$2540 [14:9] $memory$flatten\scan.$auto$proc_rom.cc:155:do_switch$834$rdmux[0][3][1]$a$2540 [7:1] } = { 5'00001 $memory$flatten\scan.$auto$proc_rom.cc:155:do_switch$834$rdmux[0][3][1]$a$2540 [0] 7'0000000 }
    Consolidated identical input bits for $mux cell $memory$flatten\scan.$auto$proc_rom.cc:155:do_switch$834$rdmux[0][4][1]$2563:
      Old ports: A=15'000001100110101, B=15'000010000010010, Y=$memory$flatten\scan.$auto$proc_rom.cc:155:do_switch$834$rdmux[0][3][0]$b$2538
      New ports: A=2'01, B=2'10, Y=$memory$flatten\scan.$auto$proc_rom.cc:155:do_switch$834$rdmux[0][3][0]$b$2538 [1:0]
      New connections: $memory$flatten\scan.$auto$proc_rom.cc:155:do_switch$834$rdmux[0][3][0]$b$2538 [14:2] = { 4'0000 $memory$flatten\scan.$auto$proc_rom.cc:155:do_switch$834$rdmux[0][3][0]$b$2538 [1:0] $memory$flatten\scan.$auto$proc_rom.cc:155:do_switch$834$rdmux[0][3][0]$b$2538 [0] 2'00 $memory$flatten\scan.$auto$proc_rom.cc:155:do_switch$834$rdmux[0][3][0]$b$2538 [0] 2'10 $memory$flatten\scan.$auto$proc_rom.cc:155:do_switch$834$rdmux[0][3][0]$b$2538 [0] }
    Consolidated identical input bits for $mux cell $memory$flatten\scan.$auto$proc_rom.cc:155:do_switch$834$rdmux[0][4][0]$2560:
      Old ports: A=15'000000000000000, B=15'000001000000111, Y=$memory$flatten\scan.$auto$proc_rom.cc:155:do_switch$834$rdmux[0][3][0]$a$2537
      New ports: A=1'0, B=1'1, Y=$memory$flatten\scan.$auto$proc_rom.cc:155:do_switch$834$rdmux[0][3][0]$a$2537 [0]
      New connections: $memory$flatten\scan.$auto$proc_rom.cc:155:do_switch$834$rdmux[0][3][0]$a$2537 [14:1] = { 5'00000 $memory$flatten\scan.$auto$proc_rom.cc:155:do_switch$834$rdmux[0][3][0]$a$2537 [0] 6'000000 $memory$flatten\scan.$auto$proc_rom.cc:155:do_switch$834$rdmux[0][3][0]$a$2537 [0] $memory$flatten\scan.$auto$proc_rom.cc:155:do_switch$834$rdmux[0][3][0]$a$2537 [0] }
    Consolidated identical input bits for $mux cell $memory$flatten\scan.$auto$proc_rom.cc:155:do_switch$834$rdmux[0][4][9]$2587:
      Old ports: A=15'010000000000000, B=15'010000100000000, Y=$memory$flatten\scan.$auto$proc_rom.cc:155:do_switch$834$rdmux[0][3][4]$b$2550
      New ports: A=1'0, B=1'1, Y=$memory$flatten\scan.$auto$proc_rom.cc:155:do_switch$834$rdmux[0][3][4]$b$2550 [8]
      New connections: { $memory$flatten\scan.$auto$proc_rom.cc:155:do_switch$834$rdmux[0][3][4]$b$2550 [14:9] $memory$flatten\scan.$auto$proc_rom.cc:155:do_switch$834$rdmux[0][3][4]$b$2550 [7:0] } = 14'01000000000000
    Consolidated identical input bits for $mux cell $memory$flatten\scan.$auto$proc_rom.cc:155:do_switch$834$rdmux[0][4][8]$2584:
      Old ports: A=15'001110111001010, B=15'001111001110011, Y=$memory$flatten\scan.$auto$proc_rom.cc:155:do_switch$834$rdmux[0][3][4]$a$2549
      New ports: A=2'10, B=2'01, Y={ $memory$flatten\scan.$auto$proc_rom.cc:155:do_switch$834$rdmux[0][3][4]$a$2549 [3] $memory$flatten\scan.$auto$proc_rom.cc:155:do_switch$834$rdmux[0][3][4]$a$2549 [0] }
      New connections: { $memory$flatten\scan.$auto$proc_rom.cc:155:do_switch$834$rdmux[0][3][4]$a$2549 [14:4] $memory$flatten\scan.$auto$proc_rom.cc:155:do_switch$834$rdmux[0][3][4]$a$2549 [2:1] } = { 5'00111 $memory$flatten\scan.$auto$proc_rom.cc:155:do_switch$834$rdmux[0][3][4]$a$2549 [0] $memory$flatten\scan.$auto$proc_rom.cc:155:do_switch$834$rdmux[0][3][4]$a$2549 [3] $memory$flatten\scan.$auto$proc_rom.cc:155:do_switch$834$rdmux[0][3][4]$a$2549 [3] 1'1 $memory$flatten\scan.$auto$proc_rom.cc:155:do_switch$834$rdmux[0][3][4]$a$2549 [0] $memory$flatten\scan.$auto$proc_rom.cc:155:do_switch$834$rdmux[0][3][4]$a$2549 [0] 2'01 }
    Consolidated identical input bits for $mux cell $memory$flatten\scan.$auto$proc_rom.cc:155:do_switch$834$rdmux[0][4][7]$2581:
      Old ports: A=15'001100100000110, B=15'001110001100000, Y=$memory$flatten\scan.$auto$proc_rom.cc:155:do_switch$834$rdmux[0][3][3]$b$2547
      New ports: A=2'01, B=2'10, Y={ $memory$flatten\scan.$auto$proc_rom.cc:155:do_switch$834$rdmux[0][3][3]$b$2547 [5] $memory$flatten\scan.$auto$proc_rom.cc:155:do_switch$834$rdmux[0][3][3]$b$2547 [1] }
      New connections: { $memory$flatten\scan.$auto$proc_rom.cc:155:do_switch$834$rdmux[0][3][3]$b$2547 [14:6] $memory$flatten\scan.$auto$proc_rom.cc:155:do_switch$834$rdmux[0][3][3]$b$2547 [4:2] $memory$flatten\scan.$auto$proc_rom.cc:155:do_switch$834$rdmux[0][3][3]$b$2547 [0] } = { 4'0011 $memory$flatten\scan.$auto$proc_rom.cc:155:do_switch$834$rdmux[0][3][3]$b$2547 [5] 1'0 $memory$flatten\scan.$auto$proc_rom.cc:155:do_switch$834$rdmux[0][3][3]$b$2547 [1] 1'0 $memory$flatten\scan.$auto$proc_rom.cc:155:do_switch$834$rdmux[0][3][3]$b$2547 [5] 2'00 $memory$flatten\scan.$auto$proc_rom.cc:155:do_switch$834$rdmux[0][3][3]$b$2547 [1] 1'0 }
    Consolidated identical input bits for $pmux cell $flatten\scan.$procmux$1762:
      Old ports: A=16'0000000010000000, B=112'0000000000010000000000000000111100000000000110000000000000001100010000000000000000000010011100011000000000000000, Y=\scan.length
      New ports: A=9'001000000, B=63'000010000000001111000011000000001100010000000000110001100000000, Y={ \scan.length [15:14] \scan.length [7] \scan.length [5:0] }
      New connections: { \scan.length [13:8] \scan.length [6] } = { 4'0000 \scan.length [5] 1'0 \scan.length [5] }
    Consolidated identical input bits for $mux cell $flatten\memory.$ternary$frame_memory.v:41$197:
      Old ports: A=8'00000000, B=8'11111111, Y=$auto$wreduce.cc:513:run$2214 [7:0]
      New ports: A=1'0, B=1'1, Y=$auto$wreduce.cc:513:run$2214 [0]
      New connections: $auto$wreduce.cc:513:run$2214 [7:1] = { $auto$wreduce.cc:513:run$2214 [0] $auto$wreduce.cc:513:run$2214 [0] $auto$wreduce.cc:513:run$2214 [0] $auto$wreduce.cc:513:run$2214 [0] $auto$wreduce.cc:513:run$2214 [0] $auto$wreduce.cc:513:run$2214 [0] $auto$wreduce.cc:513:run$2214 [0] }
    Consolidated identical input bits for $mux cell $flatten\scan.$procmux$1681:
      Old ports: A={ 3'101 $auto$wreduce.cc:513:run$2206 [0] }, B=4'1010, Y=$flatten\scan.$procmux$1681_Y
      New ports: A=$auto$wreduce.cc:513:run$2206 [0], B=1'0, Y=$flatten\scan.$procmux$1681_Y [0]
      New connections: $flatten\scan.$procmux$1681_Y [3:1] = 3'101
    Consolidated identical input bits for $mux cell $flatten\memory.$procmux$1301:
      Old ports: A=5'10000, B=5'00000, Y=$flatten\memory.$procmux$1301_Y
      New ports: A=1'1, B=1'0, Y=$flatten\memory.$procmux$1301_Y [4]
      New connections: $flatten\memory.$procmux$1301_Y [3:0] = 4'0000
    Consolidated identical input bits for $mux cell $flatten\memory.$procmux$1319:
      Old ports: A=5'10000, B=5'00001, Y=$flatten\memory.$procmux$1319_Y
      New ports: A=2'10, B=2'01, Y={ $flatten\memory.$procmux$1319_Y [4] $flatten\memory.$procmux$1319_Y [0] }
      New connections: $flatten\memory.$procmux$1319_Y [3:1] = 3'000
    Consolidated identical input bits for $mux cell $flatten\memory.$procmux$1377:
      Old ports: A={ 4'0000 \protocol.bank 3'000 \scan.count [13:4] }, B={ 4'0000 $flatten\memory.$not$frame_memory.v:32$188_Y \protocol.write_address }, Y=$flatten\memory.$procmux$1377_Y
      New ports: A={ \protocol.bank 3'000 \scan.count [13:4] }, B={ $flatten\memory.$not$frame_memory.v:32$188_Y \protocol.write_address }, Y=$flatten\memory.$procmux$1377_Y [13:0]
      New connections: $flatten\memory.$procmux$1377_Y [17:14] = 4'0000
    Consolidated identical input bits for $mux cell $flatten\protocol.$ternary$frame_protocol.v:15$236:
      Old ports: A=13'0000000000000, B=13'1000000100001, Y={ $auto$wreduce.cc:513:run$2203 [12:1] \protocol.crc_next [0] }
      New ports: A=1'0, B=1'1, Y=\protocol.crc_next [0]
      New connections: $auto$wreduce.cc:513:run$2203 [12:1] = { \protocol.crc_next [0] 6'000000 \protocol.crc_next [0] 4'0000 }
    Consolidated identical input bits for $mux cell $flatten\protocol.$ternary$frame_protocol.v:45$270:
      Old ports: A=2'00, B=2'11, Y=$auto$wreduce.cc:513:run$2204 [1:0]
      New ports: A=1'0, B=1'1, Y=$auto$wreduce.cc:513:run$2204 [0]
      New connections: $auto$wreduce.cc:513:run$2204 [1] = $auto$wreduce.cc:513:run$2204 [0]
    Consolidated identical input bits for $mux cell $memory$flatten\scan.$auto$proc_rom.cc:155:do_switch$834$rdmux[0][4][10]$2590:
      Old ports: A=15'010001100000000, B=15'111010010100000, Y=$memory$flatten\scan.$auto$proc_rom.cc:155:do_switch$834$rdmux[0][3][5]$a$2552
      New ports: A=2'10, B=2'01, Y={ $memory$flatten\scan.$auto$proc_rom.cc:155:do_switch$834$rdmux[0][3][5]$a$2552 [8] $memory$flatten\scan.$auto$proc_rom.cc:155:do_switch$834$rdmux[0][3][5]$a$2552 [5] }
      New connections: { $memory$flatten\scan.$auto$proc_rom.cc:155:do_switch$834$rdmux[0][3][5]$a$2552 [14:9] $memory$flatten\scan.$auto$proc_rom.cc:155:do_switch$834$rdmux[0][3][5]$a$2552 [7:6] $memory$flatten\scan.$auto$proc_rom.cc:155:do_switch$834$rdmux[0][3][5]$a$2552 [4:0] } = { $memory$flatten\scan.$auto$proc_rom.cc:155:do_switch$834$rdmux[0][3][5]$a$2552 [5] 1'1 $memory$flatten\scan.$auto$proc_rom.cc:155:do_switch$834$rdmux[0][3][5]$a$2552 [5] 1'0 $memory$flatten\scan.$auto$proc_rom.cc:155:do_switch$834$rdmux[0][3][5]$a$2552 [5] $memory$flatten\scan.$auto$proc_rom.cc:155:do_switch$834$rdmux[0][3][5]$a$2552 [8] $memory$flatten\scan.$auto$proc_rom.cc:155:do_switch$834$rdmux[0][3][5]$a$2552 [5] 6'000000 }
    Consolidated identical input bits for $mux cell $flatten\protocol.$procmux$867:
      Old ports: A=8'00000000, B=8'00000011, Y=$flatten\protocol.$procmux$867_Y
      New ports: A=1'0, B=1'1, Y=$flatten\protocol.$procmux$867_Y [0]
      New connections: $flatten\protocol.$procmux$867_Y [7:1] = { 6'000000 $flatten\protocol.$procmux$867_Y [0] }
    Consolidated identical input bits for $mux cell $flatten\protocol.$procmux$1002:
      Old ports: A=2'00, B=2'10, Y=$auto$wreduce.cc:513:run$2207 [1:0]
      New ports: A=1'0, B=1'1, Y=$auto$wreduce.cc:513:run$2207 [1]
      New connections: $auto$wreduce.cc:513:run$2207 [0] = 1'0
    Consolidated identical input bits for $mux cell $flatten\protocol.$procmux$1005:
      Old ports: A={ 2'10 $auto$wreduce.cc:513:run$2207 [1:0] }, B=4'1010, Y=$flatten\protocol.$procmux$1005_Y
      New ports: A=$auto$wreduce.cc:513:run$2207 [1:0], B=2'10, Y=$flatten\protocol.$procmux$1005_Y [1:0]
      New connections: $flatten\protocol.$procmux$1005_Y [3:2] = 2'10
    Consolidated identical input bits for $mux cell $flatten\protocol.$procmux$1038:
      Old ports: A=2'00, B=2'11, Y=$auto$wreduce.cc:513:run$2208 [1:0]
      New ports: A=1'0, B=1'1, Y=$auto$wreduce.cc:513:run$2208 [0]
      New connections: $auto$wreduce.cc:513:run$2208 [1] = $auto$wreduce.cc:513:run$2208 [0]
    Consolidated identical input bits for $pmux cell $flatten\scan.$procmux$1755:
      Old ports: A=16'0000000000000000, B={ 33'000000001010101000000001101010100 \scan.config_word [14:0] 32'00000000010101010000000101010101 }, Y=\scan.word
      New ports: A=15'000000000000000, B={ 30'000000010101010000000110101010 \scan.config_word [14:0] 30'000000001010101000000101010101 }, Y=\scan.word [14:0]
      New connections: \scan.word [15] = 1'0
    Consolidated identical input bits for $mux cell $flatten\uart_tx.$procmux$1389:
      Old ports: A={ 1'1 \protocol.tx_data 1'0 }, B={ 1'1 \uart_tx.shift [9:1] }, Y=$flatten\uart_tx.$0\shift[9:0]
      New ports: A={ \protocol.tx_data 1'0 }, B=\uart_tx.shift [9:1], Y=$flatten\uart_tx.$0\shift[9:0] [8:0]
      New connections: $flatten\uart_tx.$0\shift[9:0] [9] = 1'1
    New ctrl vector for $pmux cell $flatten\uart_rx.$procmux$1472: { $flatten\uart_rx.$procmux$1434_CMP $auto$opt_reduce.cc:137:opt_pmux$2609 }
    Consolidated identical input bits for $mux cell $flatten\uart_rx.$procmux$1501:
      Old ports: A=2'10, B=2'00, Y=$flatten\uart_rx.$procmux$1501_Y
      New ports: A=1'1, B=1'0, Y=$flatten\uart_rx.$procmux$1501_Y [1]
      New connections: $flatten\uart_rx.$procmux$1501_Y [0] = 1'0
  Optimizing cells in module \video.
    Consolidated identical input bits for $mux cell $memory$flatten\scan.$auto$proc_rom.cc:155:do_switch$834$rdmux[0][3][5]$2551:
      Old ports: A=$memory$flatten\scan.$auto$proc_rom.cc:155:do_switch$834$rdmux[0][3][5]$a$2552, B=15'111010010100000, Y=$memory$flatten\scan.$auto$proc_rom.cc:155:do_switch$834$rdmux[0][2][2]$b$2532
      New ports: A={ $memory$flatten\scan.$auto$proc_rom.cc:155:do_switch$834$rdmux[0][3][5]$a$2552 [8] $memory$flatten\scan.$auto$proc_rom.cc:155:do_switch$834$rdmux[0][3][5]$a$2552 [5] }, B=2'01, Y={ $memory$flatten\scan.$auto$proc_rom.cc:155:do_switch$834$rdmux[0][2][2]$b$2532 [8] $memory$flatten\scan.$auto$proc_rom.cc:155:do_switch$834$rdmux[0][2][2]$b$2532 [5] }
      New connections: { $memory$flatten\scan.$auto$proc_rom.cc:155:do_switch$834$rdmux[0][2][2]$b$2532 [14:9] $memory$flatten\scan.$auto$proc_rom.cc:155:do_switch$834$rdmux[0][2][2]$b$2532 [7:6] $memory$flatten\scan.$auto$proc_rom.cc:155:do_switch$834$rdmux[0][2][2]$b$2532 [4:0] } = { $memory$flatten\scan.$auto$proc_rom.cc:155:do_switch$834$rdmux[0][2][2]$b$2532 [5] 1'1 $memory$flatten\scan.$auto$proc_rom.cc:155:do_switch$834$rdmux[0][2][2]$b$2532 [5] 1'0 $memory$flatten\scan.$auto$proc_rom.cc:155:do_switch$834$rdmux[0][2][2]$b$2532 [5] $memory$flatten\scan.$auto$proc_rom.cc:155:do_switch$834$rdmux[0][2][2]$b$2532 [8] $memory$flatten\scan.$auto$proc_rom.cc:155:do_switch$834$rdmux[0][2][2]$b$2532 [5] 6'000000 }
    Consolidated identical input bits for $mux cell $memory$flatten\scan.$auto$proc_rom.cc:155:do_switch$834$rdmux[0][3][4]$2548:
      Old ports: A=$memory$flatten\scan.$auto$proc_rom.cc:155:do_switch$834$rdmux[0][3][4]$a$2549, B=$memory$flatten\scan.$auto$proc_rom.cc:155:do_switch$834$rdmux[0][3][4]$b$2550, Y=$memory$flatten\scan.$auto$proc_rom.cc:155:do_switch$834$rdmux[0][2][2]$a$2531
      New ports: A={ 1'0 $memory$flatten\scan.$auto$proc_rom.cc:155:do_switch$834$rdmux[0][3][4]$a$2549 [3] $memory$flatten\scan.$auto$proc_rom.cc:155:do_switch$834$rdmux[0][3][4]$a$2549 [3] 1'1 $memory$flatten\scan.$auto$proc_rom.cc:155:do_switch$834$rdmux[0][3][4]$a$2549 [0] }, B={ 1'1 $memory$flatten\scan.$auto$proc_rom.cc:155:do_switch$834$rdmux[0][3][4]$b$2550 [8] 3'000 }, Y={ $memory$flatten\scan.$auto$proc_rom.cc:155:do_switch$834$rdmux[0][2][2]$a$2531 [13] $memory$flatten\scan.$auto$proc_rom.cc:155:do_switch$834$rdmux[0][2][2]$a$2531 [8] $memory$flatten\scan.$auto$proc_rom.cc:155:do_switch$834$rdmux[0][2][2]$a$2531 [3] $memory$flatten\scan.$auto$proc_rom.cc:155:do_switch$834$rdmux[0][2][2]$a$2531 [1:0] }
      New connections: { $memory$flatten\scan.$auto$proc_rom.cc:155:do_switch$834$rdmux[0][2][2]$a$2531 [14] $memory$flatten\scan.$auto$proc_rom.cc:155:do_switch$834$rdmux[0][2][2]$a$2531 [12:9] $memory$flatten\scan.$auto$proc_rom.cc:155:do_switch$834$rdmux[0][2][2]$a$2531 [7:4] $memory$flatten\scan.$auto$proc_rom.cc:155:do_switch$834$rdmux[0][2][2]$a$2531 [2] } = { 1'0 $memory$flatten\scan.$auto$proc_rom.cc:155:do_switch$834$rdmux[0][2][2]$a$2531 [1] $memory$flatten\scan.$auto$proc_rom.cc:155:do_switch$834$rdmux[0][2][2]$a$2531 [1] $memory$flatten\scan.$auto$proc_rom.cc:155:do_switch$834$rdmux[0][2][2]$a$2531 [1:0] $memory$flatten\scan.$auto$proc_rom.cc:155:do_switch$834$rdmux[0][2][2]$a$2531 [3] $memory$flatten\scan.$auto$proc_rom.cc:155:do_switch$834$rdmux[0][2][2]$a$2531 [1:0] $memory$flatten\scan.$auto$proc_rom.cc:155:do_switch$834$rdmux[0][2][2]$a$2531 [0] 1'0 }
    Consolidated identical input bits for $mux cell $memory$flatten\scan.$auto$proc_rom.cc:155:do_switch$834$rdmux[0][3][3]$2545:
      Old ports: A=$memory$flatten\scan.$auto$proc_rom.cc:155:do_switch$834$rdmux[0][3][3]$a$2546, B=$memory$flatten\scan.$auto$proc_rom.cc:155:do_switch$834$rdmux[0][3][3]$b$2547, Y=$memory$flatten\scan.$auto$proc_rom.cc:155:do_switch$834$rdmux[0][2][1]$b$2529
      New ports: A={ $memory$flatten\scan.$auto$proc_rom.cc:155:do_switch$834$rdmux[0][3][3]$a$2546 [11] 1'0 $memory$flatten\scan.$auto$proc_rom.cc:155:do_switch$834$rdmux[0][3][3]$a$2546 [0] $memory$flatten\scan.$auto$proc_rom.cc:155:do_switch$834$rdmux[0][3][3]$a$2546 [0] $memory$flatten\scan.$auto$proc_rom.cc:155:do_switch$834$rdmux[0][3][3]$a$2546 [0] }, B={ 1'1 $memory$flatten\scan.$auto$proc_rom.cc:155:do_switch$834$rdmux[0][3][3]$b$2547 [5] $memory$flatten\scan.$auto$proc_rom.cc:155:do_switch$834$rdmux[0][3][3]$b$2547 [5] $memory$flatten\scan.$auto$proc_rom.cc:155:do_switch$834$rdmux[0][3][3]$b$2547 [1] 1'0 }, Y={ $memory$flatten\scan.$auto$proc_rom.cc:155:do_switch$834$rdmux[0][2][1]$b$2529 [11] $memory$flatten\scan.$auto$proc_rom.cc:155:do_switch$834$rdmux[0][2][1]$b$2529 [6:5] $memory$flatten\scan.$auto$proc_rom.cc:155:do_switch$834$rdmux[0][2][1]$b$2529 [1:0] }
      New connections: { $memory$flatten\scan.$auto$proc_rom.cc:155:do_switch$834$rdmux[0][2][1]$b$2529 [14:12] $memory$flatten\scan.$auto$proc_rom.cc:155:do_switch$834$rdmux[0][2][1]$b$2529 [10:7] $memory$flatten\scan.$auto$proc_rom.cc:155:do_switch$834$rdmux[0][2][1]$b$2529 [4:2] } = { 3'001 $memory$flatten\scan.$auto$proc_rom.cc:155:do_switch$834$rdmux[0][2][1]$b$2529 [6] 1'0 $memory$flatten\scan.$auto$proc_rom.cc:155:do_switch$834$rdmux[0][2][1]$b$2529 [1] 3'000 $memory$flatten\scan.$auto$proc_rom.cc:155:do_switch$834$rdmux[0][2][1]$b$2529 [1] }
    Consolidated identical input bits for $mux cell $memory$flatten\scan.$auto$proc_rom.cc:155:do_switch$834$rdmux[0][3][2]$2542:
      Old ports: A=$memory$flatten\scan.$auto$proc_rom.cc:155:do_switch$834$rdmux[0][3][2]$a$2543, B=$memory$flatten\scan.$auto$proc_rom.cc:155:do_switch$834$rdmux[0][3][2]$b$2544, Y=$memory$flatten\scan.$auto$proc_rom.cc:155:do_switch$834$rdmux[0][2][1]$a$2528
      New ports: A={ 1'1 $memory$flatten\scan.$auto$proc_rom.cc:155:do_switch$834$rdmux[0][3][2]$a$2543 [1] 1'0 $memory$flatten\scan.$auto$proc_rom.cc:155:do_switch$834$rdmux[0][3][2]$a$2543 [1:0] }, B={ $memory$flatten\scan.$auto$proc_rom.cc:155:do_switch$834$rdmux[0][3][2]$b$2544 [0] $memory$flatten\scan.$auto$proc_rom.cc:155:do_switch$834$rdmux[0][3][2]$b$2544 [0] $memory$flatten\scan.$auto$proc_rom.cc:155:do_switch$834$rdmux[0][3][2]$b$2544 [6] 1'0 $memory$flatten\scan.$auto$proc_rom.cc:155:do_switch$834$rdmux[0][3][2]$b$2544 [0] }, Y={ $memory$flatten\scan.$auto$proc_rom.cc:155:do_switch$834$rdmux[0][2][1]$a$2528 [10:9] $memory$flatten\scan.$auto$proc_rom.cc:155:do_switch$834$rdmux[0][2][1]$a$2528 [6] $memory$flatten\scan.$auto$proc_rom.cc:155:do_switch$834$rdmux[0][2][1]$a$2528 [1:0] }
      New connections: { $memory$flatten\scan.$auto$proc_rom.cc:155:do_switch$834$rdmux[0][2][1]$a$2528 [14:11] $memory$flatten\scan.$auto$proc_rom.cc:155:do_switch$834$rdmux[0][2][1]$a$2528 [8:7] $memory$flatten\scan.$auto$proc_rom.cc:155:do_switch$834$rdmux[0][2][1]$a$2528 [5:2] } = { 2'00 $memory$flatten\scan.$auto$proc_rom.cc:155:do_switch$834$rdmux[0][2][1]$a$2528 [6] $memory$flatten\scan.$auto$proc_rom.cc:155:do_switch$834$rdmux[0][2][1]$a$2528 [10] $memory$flatten\scan.$auto$proc_rom.cc:155:do_switch$834$rdmux[0][2][1]$a$2528 [0] $memory$flatten\scan.$auto$proc_rom.cc:155:do_switch$834$rdmux[0][2][1]$a$2528 [1] 3'000 $memory$flatten\scan.$auto$proc_rom.cc:155:do_switch$834$rdmux[0][2][1]$a$2528 [1] }
    Consolidated identical input bits for $mux cell $memory$flatten\scan.$auto$proc_rom.cc:155:do_switch$834$rdmux[0][3][1]$2539:
      Old ports: A=$memory$flatten\scan.$auto$proc_rom.cc:155:do_switch$834$rdmux[0][3][1]$a$2540, B=$memory$flatten\scan.$auto$proc_rom.cc:155:do_switch$834$rdmux[0][3][1]$b$2541, Y=$memory$flatten\scan.$auto$proc_rom.cc:155:do_switch$834$rdmux[0][2][0]$b$2526
      New ports: A={ $memory$flatten\scan.$auto$proc_rom.cc:155:do_switch$834$rdmux[0][3][1]$a$2540 [0] $memory$flatten\scan.$auto$proc_rom.cc:155:do_switch$834$rdmux[0][3][1]$a$2540 [8] 2'00 $memory$flatten\scan.$auto$proc_rom.cc:155:do_switch$834$rdmux[0][3][1]$a$2540 [0] }, B={ $memory$flatten\scan.$auto$proc_rom.cc:155:do_switch$834$rdmux[0][3][1]$b$2541 [5] $memory$flatten\scan.$auto$proc_rom.cc:155:do_switch$834$rdmux[0][3][1]$b$2541 [5] $memory$flatten\scan.$auto$proc_rom.cc:155:do_switch$834$rdmux[0][3][1]$b$2541 [5] $memory$flatten\scan.$auto$proc_rom.cc:155:do_switch$834$rdmux[0][3][1]$b$2541 [3] 1'0 }, Y={ $memory$flatten\scan.$auto$proc_rom.cc:155:do_switch$834$rdmux[0][2][0]$b$2526 [9:8] $memory$flatten\scan.$auto$proc_rom.cc:155:do_switch$834$rdmux[0][2][0]$b$2526 [5] $memory$flatten\scan.$auto$proc_rom.cc:155:do_switch$834$rdmux[0][2][0]$b$2526 [3] $memory$flatten\scan.$auto$proc_rom.cc:155:do_switch$834$rdmux[0][2][0]$b$2526 [0] }
      New connections: { $memory$flatten\scan.$auto$proc_rom.cc:155:do_switch$834$rdmux[0][2][0]$b$2526 [14:10] $memory$flatten\scan.$auto$proc_rom.cc:155:do_switch$834$rdmux[0][2][0]$b$2526 [7:6] $memory$flatten\scan.$auto$proc_rom.cc:155:do_switch$834$rdmux[0][2][0]$b$2526 [4] $memory$flatten\scan.$auto$proc_rom.cc:155:do_switch$834$rdmux[0][2][0]$b$2526 [2:1] } = { 3'000 $memory$flatten\scan.$auto$proc_rom.cc:155:do_switch$834$rdmux[0][2][0]$b$2526 [3] 3'100 $memory$flatten\scan.$auto$proc_rom.cc:155:do_switch$834$rdmux[0][2][0]$b$2526 [3] 2'00 }
    Consolidated identical input bits for $mux cell $memory$flatten\scan.$auto$proc_rom.cc:155:do_switch$834$rdmux[0][3][0]$2536:
      Old ports: A=$memory$flatten\scan.$auto$proc_rom.cc:155:do_switch$834$rdmux[0][3][0]$a$2537, B=$memory$flatten\scan.$auto$proc_rom.cc:155:do_switch$834$rdmux[0][3][0]$b$2538, Y=$memory$flatten\scan.$auto$proc_rom.cc:155:do_switch$834$rdmux[0][2][0]$a$2525
      New ports: A={ 3'000 $memory$flatten\scan.$auto$proc_rom.cc:155:do_switch$834$rdmux[0][3][0]$a$2537 [0] $memory$flatten\scan.$auto$proc_rom.cc:155:do_switch$834$rdmux[0][3][0]$a$2537 [0] }, B={ $memory$flatten\scan.$auto$proc_rom.cc:155:do_switch$834$rdmux[0][3][0]$b$2538 [1:0] 1'1 $memory$flatten\scan.$auto$proc_rom.cc:155:do_switch$834$rdmux[0][3][0]$b$2538 [1:0] }, Y={ $memory$flatten\scan.$auto$proc_rom.cc:155:do_switch$834$rdmux[0][2][0]$a$2525 [10] $memory$flatten\scan.$auto$proc_rom.cc:155:do_switch$834$rdmux[0][2][0]$a$2525 [5:4] $memory$flatten\scan.$auto$proc_rom.cc:155:do_switch$834$rdmux[0][2][0]$a$2525 [1:0] }
      New connections: { $memory$flatten\scan.$auto$proc_rom.cc:155:do_switch$834$rdmux[0][2][0]$a$2525 [14:11] $memory$flatten\scan.$auto$proc_rom.cc:155:do_switch$834$rdmux[0][2][0]$a$2525 [9:6] $memory$flatten\scan.$auto$proc_rom.cc:155:do_switch$834$rdmux[0][2][0]$a$2525 [3:2] } = { 4'0000 $memory$flatten\scan.$auto$proc_rom.cc:155:do_switch$834$rdmux[0][2][0]$a$2525 [0] $memory$flatten\scan.$auto$proc_rom.cc:155:do_switch$834$rdmux[0][2][0]$a$2525 [5] 3'000 $memory$flatten\scan.$auto$proc_rom.cc:155:do_switch$834$rdmux[0][2][0]$a$2525 [0] }
    Consolidated identical input bits for $mux cell $flatten\memory.$procmux$1322:
      Old ports: A=5'00001, B=$flatten\memory.$procmux$1319_Y, Y=$flatten\memory.$procmux$1322_Y
      New ports: A=2'01, B={ $flatten\memory.$procmux$1319_Y [4] $flatten\memory.$procmux$1319_Y [0] }, Y={ $flatten\memory.$procmux$1322_Y [4] $flatten\memory.$procmux$1322_Y [0] }
      New connections: $flatten\memory.$procmux$1322_Y [3:1] = 3'000
    Consolidated identical input bits for $mux cell $flatten\memory.$procmux$1380:
      Old ports: A={ 5'00000 \memory.boot_address }, B=$flatten\memory.$procmux$1377_Y, Y=$flatten\memory.$procmux$1380_Y
      New ports: A={ 1'0 \memory.boot_address }, B=$flatten\memory.$procmux$1377_Y [13:0], Y=$flatten\memory.$procmux$1380_Y [13:0]
      New connections: $flatten\memory.$procmux$1380_Y [17:14] = 4'0000
    Consolidated identical input bits for $mux cell $flatten\protocol.$procmux$870:
      Old ports: A=8'00000001, B=$flatten\protocol.$procmux$867_Y, Y=$flatten\protocol.$procmux$870_Y
      New ports: A=2'01, B={ $flatten\protocol.$procmux$867_Y [0] $flatten\protocol.$procmux$867_Y [0] }, Y=$flatten\protocol.$procmux$870_Y [1:0]
      New connections: $flatten\protocol.$procmux$870_Y [7:2] = 6'000000
    Consolidated identical input bits for $mux cell $flatten\protocol.$procmux$1005:
      Old ports: A=$auto$wreduce.cc:513:run$2207 [1:0], B=2'10, Y=$flatten\protocol.$procmux$1005_Y [1:0]
      New ports: A=$auto$wreduce.cc:513:run$2207 [1], B=1'1, Y=$flatten\protocol.$procmux$1005_Y [1]
      New connections: $flatten\protocol.$procmux$1005_Y [0] = 1'0
    Consolidated identical input bits for $mux cell $flatten\protocol.$procmux$1008:
      Old ports: A=4'1010, B=$flatten\protocol.$procmux$1005_Y, Y=$flatten\protocol.$procmux$1008_Y
      New ports: A=2'10, B=$flatten\protocol.$procmux$1005_Y [1:0], Y=$flatten\protocol.$procmux$1008_Y [1:0]
      New connections: $flatten\protocol.$procmux$1008_Y [3:2] = 2'10
  Optimizing cells in module \video.
    Consolidated identical input bits for $mux cell $memory$flatten\scan.$auto$proc_rom.cc:155:do_switch$834$rdmux[0][2][2]$2530:
      Old ports: A=$memory$flatten\scan.$auto$proc_rom.cc:155:do_switch$834$rdmux[0][2][2]$a$2531, B=$memory$flatten\scan.$auto$proc_rom.cc:155:do_switch$834$rdmux[0][2][2]$b$2532, Y=$memory$flatten\scan.$auto$proc_rom.cc:155:do_switch$834$rdmux[0][1][1]$a$2522
      New ports: A={ 1'0 $memory$flatten\scan.$auto$proc_rom.cc:155:do_switch$834$rdmux[0][2][2]$a$2531 [13] $memory$flatten\scan.$auto$proc_rom.cc:155:do_switch$834$rdmux[0][2][2]$a$2531 [1:0] $memory$flatten\scan.$auto$proc_rom.cc:155:do_switch$834$rdmux[0][2][2]$a$2531 [8] $memory$flatten\scan.$auto$proc_rom.cc:155:do_switch$834$rdmux[0][2][2]$a$2531 [3] $memory$flatten\scan.$auto$proc_rom.cc:155:do_switch$834$rdmux[0][2][2]$a$2531 [0] $memory$flatten\scan.$auto$proc_rom.cc:155:do_switch$834$rdmux[0][2][2]$a$2531 [3] $memory$flatten\scan.$auto$proc_rom.cc:155:do_switch$834$rdmux[0][2][2]$a$2531 [1:0] }, B={ $memory$flatten\scan.$auto$proc_rom.cc:155:do_switch$834$rdmux[0][2][2]$b$2532 [5] 1'1 $memory$flatten\scan.$auto$proc_rom.cc:155:do_switch$834$rdmux[0][2][2]$b$2532 [5] $memory$flatten\scan.$auto$proc_rom.cc:155:do_switch$834$rdmux[0][2][2]$b$2532 [8] $memory$flatten\scan.$auto$proc_rom.cc:155:do_switch$834$rdmux[0][2][2]$b$2532 [8] $memory$flatten\scan.$auto$proc_rom.cc:155:do_switch$834$rdmux[0][2][2]$b$2532 [5] $memory$flatten\scan.$auto$proc_rom.cc:155:do_switch$834$rdmux[0][2][2]$b$2532 [5] 3'000 }, Y={ $memory$flatten\scan.$auto$proc_rom.cc:155:do_switch$834$rdmux[0][1][1]$a$2522 [14:13] $memory$flatten\scan.$auto$proc_rom.cc:155:do_switch$834$rdmux[0][1][1]$a$2522 [10:7] $memory$flatten\scan.$auto$proc_rom.cc:155:do_switch$834$rdmux[0][1][1]$a$2522 [5] $memory$flatten\scan.$auto$proc_rom.cc:155:do_switch$834$rdmux[0][1][1]$a$2522 [3] $memory$flatten\scan.$auto$proc_rom.cc:155:do_switch$834$rdmux[0][1][1]$a$2522 [1:0] }
      New connections: { $memory$flatten\scan.$auto$proc_rom.cc:155:do_switch$834$rdmux[0][1][1]$a$2522 [12:11] $memory$flatten\scan.$auto$proc_rom.cc:155:do_switch$834$rdmux[0][1][1]$a$2522 [6] $memory$flatten\scan.$auto$proc_rom.cc:155:do_switch$834$rdmux[0][1][1]$a$2522 [4] $memory$flatten\scan.$auto$proc_rom.cc:155:do_switch$834$rdmux[0][1][1]$a$2522 [2] } = { $memory$flatten\scan.$auto$proc_rom.cc:155:do_switch$834$rdmux[0][1][1]$a$2522 [10] $memory$flatten\scan.$auto$proc_rom.cc:155:do_switch$834$rdmux[0][1][1]$a$2522 [1] $memory$flatten\scan.$auto$proc_rom.cc:155:do_switch$834$rdmux[0][1][1]$a$2522 [1:0] 1'0 }
    Consolidated identical input bits for $mux cell $memory$flatten\scan.$auto$proc_rom.cc:155:do_switch$834$rdmux[0][2][1]$2527:
      Old ports: A=$memory$flatten\scan.$auto$proc_rom.cc:155:do_switch$834$rdmux[0][2][1]$a$2528, B=$memory$flatten\scan.$auto$proc_rom.cc:155:do_switch$834$rdmux[0][2][1]$b$2529, Y=$memory$flatten\scan.$auto$proc_rom.cc:155:do_switch$834$rdmux[0][1][0]$b$2520
      New ports: A={ $memory$flatten\scan.$auto$proc_rom.cc:155:do_switch$834$rdmux[0][2][1]$a$2528 [6] $memory$flatten\scan.$auto$proc_rom.cc:155:do_switch$834$rdmux[0][2][1]$a$2528 [10] $memory$flatten\scan.$auto$proc_rom.cc:155:do_switch$834$rdmux[0][2][1]$a$2528 [10:9] $memory$flatten\scan.$auto$proc_rom.cc:155:do_switch$834$rdmux[0][2][1]$a$2528 [0] $memory$flatten\scan.$auto$proc_rom.cc:155:do_switch$834$rdmux[0][2][1]$a$2528 [1] $memory$flatten\scan.$auto$proc_rom.cc:155:do_switch$834$rdmux[0][2][1]$a$2528 [6] 1'0 $memory$flatten\scan.$auto$proc_rom.cc:155:do_switch$834$rdmux[0][2][1]$a$2528 [1:0] }, B={ 1'1 $memory$flatten\scan.$auto$proc_rom.cc:155:do_switch$834$rdmux[0][2][1]$b$2529 [11] $memory$flatten\scan.$auto$proc_rom.cc:155:do_switch$834$rdmux[0][2][1]$b$2529 [6] 1'0 $memory$flatten\scan.$auto$proc_rom.cc:155:do_switch$834$rdmux[0][2][1]$b$2529 [1] 1'0 $memory$flatten\scan.$auto$proc_rom.cc:155:do_switch$834$rdmux[0][2][1]$b$2529 [6:5] $memory$flatten\scan.$auto$proc_rom.cc:155:do_switch$834$rdmux[0][2][1]$b$2529 [1:0] }, Y={ $memory$flatten\scan.$auto$proc_rom.cc:155:do_switch$834$rdmux[0][1][0]$b$2520 [12:5] $memory$flatten\scan.$auto$proc_rom.cc:155:do_switch$834$rdmux[0][1][0]$b$2520 [1:0] }
      New connections: { $memory$flatten\scan.$auto$proc_rom.cc:155:do_switch$834$rdmux[0][1][0]$b$2520 [14:13] $memory$flatten\scan.$auto$proc_rom.cc:155:do_switch$834$rdmux[0][1][0]$b$2520 [4:2] } = { 4'0000 $memory$flatten\scan.$auto$proc_rom.cc:155:do_switch$834$rdmux[0][1][0]$b$2520 [1] }
    Consolidated identical input bits for $mux cell $memory$flatten\scan.$auto$proc_rom.cc:155:do_switch$834$rdmux[0][2][0]$2524:
      Old ports: A=$memory$flatten\scan.$auto$proc_rom.cc:155:do_switch$834$rdmux[0][2][0]$a$2525, B=$memory$flatten\scan.$auto$proc_rom.cc:155:do_switch$834$rdmux[0][2][0]$b$2526, Y=$memory$flatten\scan.$auto$proc_rom.cc:155:do_switch$834$rdmux[0][1][0]$a$2519
      New ports: A={ $memory$flatten\scan.$auto$proc_rom.cc:155:do_switch$834$rdmux[0][2][0]$a$2525 [10] $memory$flatten\scan.$auto$proc_rom.cc:155:do_switch$834$rdmux[0][2][0]$a$2525 [0] $memory$flatten\scan.$auto$proc_rom.cc:155:do_switch$834$rdmux[0][2][0]$a$2525 [5] $memory$flatten\scan.$auto$proc_rom.cc:155:do_switch$834$rdmux[0][2][0]$a$2525 [5:4] 1'0 $memory$flatten\scan.$auto$proc_rom.cc:155:do_switch$834$rdmux[0][2][0]$a$2525 [0] $memory$flatten\scan.$auto$proc_rom.cc:155:do_switch$834$rdmux[0][2][0]$a$2525 [1:0] }, B={ 1'1 $memory$flatten\scan.$auto$proc_rom.cc:155:do_switch$834$rdmux[0][2][0]$b$2526 [9:8] $memory$flatten\scan.$auto$proc_rom.cc:155:do_switch$834$rdmux[0][2][0]$b$2526 [5] $memory$flatten\scan.$auto$proc_rom.cc:155:do_switch$834$rdmux[0][2][0]$b$2526 [3] $memory$flatten\scan.$auto$proc_rom.cc:155:do_switch$834$rdmux[0][2][0]$b$2526 [3] 2'00 $memory$flatten\scan.$auto$proc_rom.cc:155:do_switch$834$rdmux[0][2][0]$b$2526 [0] }, Y={ $memory$flatten\scan.$auto$proc_rom.cc:155:do_switch$834$rdmux[0][1][0]$a$2519 [10:8] $memory$flatten\scan.$auto$proc_rom.cc:155:do_switch$834$rdmux[0][1][0]$a$2519 [5:0] }
      New connections: { $memory$flatten\scan.$auto$proc_rom.cc:155:do_switch$834$rdmux[0][1][0]$a$2519 [14:11] $memory$flatten\scan.$auto$proc_rom.cc:155:do_switch$834$rdmux[0][1][0]$a$2519 [7:6] } = { 3'000 $memory$flatten\scan.$auto$proc_rom.cc:155:do_switch$834$rdmux[0][1][0]$a$2519 [3] 2'00 }
    Consolidated identical input bits for $mux cell $flatten\memory.$procmux$1372:
      Old ports: A=$flatten\memory.$procmux$1380_Y, B={ 4'0000 \memory.cache_bank $flatten\memory.$add$frame_memory.v:71$213_Y \memory.cache_address }, Y=$flatten\memory.$0\sram_a[17:0]
      New ports: A=$flatten\memory.$procmux$1380_Y [13:0], B={ \memory.cache_bank $flatten\memory.$add$frame_memory.v:71$213_Y \memory.cache_address }, Y=$flatten\memory.$0\sram_a[17:0] [13:0]
      New connections: $flatten\memory.$0\sram_a[17:0] [17:14] = 4'0000
    Consolidated identical input bits for $mux cell $flatten\protocol.$procmux$873:
      Old ports: A=$flatten\protocol.$procmux$870_Y, B={ 6'000000 $auto$wreduce.cc:513:run$2204 [1:0] }, Y=$flatten\protocol.$procmux$873_Y
      New ports: A=$flatten\protocol.$procmux$870_Y [1:0], B={ $auto$wreduce.cc:513:run$2204 [0] $auto$wreduce.cc:513:run$2204 [0] }, Y=$flatten\protocol.$procmux$873_Y [1:0]
      New connections: $flatten\protocol.$procmux$873_Y [7:2] = 6'000000
    Consolidated identical input bits for $mux cell $flatten\protocol.$procmux$1008:
      Old ports: A=2'10, B=$flatten\protocol.$procmux$1005_Y [1:0], Y=$flatten\protocol.$procmux$1008_Y [1:0]
      New ports: A=1'1, B=$flatten\protocol.$procmux$1005_Y [1], Y=$flatten\protocol.$procmux$1008_Y [1]
      New connections: $flatten\protocol.$procmux$1008_Y [0] = 1'0
    Consolidated identical input bits for $mux cell $flatten\protocol.$procmux$1011:
      Old ports: A=$flatten\protocol.$procmux$1008_Y, B=4'1010, Y=$flatten\protocol.$procmux$1011_Y
      New ports: A=$flatten\protocol.$procmux$1008_Y [1:0], B=2'10, Y=$flatten\protocol.$procmux$1011_Y [1:0]
      New connections: $flatten\protocol.$procmux$1011_Y [3:2] = 2'10
  Optimizing cells in module \video.
    Consolidated identical input bits for $mux cell $memory$flatten\scan.$auto$proc_rom.cc:155:do_switch$834$rdmux[0][1][1]$2521:
      Old ports: A=$memory$flatten\scan.$auto$proc_rom.cc:155:do_switch$834$rdmux[0][1][1]$a$2522, B=15'111010010100000, Y=$memory$flatten\scan.$auto$proc_rom.cc:155:do_switch$834$rdmux[0][0][0]$b$2517
      New ports: A={ $memory$flatten\scan.$auto$proc_rom.cc:155:do_switch$834$rdmux[0][1][1]$a$2522 [14:13] $memory$flatten\scan.$auto$proc_rom.cc:155:do_switch$834$rdmux[0][1][1]$a$2522 [10:7] $memory$flatten\scan.$auto$proc_rom.cc:155:do_switch$834$rdmux[0][1][1]$a$2522 [5] $memory$flatten\scan.$auto$proc_rom.cc:155:do_switch$834$rdmux[0][1][1]$a$2522 [3] $memory$flatten\scan.$auto$proc_rom.cc:155:do_switch$834$rdmux[0][1][1]$a$2522 [1:0] }, B=10'1110011000, Y={ $memory$flatten\scan.$auto$proc_rom.cc:155:do_switch$834$rdmux[0][0][0]$b$2517 [14:13] $memory$flatten\scan.$auto$proc_rom.cc:155:do_switch$834$rdmux[0][0][0]$b$2517 [10:7] $memory$flatten\scan.$auto$proc_rom.cc:155:do_switch$834$rdmux[0][0][0]$b$2517 [5] $memory$flatten\scan.$auto$proc_rom.cc:155:do_switch$834$rdmux[0][0][0]$b$2517 [3] $memory$flatten\scan.$auto$proc_rom.cc:155:do_switch$834$rdmux[0][0][0]$b$2517 [1:0] }
      New connections: { $memory$flatten\scan.$auto$proc_rom.cc:155:do_switch$834$rdmux[0][0][0]$b$2517 [12:11] $memory$flatten\scan.$auto$proc_rom.cc:155:do_switch$834$rdmux[0][0][0]$b$2517 [6] $memory$flatten\scan.$auto$proc_rom.cc:155:do_switch$834$rdmux[0][0][0]$b$2517 [4] $memory$flatten\scan.$auto$proc_rom.cc:155:do_switch$834$rdmux[0][0][0]$b$2517 [2] } = { $memory$flatten\scan.$auto$proc_rom.cc:155:do_switch$834$rdmux[0][0][0]$b$2517 [10] $memory$flatten\scan.$auto$proc_rom.cc:155:do_switch$834$rdmux[0][0][0]$b$2517 [1] $memory$flatten\scan.$auto$proc_rom.cc:155:do_switch$834$rdmux[0][0][0]$b$2517 [1:0] 1'0 }
    Consolidated identical input bits for $mux cell $memory$flatten\scan.$auto$proc_rom.cc:155:do_switch$834$rdmux[0][1][0]$2518:
      Old ports: A=$memory$flatten\scan.$auto$proc_rom.cc:155:do_switch$834$rdmux[0][1][0]$a$2519, B=$memory$flatten\scan.$auto$proc_rom.cc:155:do_switch$834$rdmux[0][1][0]$b$2520, Y=$memory$flatten\scan.$auto$proc_rom.cc:155:do_switch$834$rdmux[0][0][0]$a$2516
      New ports: A={ 1'0 $memory$flatten\scan.$auto$proc_rom.cc:155:do_switch$834$rdmux[0][1][0]$a$2519 [3] $memory$flatten\scan.$auto$proc_rom.cc:155:do_switch$834$rdmux[0][1][0]$a$2519 [10:8] 2'00 $memory$flatten\scan.$auto$proc_rom.cc:155:do_switch$834$rdmux[0][1][0]$a$2519 [5:0] }, B={ $memory$flatten\scan.$auto$proc_rom.cc:155:do_switch$834$rdmux[0][1][0]$b$2520 [12:5] 2'00 $memory$flatten\scan.$auto$proc_rom.cc:155:do_switch$834$rdmux[0][1][0]$b$2520 [1] $memory$flatten\scan.$auto$proc_rom.cc:155:do_switch$834$rdmux[0][1][0]$b$2520 [1:0] }, Y=$memory$flatten\scan.$auto$proc_rom.cc:155:do_switch$834$rdmux[0][0][0]$a$2516 [12:0]
      New connections: $memory$flatten\scan.$auto$proc_rom.cc:155:do_switch$834$rdmux[0][0][0]$a$2516 [14:13] = 2'00
    Consolidated identical input bits for $mux cell $flatten\protocol.$procmux$876:
      Old ports: A=$flatten\protocol.$procmux$873_Y, B=8'00000010, Y=$flatten\protocol.$procmux$876_Y
      New ports: A=$flatten\protocol.$procmux$873_Y [1:0], B=2'10, Y=$flatten\protocol.$procmux$876_Y [1:0]
      New connections: $flatten\protocol.$procmux$876_Y [7:2] = 6'000000
    Consolidated identical input bits for $mux cell $flatten\protocol.$procmux$1011:
      Old ports: A=$flatten\protocol.$procmux$1008_Y [1:0], B=2'10, Y=$flatten\protocol.$procmux$1011_Y [1:0]
      New ports: A=$flatten\protocol.$procmux$1008_Y [1], B=1'1, Y=$flatten\protocol.$procmux$1011_Y [1]
      New connections: $flatten\protocol.$procmux$1011_Y [0] = 1'0
    Consolidated identical input bits for $mux cell $flatten\protocol.$procmux$1014:
      Old ports: A=$flatten\protocol.$procmux$1011_Y, B=4'1010, Y=$flatten\protocol.$procmux$1014_Y
      New ports: A=$flatten\protocol.$procmux$1011_Y [1:0], B=2'10, Y=$flatten\protocol.$procmux$1014_Y [1:0]
      New connections: $flatten\protocol.$procmux$1014_Y [3:2] = 2'10
  Optimizing cells in module \video.
    Consolidated identical input bits for $mux cell $flatten\protocol.$procmux$1014:
      Old ports: A=$flatten\protocol.$procmux$1011_Y [1:0], B=2'10, Y=$flatten\protocol.$procmux$1014_Y [1:0]
      New ports: A=$flatten\protocol.$procmux$1011_Y [1], B=1'1, Y=$flatten\protocol.$procmux$1014_Y [1]
      New connections: $flatten\protocol.$procmux$1014_Y [0] = 1'0
  Optimizing cells in module \video.
Performed a total of 52 changes.

6.30.5. Executing OPT_MERGE pass (detect identical cells).
Finding identical cells in module `\video'.
Computing hashes of 549 cells of `\video'.
Finding duplicate cells in `\video'.
Computing hashes of 541 cells of `\video'.
Finding duplicate cells in `\video'.
<suppressed ~24 debug messages>
Removed a total of 8 cells.

6.30.6. Executing OPT_DFF pass (perform DFF optimizations).
Adding EN signal on $auto$ff.cc:337:slice$2486 ($dffe) from module video (D = $flatten\uart_rx.$0\timer[4:0] [0], Q = \uart_rx.timer [0]).
Setting constant 1-bit at position 8 on $auto$ff.cc:337:slice$2504 ($dffe) from module video.
Setting constant 0-bit at position 0 on $auto$ff.cc:337:slice$2505 ($sdffce) from module video.
Setting constant 0-bit at position 1 on $auto$ff.cc:337:slice$2505 ($sdffce) from module video.
Setting constant 0-bit at position 2 on $auto$ff.cc:337:slice$2505 ($sdffce) from module video.
Setting constant 0-bit at position 3 on $auto$ff.cc:337:slice$2505 ($sdffce) from module video.
Setting constant 0-bit at position 2 on $auto$ff.cc:337:slice$1945 ($sdffe) from module video.
Setting constant 0-bit at position 3 on $auto$ff.cc:337:slice$1945 ($sdffe) from module video.
Setting constant 0-bit at position 4 on $auto$ff.cc:337:slice$1945 ($sdffe) from module video.
Setting constant 0-bit at position 5 on $auto$ff.cc:337:slice$1945 ($sdffe) from module video.
Setting constant 0-bit at position 6 on $auto$ff.cc:337:slice$1945 ($sdffe) from module video.
Setting constant 0-bit at position 7 on $auto$ff.cc:337:slice$1945 ($sdffe) from module video.

6.30.7. Executing OPT_CLEAN pass (remove unused cells and wires).
Finding unused cells or wires in module \video..
Removed 2 unused cells and 51 unused wires.
<suppressed ~3 debug messages>

6.30.8. Executing OPT_EXPR pass (perform const folding).
Optimizing module video.
<suppressed ~5 debug messages>

6.30.9. Rerunning OPT passes. (Maybe there is more to do..)

6.30.10. Executing OPT_MUXTREE pass (detect dead branches in mux trees).
Running muxtree optimizer on module \video..
  Creating internal representation of mux trees.
  Evaluating internal representation of mux trees.
  Analyzing evaluation results.
Removed 0 multiplexer ports.
<suppressed ~345 debug messages>

6.30.11. Executing OPT_REDUCE pass (consolidate $*mux and $reduce_* inputs).
  Optimizing cells in module \video.
    New input vector for $reduce_and cell $auto$simple.cc:211:make_patterns_logic$2614: { $auto$simple.cc:193:make_patterns_logic$1885 $auto$simple.cc:193:make_patterns_logic$1887 $auto$simple.cc:193:make_patterns_logic$1889 $auto$simple.cc:193:make_patterns_logic$1891 $auto$rtlil.cc:3234:Not$1912 $auto$simple.cc:193:make_patterns_logic$2611 }
    Consolidated identical input bits for $mux cell $memory$flatten\scan.$auto$proc_rom.cc:155:do_switch$834$rdmux[0][3][3]$2545:
      Old ports: A={ $memory$flatten\scan.$auto$proc_rom.cc:155:do_switch$834$rdmux[0][3][0]$b$2538 [1] 1'0 $memory$flatten\scan.$auto$proc_rom.cc:155:do_switch$834$rdmux[0][3][0]$b$2538 [0] $memory$flatten\scan.$auto$proc_rom.cc:155:do_switch$834$rdmux[0][3][0]$b$2538 [0] $memory$flatten\scan.$auto$proc_rom.cc:155:do_switch$834$rdmux[0][3][0]$b$2538 [0] }, B={ 1'1 $memory$flatten\scan.$auto$proc_rom.cc:155:do_switch$834$rdmux[0][3][0]$b$2538 [1] $memory$flatten\scan.$auto$proc_rom.cc:155:do_switch$834$rdmux[0][3][0]$b$2538 [1:0] 1'0 }, Y={ $memory$flatten\scan.$auto$proc_rom.cc:155:do_switch$834$rdmux[0][2][1]$b$2529 [11] $memory$flatten\scan.$auto$proc_rom.cc:155:do_switch$834$rdmux[0][2][1]$b$2529 [6:5] $memory$flatten\scan.$auto$proc_rom.cc:155:do_switch$834$rdmux[0][2][1]$b$2529 [1:0] }
      New ports: A={ $memory$flatten\scan.$auto$proc_rom.cc:155:do_switch$834$rdmux[0][3][0]$b$2538 [1] 1'0 $memory$flatten\scan.$auto$proc_rom.cc:155:do_switch$834$rdmux[0][3][0]$b$2538 [0] $memory$flatten\scan.$auto$proc_rom.cc:155:do_switch$834$rdmux[0][3][0]$b$2538 [0] }, B={ 1'1 $memory$flatten\scan.$auto$proc_rom.cc:155:do_switch$834$rdmux[0][3][0]$b$2538 [1] $memory$flatten\scan.$auto$proc_rom.cc:155:do_switch$834$rdmux[0][3][0]$b$2538 [1] 1'0 }, Y={ $memory$flatten\scan.$auto$proc_rom.cc:155:do_switch$834$rdmux[0][2][1]$b$2529 [11] $memory$flatten\scan.$auto$proc_rom.cc:155:do_switch$834$rdmux[0][2][1]$b$2529 [6:5] $memory$flatten\scan.$auto$proc_rom.cc:155:do_switch$834$rdmux[0][2][1]$b$2529 [0] }
      New connections: $memory$flatten\scan.$auto$proc_rom.cc:155:do_switch$834$rdmux[0][2][1]$b$2529 [1] = $memory$flatten\scan.$auto$proc_rom.cc:155:do_switch$834$rdmux[0][3][0]$b$2538 [0]
    Consolidated identical input bits for $mux cell $memory$flatten\scan.$auto$proc_rom.cc:155:do_switch$834$rdmux[0][3][2]$2542:
      Old ports: A={ 1'1 $memory$flatten\scan.$auto$proc_rom.cc:155:do_switch$834$rdmux[0][3][0]$b$2538 [1] 1'0 $memory$flatten\scan.$auto$proc_rom.cc:155:do_switch$834$rdmux[0][3][0]$b$2538 [1:0] }, B={ $memory$flatten\scan.$auto$proc_rom.cc:155:do_switch$834$rdmux[0][3][0]$b$2538 [0] $memory$flatten\scan.$auto$proc_rom.cc:155:do_switch$834$rdmux[0][3][0]$b$2538 [0] $memory$flatten\scan.$auto$proc_rom.cc:155:do_switch$834$rdmux[0][3][0]$b$2538 [1] 1'0 $memory$flatten\scan.$auto$proc_rom.cc:155:do_switch$834$rdmux[0][3][0]$b$2538 [0] }, Y={ $memory$flatten\scan.$auto$proc_rom.cc:155:do_switch$834$rdmux[0][2][1]$a$2528 [10:9] $memory$flatten\scan.$auto$proc_rom.cc:155:do_switch$834$rdmux[0][2][1]$a$2528 [6] $memory$flatten\scan.$auto$proc_rom.cc:155:do_switch$834$rdmux[0][2][1]$a$2528 [1:0] }
      New ports: A={ 1'1 $memory$flatten\scan.$auto$proc_rom.cc:155:do_switch$834$rdmux[0][3][0]$b$2538 [1] 1'0 $memory$flatten\scan.$auto$proc_rom.cc:155:do_switch$834$rdmux[0][3][0]$b$2538 [1] }, B={ $memory$flatten\scan.$auto$proc_rom.cc:155:do_switch$834$rdmux[0][3][0]$b$2538 [0] $memory$flatten\scan.$auto$proc_rom.cc:155:do_switch$834$rdmux[0][3][0]$b$2538 [0] $memory$flatten\scan.$auto$proc_rom.cc:155:do_switch$834$rdmux[0][3][0]$b$2538 [1] 1'0 }, Y={ $memory$flatten\scan.$auto$proc_rom.cc:155:do_switch$834$rdmux[0][2][1]$a$2528 [10:9] $memory$flatten\scan.$auto$proc_rom.cc:155:do_switch$834$rdmux[0][2][1]$a$2528 [6] $memory$flatten\scan.$auto$proc_rom.cc:155:do_switch$834$rdmux[0][2][1]$a$2528 [1] }
      New connections: $memory$flatten\scan.$auto$proc_rom.cc:155:do_switch$834$rdmux[0][2][1]$a$2528 [0] = $memory$flatten\scan.$auto$proc_rom.cc:155:do_switch$834$rdmux[0][3][0]$b$2538 [0]
    Consolidated identical input bits for $mux cell $memory$flatten\scan.$auto$proc_rom.cc:155:do_switch$834$rdmux[0][3][1]$2539:
      Old ports: A={ $memory$flatten\scan.$auto$proc_rom.cc:155:do_switch$834$rdmux[0][3][1]$a$2540 [0] $memory$flatten\scan.$auto$proc_rom.cc:155:do_switch$834$rdmux[0][3][1]$a$2540 [8] 2'00 $memory$flatten\scan.$auto$proc_rom.cc:155:do_switch$834$rdmux[0][3][1]$a$2540 [0] }, B={ $memory$flatten\scan.$auto$proc_rom.cc:155:do_switch$834$rdmux[0][3][1]$a$2540 [8] $memory$flatten\scan.$auto$proc_rom.cc:155:do_switch$834$rdmux[0][3][1]$a$2540 [8] $memory$flatten\scan.$auto$proc_rom.cc:155:do_switch$834$rdmux[0][3][1]$a$2540 [8] $memory$flatten\scan.$auto$proc_rom.cc:155:do_switch$834$rdmux[0][3][1]$a$2540 [0] 1'0 }, Y={ $memory$flatten\scan.$auto$proc_rom.cc:155:do_switch$834$rdmux[0][2][0]$b$2526 [9:8] $memory$flatten\scan.$auto$proc_rom.cc:155:do_switch$834$rdmux[0][2][0]$b$2526 [5] $memory$flatten\scan.$auto$proc_rom.cc:155:do_switch$834$rdmux[0][2][0]$b$2526 [3] $memory$flatten\scan.$auto$proc_rom.cc:155:do_switch$834$rdmux[0][2][0]$b$2526 [0] }
      New ports: A={ $memory$flatten\scan.$auto$proc_rom.cc:155:do_switch$834$rdmux[0][3][1]$a$2540 [0] 2'00 $memory$flatten\scan.$auto$proc_rom.cc:155:do_switch$834$rdmux[0][3][1]$a$2540 [0] }, B={ $memory$flatten\scan.$auto$proc_rom.cc:155:do_switch$834$rdmux[0][3][1]$a$2540 [8] $memory$flatten\scan.$auto$proc_rom.cc:155:do_switch$834$rdmux[0][3][1]$a$2540 [8] $memory$flatten\scan.$auto$proc_rom.cc:155:do_switch$834$rdmux[0][3][1]$a$2540 [0] 1'0 }, Y={ $memory$flatten\scan.$auto$proc_rom.cc:155:do_switch$834$rdmux[0][2][0]$b$2526 [9] $memory$flatten\scan.$auto$proc_rom.cc:155:do_switch$834$rdmux[0][2][0]$b$2526 [5] $memory$flatten\scan.$auto$proc_rom.cc:155:do_switch$834$rdmux[0][2][0]$b$2526 [3] $memory$flatten\scan.$auto$proc_rom.cc:155:do_switch$834$rdmux[0][2][0]$b$2526 [0] }
      New connections: $memory$flatten\scan.$auto$proc_rom.cc:155:do_switch$834$rdmux[0][2][0]$b$2526 [8] = $memory$flatten\scan.$auto$proc_rom.cc:155:do_switch$834$rdmux[0][3][1]$a$2540 [8]
  Optimizing cells in module \video.
    Consolidated identical input bits for $mux cell $memory$flatten\scan.$auto$proc_rom.cc:155:do_switch$834$rdmux[0][2][1]$2527:
      Old ports: A={ $memory$flatten\scan.$auto$proc_rom.cc:155:do_switch$834$rdmux[0][2][1]$a$2528 [6] $memory$flatten\scan.$auto$proc_rom.cc:155:do_switch$834$rdmux[0][2][1]$a$2528 [10] $memory$flatten\scan.$auto$proc_rom.cc:155:do_switch$834$rdmux[0][2][1]$a$2528 [10:9] $memory$flatten\scan.$auto$proc_rom.cc:155:do_switch$834$rdmux[0][2][1]$a$2528 [0] $memory$flatten\scan.$auto$proc_rom.cc:155:do_switch$834$rdmux[0][2][1]$a$2528 [1] $memory$flatten\scan.$auto$proc_rom.cc:155:do_switch$834$rdmux[0][2][1]$a$2528 [6] 1'0 $memory$flatten\scan.$auto$proc_rom.cc:155:do_switch$834$rdmux[0][2][1]$a$2528 [1:0] }, B={ 1'1 $memory$flatten\scan.$auto$proc_rom.cc:155:do_switch$834$rdmux[0][2][1]$b$2529 [11] $memory$flatten\scan.$auto$proc_rom.cc:155:do_switch$834$rdmux[0][2][1]$b$2529 [6] 1'0 $memory$flatten\scan.$auto$proc_rom.cc:155:do_switch$834$rdmux[0][2][1]$b$2529 [1] 1'0 $memory$flatten\scan.$auto$proc_rom.cc:155:do_switch$834$rdmux[0][2][1]$b$2529 [6:5] $memory$flatten\scan.$auto$proc_rom.cc:155:do_switch$834$rdmux[0][2][1]$b$2529 [1:0] }, Y={ $memory$flatten\scan.$auto$proc_rom.cc:155:do_switch$834$rdmux[0][1][0]$b$2520 [12:5] $memory$flatten\scan.$auto$proc_rom.cc:155:do_switch$834$rdmux[0][1][0]$b$2520 [1:0] }
      New ports: A={ $memory$flatten\scan.$auto$proc_rom.cc:155:do_switch$834$rdmux[0][2][1]$a$2528 [6] $memory$flatten\scan.$auto$proc_rom.cc:155:do_switch$834$rdmux[0][2][1]$a$2528 [10] $memory$flatten\scan.$auto$proc_rom.cc:155:do_switch$834$rdmux[0][2][1]$a$2528 [10:9] $memory$flatten\scan.$auto$proc_rom.cc:155:do_switch$834$rdmux[0][2][1]$a$2528 [1] $memory$flatten\scan.$auto$proc_rom.cc:155:do_switch$834$rdmux[0][2][1]$a$2528 [6] 1'0 $memory$flatten\scan.$auto$proc_rom.cc:155:do_switch$834$rdmux[0][2][1]$a$2528 [1] $memory$flatten\scan.$auto$proc_rom.cc:155:do_switch$834$rdmux[0][3][0]$b$2538 [0] }, B={ 1'1 $memory$flatten\scan.$auto$proc_rom.cc:155:do_switch$834$rdmux[0][2][1]$b$2529 [11] $memory$flatten\scan.$auto$proc_rom.cc:155:do_switch$834$rdmux[0][2][1]$b$2529 [6] 2'00 $memory$flatten\scan.$auto$proc_rom.cc:155:do_switch$834$rdmux[0][2][1]$b$2529 [6:5] $memory$flatten\scan.$auto$proc_rom.cc:155:do_switch$834$rdmux[0][3][0]$b$2538 [0] $memory$flatten\scan.$auto$proc_rom.cc:155:do_switch$834$rdmux[0][2][1]$b$2529 [0] }, Y={ $memory$flatten\scan.$auto$proc_rom.cc:155:do_switch$834$rdmux[0][1][0]$b$2520 [12:9] $memory$flatten\scan.$auto$proc_rom.cc:155:do_switch$834$rdmux[0][1][0]$b$2520 [7:5] $memory$flatten\scan.$auto$proc_rom.cc:155:do_switch$834$rdmux[0][1][0]$b$2520 [1:0] }
      New connections: $memory$flatten\scan.$auto$proc_rom.cc:155:do_switch$834$rdmux[0][1][0]$b$2520 [8] = $memory$flatten\scan.$auto$proc_rom.cc:155:do_switch$834$rdmux[0][3][0]$b$2538 [0]
  Optimizing cells in module \video.
Performed a total of 5 changes.

6.30.12. Executing OPT_MERGE pass (detect identical cells).
Finding identical cells in module `\video'.
Computing hashes of 540 cells of `\video'.
Finding duplicate cells in `\video'.
Removed a total of 0 cells.

6.30.13. Executing OPT_DFF pass (perform DFF optimizations).
Adding SRST signal on $auto$ff.cc:337:slice$2160 ($sdffce) from module video (D = $flatten\scan.$add$panel_scan.v:147$748_Y [2], Q = \scan.state [2], rval = 1'0).
Adding SRST signal on $auto$ff.cc:337:slice$2160 ($sdffce) from module video (D = { $flatten\scan.$procmux$1674_Y [3] $flatten\scan.$procmux$1674_Y [1] }, Q = { \scan.state [3] \scan.state [1] }, rval = 2'11).
Adding SRST signal on $auto$ff.cc:337:slice$2617 ($dffe) from module video (D = \protocol.tx_data [7], Q = \uart_tx.shift [8], rval = 1'1).

6.30.14. Executing OPT_CLEAN pass (remove unused cells and wires).
Finding unused cells or wires in module \video..
Removed 1 unused cells and 3 unused wires.
<suppressed ~2 debug messages>

6.30.15. Executing OPT_EXPR pass (perform const folding).
Optimizing module video.

6.30.16. Rerunning OPT passes. (Maybe there is more to do..)

6.30.17. Executing OPT_MUXTREE pass (detect dead branches in mux trees).
Running muxtree optimizer on module \video..
  Creating internal representation of mux trees.
  Evaluating internal representation of mux trees.
  Analyzing evaluation results.
Removed 0 multiplexer ports.
<suppressed ~342 debug messages>

6.30.18. Executing OPT_REDUCE pass (consolidate $*mux and $reduce_* inputs).
  Optimizing cells in module \video.
Performed a total of 0 changes.

6.30.19. Executing OPT_MERGE pass (detect identical cells).
Finding identical cells in module `\video'.
Computing hashes of 544 cells of `\video'.
Finding duplicate cells in `\video'.
Computing hashes of 543 cells of `\video'.
Finding duplicate cells in `\video'.
<suppressed ~3 debug messages>
Removed a total of 1 cells.

6.30.20. Executing OPT_DFF pass (perform DFF optimizations).

6.30.21. Executing OPT_CLEAN pass (remove unused cells and wires).
Finding unused cells or wires in module \video..
Removed 0 unused cells and 1 unused wires.
<suppressed ~1 debug messages>

6.30.22. Executing OPT_EXPR pass (perform const folding).
Optimizing module video.

6.30.23. Rerunning OPT passes. (Maybe there is more to do..)

6.30.24. Executing OPT_MUXTREE pass (detect dead branches in mux trees).
Running muxtree optimizer on module \video..
  Creating internal representation of mux trees.
  Evaluating internal representation of mux trees.
  Analyzing evaluation results.
Removed 0 multiplexer ports.
<suppressed ~342 debug messages>

6.30.25. Executing OPT_REDUCE pass (consolidate $*mux and $reduce_* inputs).
  Optimizing cells in module \video.
Performed a total of 0 changes.

6.30.26. Executing OPT_MERGE pass (detect identical cells).
Finding identical cells in module `\video'.
Computing hashes of 543 cells of `\video'.
Finding duplicate cells in `\video'.
Removed a total of 0 cells.

6.30.27. Executing OPT_DFF pass (perform DFF optimizations).

6.30.28. Executing OPT_CLEAN pass (remove unused cells and wires).
Finding unused cells or wires in module \video..

6.30.29. Executing OPT_EXPR pass (perform const folding).
Optimizing module video.

6.30.30. Finished fast OPT passes. (There is nothing left to do.)

6.31. Executing ICE40_WRAPCARRY pass (wrap carries).

6.32. Executing TECHMAP pass (map to technology primitives).

6.32.1. Executing Verilog-2005 frontend: C:\oss-cad-suite\bin\../share/yosys/techmap.v
Parsing Verilog input from `C:\oss-cad-suite\bin\../share/yosys/techmap.v' to AST representation.
Generating RTLIL representation for module `\_90_simplemap_bool_ops'.
Generating RTLIL representation for module `\_90_simplemap_reduce_ops'.
Generating RTLIL representation for module `\_90_simplemap_logic_ops'.
Generating RTLIL representation for module `\_90_simplemap_compare_ops'.
Generating RTLIL representation for module `\_90_simplemap_various'.
Generating RTLIL representation for module `\_90_simplemap_registers'.
Generating RTLIL representation for module `\_90_shift_ops_shr_shl_sshl_sshr'.
Generating RTLIL representation for module `\_90_shift_shiftx'.
Generating RTLIL representation for module `\_90_fa'.
Generating RTLIL representation for module `\_90_lcu_brent_kung'.
Generating RTLIL representation for module `\_90_alu'.
Generating RTLIL representation for module `\_90_macc'.
Generating RTLIL representation for module `\_90_alumacc'.
Generating RTLIL representation for module `$__div_mod_u'.
Generating RTLIL representation for module `$__div_mod_trunc'.
Generating RTLIL representation for module `\_90_div'.
Generating RTLIL representation for module `\_90_mod'.
Generating RTLIL representation for module `$__div_mod_floor'.
Generating RTLIL representation for module `\_90_divfloor'.
Generating RTLIL representation for module `\_90_modfloor'.
Generating RTLIL representation for module `\_90_pow'.
Generating RTLIL representation for module `\_90_demux'.
Generating RTLIL representation for module `\_90_lut'.
Generating RTLIL representation for module `$connect'.
Generating RTLIL representation for module `$input_port'.
Successfully finished Verilog frontend.

6.32.2. Executing Verilog-2005 frontend: C:\oss-cad-suite\bin\../share/yosys/ice40/arith_map.v
Parsing Verilog input from `C:\oss-cad-suite\bin\../share/yosys/ice40/arith_map.v' to AST representation.
Generating RTLIL representation for module `\_80_ice40_alu'.
Successfully finished Verilog frontend.

6.32.3. Continuing TECHMAP pass.
Using extmapper simplemap for cells of type $dffe.
Using extmapper simplemap for cells of type $sdffce.
Using extmapper simplemap for cells of type $reduce_or.
Using extmapper simplemap for cells of type $xor.
Using extmapper simplemap for cells of type $sdffe.
Using extmapper simplemap for cells of type $reduce_and.
Using extmapper simplemap for cells of type $ne.
Using extmapper simplemap for cells of type $not.
Using extmapper simplemap for cells of type $mux.
Using extmapper simplemap for cells of type $dff.
Using template $paramod$175e67c02b86e96b1288b9dc100122520d7240d8\_90_alu for cells of type $alu.
Using template $paramod$956e79e8f8c5e64be7438155ae50a966e615cb04\_80_ice40_alu for cells of type $alu.
Using template $paramod$d588c4475f18bc347201f0f2671d73b8c1e7b7ea\_80_ice40_alu for cells of type $alu.
Using template $paramod$3ef7d3dd227da7627a99c5e5a6a4deb817573e39\_80_ice40_alu for cells of type $alu.
Using template $paramod$025d767fc934a3e7d59a671de523743ebaa07759\_80_ice40_alu for cells of type $alu.
Using template $paramod$b18e16801adf491a64caa0542270798e5d4ac6b6\_80_ice40_alu for cells of type $alu.
Using extmapper simplemap for cells of type $or.
Using template $paramod$8742280fdebca84e1c87f2a86ed84f62d558f4cc\_80_ice40_alu for cells of type $alu.
Using template $paramod$32a7b7b86c07519b7537abc18e96f0331f97914d\_80_ice40_alu for cells of type $alu.
Using template $paramod$215440792383f7884e57d9c95f84e9552d0bf4ac\_80_ice40_alu for cells of type $alu.
Using template $paramod$672a140277c71df8314410f22acc08d55222c3c7\_80_ice40_alu for cells of type $alu.
Using template $paramod$c3cd1564c35d873179656addd6052d7ea8b6d991\_80_ice40_alu for cells of type $alu.
Using template $paramod$c6885379b74fbbf6906b35106e386e521d86cbb2\_80_ice40_alu for cells of type $alu.
Using template $paramod$32efbfac1c4dc57230cf86180788fdfd12e3b511\_80_ice40_alu for cells of type $alu.
Using template $paramod$3ef274a4ad1e446c08416d1cf6cb5ab03146d407\_80_ice40_alu for cells of type $alu.
Using template $paramod$2af30114e9bd4ccb04dad757b3f0a8f6bf0615b0\_80_ice40_alu for cells of type $alu.
Using template $paramod$ee9f135470291f7e9a702a13ca7a0f3b25d94913\_80_ice40_alu for cells of type $alu.
Using template $paramod$201d586eed2569f095ddeba6db16e40b8442bc0c\_80_ice40_alu for cells of type $alu.
Using template $paramod$e61f808441c14776646ccea05e0cf89bac53ccdb\_80_ice40_alu for cells of type $alu.
Using template $paramod$795d817be7d199881e47de72f8a46d9f056cb4cd\_80_ice40_alu for cells of type $alu.
Using template $paramod$a40b3a69ab2154dca9743e30e1e84efb03b892b4\_80_ice40_alu for cells of type $alu.
Using template $paramod$dad13a281fa6a9ffd6dd427a87dc9a952e80e9ea\_80_ice40_alu for cells of type $alu.
Using extmapper simplemap for cells of type $sdff.
Using extmapper simplemap for cells of type $reduce_bool.
Using extmapper simplemap for cells of type $logic_and.
Using extmapper simplemap for cells of type $logic_or.
Using extmapper simplemap for cells of type $pmux.
Using extmapper simplemap for cells of type $logic_not.
Using extmapper simplemap for cells of type $eq.
Using template $paramod$constmap:ed202111594f0a1b622ac8dc4bd7c990ea27025c$paramod$40ccfd5a7f1418017a9af25543d0c43a198b5946\_90_shift_shiftx for cells of type $shift.
Using extmapper simplemap for cells of type $and.
Analyzing pattern of constant bits for this cell:
  Constant input on bit 0 of port A: 1'1
Creating constmapped module `$paramod$constmap:aaa79bdfe7451deca7ae697c0784fd1c184bd8f2$paramod$40ccfd5a7f1418017a9af25543d0c43a198b5946\_90_shift_shiftx'.

6.32.52. Executing OPT_MUXTREE pass (detect dead branches in mux trees).
Running muxtree optimizer on module $paramod$constmap:aaa79bdfe7451deca7ae697c0784fd1c184bd8f2$paramod$40ccfd5a7f1418017a9af25543d0c43a198b5946\_90_shift_shiftx..
  Creating internal representation of mux trees.
  Evaluating internal representation of mux trees.
  Analyzing evaluation results.
    dead port 2/2 on $mux $procmux$3809.
    dead port 2/2 on $mux $procmux$3815.
    dead port 2/2 on $mux $procmux$3821.
Removed 3 multiplexer ports.
<suppressed ~891 debug messages>

6.32.53. Executing OPT_EXPR pass (perform const folding).
Optimizing module $paramod$constmap:aaa79bdfe7451deca7ae697c0784fd1c184bd8f2$paramod$40ccfd5a7f1418017a9af25543d0c43a198b5946\_90_shift_shiftx.
<suppressed ~2 debug messages>
Removed 0 unused cells and 9 unused wires.
Using template $paramod$constmap:aaa79bdfe7451deca7ae697c0784fd1c184bd8f2$paramod$40ccfd5a7f1418017a9af25543d0c43a198b5946\_90_shift_shiftx for cells of type $shift.
Using extmapper simplemap for cells of type $lut.
Using template $paramod$constmap:00482261d5eb17ca29819b319c2c3bf258666822$paramod$534ba9013f7b667d34f4eeb618f19cca18ce2e2b\_90_shift_shiftx for cells of type $shift.
Analyzing pattern of constant bits for this cell:
  Constant input on bit 0 of port A: 1'1
  Constant input on bit 1 of port A: 1'1
  Constant input on bit 2 of port A: 1'1
  Constant input on bit 3 of port A: 1'1
  Constant input on bit 4 of port A: 1'1
  Constant input on bit 5 of port A: 1'1
  Constant input on bit 6 of port A: 1'1
  Constant input on bit 7 of port A: 1'1
Creating constmapped module `$paramod$constmap:7307a6267aa0cde8522afa9cfbebdb07702d3528$paramod$534ba9013f7b667d34f4eeb618f19cca18ce2e2b\_90_shift_shiftx'.

6.32.59. Executing OPT_MUXTREE pass (detect dead branches in mux trees).
Running muxtree optimizer on module $paramod$constmap:7307a6267aa0cde8522afa9cfbebdb07702d3528$paramod$534ba9013f7b667d34f4eeb618f19cca18ce2e2b\_90_shift_shiftx..
  Creating internal representation of mux trees.
  Evaluating internal representation of mux trees.
  Analyzing evaluation results.
    dead port 2/2 on $mux $procmux$5575.
    dead port 2/2 on $mux $procmux$5581.
    dead port 2/2 on $mux $procmux$5587.
    dead port 2/2 on $mux $procmux$5593.
    dead port 2/2 on $mux $procmux$5599.
    dead port 2/2 on $mux $procmux$5605.
    dead port 2/2 on $mux $procmux$5611.
Removed 7 multiplexer ports.
<suppressed ~618 debug messages>

6.32.60. Executing OPT_EXPR pass (perform const folding).
Optimizing module $paramod$constmap:7307a6267aa0cde8522afa9cfbebdb07702d3528$paramod$534ba9013f7b667d34f4eeb618f19cca18ce2e2b\_90_shift_shiftx.
<suppressed ~27 debug messages>
Removed 0 unused cells and 12 unused wires.
Using template $paramod$constmap:7307a6267aa0cde8522afa9cfbebdb07702d3528$paramod$534ba9013f7b667d34f4eeb618f19cca18ce2e2b\_90_shift_shiftx for cells of type $shift.
Using template $paramod$constmap:3da7e2908527d0666de4df8d3eb9ab2898ebcab9$paramod$65db6eeb8592a0d91e4389b9a9984f5f94b5192f\_90_shift_shiftx for cells of type $shiftx.
Using extmapper simplemap for cells of type $tribuf.
Using template $paramod$constmap:ca40025d9c1c1920e4352d25d2a9ff0f55c95f6f$paramod$2abd261e58bbf3b57ed6fa6d6d94da088bf47f2d\_90_shift_shiftx for cells of type $shiftx.
Using template $paramod$constmap:2587df5f34ddd9b34820c9f2041c6b3a6cdc78b4$paramod$2946c6b859aa2752201bd458da4a1bc8333accc9\_90_shift_shiftx for cells of type $shiftx.
Using extmapper simplemap for cells of type $pos.
Using template $paramod\_90_fa\WIDTH=32'00000000000000000000000000000010 for cells of type $fa.
Using template $paramod\_90_lcu_brent_kung\WIDTH=32'00000000000000000000000000000010 for cells of type $lcu.
No more expansions possible.
<suppressed ~1363 debug messages>

6.33. Executing OPT pass (performing simple optimizations).

6.33.1. Executing OPT_EXPR pass (perform const folding).
Optimizing module video.
<suppressed ~5425 debug messages>

6.33.2. Executing OPT_MERGE pass (detect identical cells).
Finding identical cells in module `\video'.
Computing hashes of 4190 cells of `\video'.
Finding duplicate cells in `\video'.
Computing hashes of 3758 cells of `\video'.
Finding duplicate cells in `\video'.
Computing hashes of 3652 cells of `\video'.
Finding duplicate cells in `\video'.
Computing hashes of 3619 cells of `\video'.
Finding duplicate cells in `\video'.
Computing hashes of 3603 cells of `\video'.
Finding duplicate cells in `\video'.
Computing hashes of 3602 cells of `\video'.
Finding duplicate cells in `\video'.
Computing hashes of 3601 cells of `\video'.
Finding duplicate cells in `\video'.
Computing hashes of 3600 cells of `\video'.
Finding duplicate cells in `\video'.
Computing hashes of 3599 cells of `\video'.
Finding duplicate cells in `\video'.
Computing hashes of 3598 cells of `\video'.
Finding duplicate cells in `\video'.
Computing hashes of 3597 cells of `\video'.
Finding duplicate cells in `\video'.
Computing hashes of 3596 cells of `\video'.
Finding duplicate cells in `\video'.
Computing hashes of 3595 cells of `\video'.
Finding duplicate cells in `\video'.
Computing hashes of 3594 cells of `\video'.
Finding duplicate cells in `\video'.
Computing hashes of 3593 cells of `\video'.
Finding duplicate cells in `\video'.
Computing hashes of 3592 cells of `\video'.
Finding duplicate cells in `\video'.
Computing hashes of 3591 cells of `\video'.
Finding duplicate cells in `\video'.
Computing hashes of 3590 cells of `\video'.
Finding duplicate cells in `\video'.
Computing hashes of 3589 cells of `\video'.
Finding duplicate cells in `\video'.
Computing hashes of 3588 cells of `\video'.
Finding duplicate cells in `\video'.
Computing hashes of 3587 cells of `\video'.
Finding duplicate cells in `\video'.
Computing hashes of 3586 cells of `\video'.
Finding duplicate cells in `\video'.
Computing hashes of 3585 cells of `\video'.
Finding duplicate cells in `\video'.
Computing hashes of 3584 cells of `\video'.
Finding duplicate cells in `\video'.
Computing hashes of 3583 cells of `\video'.
Finding duplicate cells in `\video'.
Computing hashes of 3582 cells of `\video'.
Finding duplicate cells in `\video'.
<suppressed ~1824 debug messages>
Removed a total of 608 cells.

6.33.3. Executing OPT_DFF pass (perform DFF optimizations).
Adding SRST signal on $auto$ff.cc:337:slice$2741 ($_DFFE_PP_) from module video (D = $auto$simplemap.cc:189:logic_reduce$3720, Q = \uart_rx.timer [0], rval = 1'0).
Adding SRST signal on $auto$ff.cc:337:slice$3594 ($_DFFE_PP_) from module video (D = $auto$simplemap.cc:189:logic_reduce$3706, Q = \uart_rx.state [1], rval = 1'0).
Adding SRST signal on $auto$ff.cc:337:slice$2807 ($_DFFE_PP_) from module video (D = $auto$simplemap.cc:189:logic_reduce$3748, Q = \uart_rx.timer [4], rval = 1'0).
Adding SRST signal on $auto$ff.cc:337:slice$2981 ($_DFFE_PN_) from module video (D = $auto$simplemap.cc:189:logic_reduce$6608, Q = \scan.rgb [5], rval = 1'0).
Adding SRST signal on $auto$ff.cc:337:slice$2975 ($_DFFE_PN_) from module video (D = $auto$simplemap.cc:189:logic_reduce$6790, Q = \scan.OE, rval = 1'0).
Adding SRST signal on $auto$ff.cc:337:slice$2974 ($_DFFE_PN_) from module video (D = $auto$simplemap.cc:189:logic_reduce$6765, Q = \scan.LAT, rval = 1'0).
Adding SRST signal on $auto$ff.cc:337:slice$2804 ($_DFFE_PP_) from module video (D = $auto$simplemap.cc:189:logic_reduce$3727, Q = \uart_rx.timer [1], rval = 1'0).
Adding SRST signal on $auto$ff.cc:337:slice$2805 ($_DFFE_PP_) from module video (D = $auto$simplemap.cc:189:logic_reduce$3734, Q = \uart_rx.timer [2], rval = 1'1).
Adding SRST signal on $auto$ff.cc:337:slice$2806 ($_DFFE_PP_) from module video (D = $auto$simplemap.cc:189:logic_reduce$3741, Q = \uart_rx.timer [3], rval = 1'1).
Adding SRST signal on $auto$ff.cc:337:slice$2976 ($_DFFE_PN_) from module video (D = $auto$simplemap.cc:189:logic_reduce$6573, Q = \scan.rgb [0], rval = 1'0).
Adding SRST signal on $auto$ff.cc:337:slice$2977 ($_DFFE_PN_) from module video (D = $auto$simplemap.cc:189:logic_reduce$6580, Q = \scan.rgb [1], rval = 1'0).
Adding SRST signal on $auto$ff.cc:337:slice$2978 ($_DFFE_PN_) from module video (D = $auto$simplemap.cc:189:logic_reduce$6587, Q = \scan.rgb [2], rval = 1'0).
Adding SRST signal on $auto$ff.cc:337:slice$2979 ($_DFFE_PN_) from module video (D = $auto$simplemap.cc:189:logic_reduce$6594, Q = \scan.rgb [3], rval = 1'0).
Adding SRST signal on $auto$ff.cc:337:slice$2980 ($_DFFE_PN_) from module video (D = $auto$simplemap.cc:189:logic_reduce$6601, Q = \scan.rgb [4], rval = 1'0).
Adding SRST signal on $auto$ff.cc:337:slice$3217 ($_DFFE_PP_) from module video (D = $auto$simplemap.cc:189:logic_reduce$5271, Q = \memory.state [1], rval = 1'0).
Adding SRST signal on $auto$ff.cc:337:slice$3218 ($_DFFE_PP_) from module video (D = $auto$simplemap.cc:189:logic_reduce$5311, Q = \memory.state [2], rval = 1'0).
Adding SRST signal on $auto$ff.cc:337:slice$3219 ($_DFFE_PP_) from module video (D = $auto$simplemap.cc:189:logic_reduce$5351, Q = \memory.state [3], rval = 1'0).
Adding SRST signal on $auto$ff.cc:337:slice$3593 ($_DFFE_PP_) from module video (D = $auto$simplemap.cc:189:logic_reduce$3695, Q = \uart_rx.state [0], rval = 1'1).

6.33.4. Executing OPT_CLEAN pass (remove unused cells and wires).
Finding unused cells or wires in module \video..
Removed 496 unused cells and 1661 unused wires.
<suppressed ~497 debug messages>

6.33.5. Rerunning OPT passes. (Removed registers in this run.)

6.33.6. Executing OPT_EXPR pass (perform const folding).
Optimizing module video.
<suppressed ~9 debug messages>

6.33.7. Executing OPT_MERGE pass (detect identical cells).
Finding identical cells in module `\video'.
Computing hashes of 3077 cells of `\video'.
Finding duplicate cells in `\video'.
Removed a total of 0 cells.

6.33.8. Executing OPT_DFF pass (perform DFF optimizations).

6.33.9. Executing OPT_CLEAN pass (remove unused cells and wires).
Finding unused cells or wires in module \video..
Removed 0 unused cells and 1 unused wires.
<suppressed ~1 debug messages>

6.33.10. Finished fast OPT passes.

6.34. Executing ICE40_OPT pass (performing simple optimizations).

6.34.1. Running ICE40 specific optimizations.
Optimized $__ICE40_CARRY_WRAPPER cell back to logic (without SB_CARRY) video.$auto$alumacc.cc:548:replace_alu$2228.slice[0].carry: CO=\scan.phase [3]
Optimized $__ICE40_CARRY_WRAPPER cell back to logic (without SB_CARRY) video.$auto$alumacc.cc:548:replace_alu$2233.slice[0].carry: CO=\scan.phase [2]
Optimized $__ICE40_CARRY_WRAPPER cell back to logic (without SB_CARRY) video.$auto$alumacc.cc:548:replace_alu$2246.slice[0].carry: CO=\scan.count [0]
Optimized $__ICE40_CARRY_WRAPPER cell back to logic (without SB_CARRY) video.$auto$alumacc.cc:548:replace_alu$2259.slice[0].carry: CO=\scan.count [1]
Optimized $__ICE40_CARRY_WRAPPER cell back to logic (without SB_CARRY) video.$auto$alumacc.cc:548:replace_alu$2264.slice[0].carry: CO=\scan.count [0]
Optimized $__ICE40_CARRY_WRAPPER cell back to logic (without SB_CARRY) video.$auto$alumacc.cc:548:replace_alu$2269.slice[0].carry: CO=\scan.count [0]
Optimized $__ICE40_CARRY_WRAPPER cell back to logic (without SB_CARRY) video.$auto$alumacc.cc:548:replace_alu$2277.slice[0].carry: CO=\scan.state [0]
Optimized $__ICE40_CARRY_WRAPPER cell back to logic (without SB_CARRY) video.$auto$alumacc.cc:548:replace_alu$2280.slice[0].carry: CO=\scan.count [0]
Optimized $__ICE40_CARRY_WRAPPER cell back to logic (without SB_CARRY) video.$auto$alumacc.cc:548:replace_alu$2283.slice[0].carry: CO=\memory.boot_address [0]
Optimized $__ICE40_CARRY_WRAPPER cell back to logic (without SB_CARRY) video.$auto$alumacc.cc:548:replace_alu$2286.slice[0].carry: CO=1'1
Optimized $__ICE40_CARRY_WRAPPER cell back to logic (without SB_CARRY) video.$auto$alumacc.cc:548:replace_alu$2286.slice[1].carry: CO=$auto$alumacc.cc:548:replace_alu$2286.C [1]
Optimized $__ICE40_CARRY_WRAPPER cell back to logic (without SB_CARRY) video.$auto$alumacc.cc:548:replace_alu$2286.slice[2].carry: CO=$auto$alumacc.cc:548:replace_alu$2286.C [2]
Optimized $__ICE40_CARRY_WRAPPER cell back to logic (without SB_CARRY) video.$auto$alumacc.cc:548:replace_alu$2286.slice[6].carry: CO=$auto$alumacc.cc:548:replace_alu$2286.C [6]
Optimized $__ICE40_CARRY_WRAPPER cell back to logic (without SB_CARRY) video.$auto$alumacc.cc:548:replace_alu$2286.slice[7].carry: CO=$auto$alumacc.cc:548:replace_alu$2286.C [7]
Optimized $__ICE40_CARRY_WRAPPER cell back to logic (without SB_CARRY) video.$auto$alumacc.cc:548:replace_alu$2286.slice[8].carry: CO=$auto$alumacc.cc:548:replace_alu$2286.C [8]
Optimized $__ICE40_CARRY_WRAPPER cell back to logic (without SB_CARRY) video.$auto$alumacc.cc:548:replace_alu$2286.slice[9].carry: CO=$auto$alumacc.cc:548:replace_alu$2286.C [9]
Optimized $__ICE40_CARRY_WRAPPER cell back to logic (without SB_CARRY) video.$auto$alumacc.cc:548:replace_alu$2286.slice[10].carry: CO=$auto$alumacc.cc:548:replace_alu$2286.C [10]
Optimized $__ICE40_CARRY_WRAPPER cell back to logic (without SB_CARRY) video.$auto$alumacc.cc:548:replace_alu$2286.slice[11].carry: CO=$auto$alumacc.cc:548:replace_alu$2286.C [11]
Optimized $__ICE40_CARRY_WRAPPER cell back to logic (without SB_CARRY) video.$auto$alumacc.cc:548:replace_alu$2286.slice[12].carry: CO=$auto$alumacc.cc:548:replace_alu$2286.C [12]
Optimized $__ICE40_CARRY_WRAPPER cell back to logic (without SB_CARRY) video.$auto$alumacc.cc:548:replace_alu$2286.slice[13].carry: CO=$auto$alumacc.cc:548:replace_alu$2286.C [13]
Optimized $__ICE40_CARRY_WRAPPER cell back to logic (without SB_CARRY) video.$auto$alumacc.cc:548:replace_alu$2286.slice[14].carry: CO=$auto$alumacc.cc:548:replace_alu$2286.C [14]
Optimized $__ICE40_CARRY_WRAPPER cell back to logic (without SB_CARRY) video.$auto$alumacc.cc:548:replace_alu$2286.slice[15].carry: CO=$auto$alumacc.cc:548:replace_alu$2286.C [15]
Optimized $__ICE40_CARRY_WRAPPER cell back to logic (without SB_CARRY) video.$auto$alumacc.cc:548:replace_alu$2286.slice[16].carry: CO=$auto$alumacc.cc:548:replace_alu$2286.C [16]
Optimized $__ICE40_CARRY_WRAPPER cell back to logic (without SB_CARRY) video.$auto$alumacc.cc:548:replace_alu$2286.slice[17].carry: CO=$auto$alumacc.cc:548:replace_alu$2286.C [17]
Optimized $__ICE40_CARRY_WRAPPER cell back to logic (without SB_CARRY) video.$auto$alumacc.cc:548:replace_alu$2286.slice[18].carry: CO=$auto$alumacc.cc:548:replace_alu$2286.C [18]
Optimized $__ICE40_CARRY_WRAPPER cell back to logic (without SB_CARRY) video.$auto$alumacc.cc:548:replace_alu$2286.slice[19].carry: CO=$auto$alumacc.cc:548:replace_alu$2286.C [19]
Optimized $__ICE40_CARRY_WRAPPER cell back to logic (without SB_CARRY) video.$auto$alumacc.cc:548:replace_alu$2286.slice[20].carry: CO=$auto$alumacc.cc:548:replace_alu$2286.C [20]
Optimized $__ICE40_CARRY_WRAPPER cell back to logic (without SB_CARRY) video.$auto$alumacc.cc:548:replace_alu$2286.slice[21].carry: CO=$auto$alumacc.cc:548:replace_alu$2286.C [21]
Optimized $__ICE40_CARRY_WRAPPER cell back to logic (without SB_CARRY) video.$auto$alumacc.cc:548:replace_alu$2286.slice[22].carry: CO=$auto$alumacc.cc:548:replace_alu$2286.C [22]
Optimized $__ICE40_CARRY_WRAPPER cell back to logic (without SB_CARRY) video.$auto$alumacc.cc:548:replace_alu$2286.slice[23].carry: CO=$auto$alumacc.cc:548:replace_alu$2286.C [23]
Optimized $__ICE40_CARRY_WRAPPER cell back to logic (without SB_CARRY) video.$auto$alumacc.cc:548:replace_alu$2286.slice[24].carry: CO=$auto$alumacc.cc:548:replace_alu$2286.C [24]
Optimized $__ICE40_CARRY_WRAPPER cell back to logic (without SB_CARRY) video.$auto$alumacc.cc:548:replace_alu$2286.slice[25].carry: CO=$auto$alumacc.cc:548:replace_alu$2286.C [25]
Optimized $__ICE40_CARRY_WRAPPER cell back to logic (without SB_CARRY) video.$auto$alumacc.cc:548:replace_alu$2286.slice[26].carry: CO=$auto$alumacc.cc:548:replace_alu$2286.C [26]
Optimized $__ICE40_CARRY_WRAPPER cell back to logic (without SB_CARRY) video.$auto$alumacc.cc:548:replace_alu$2286.slice[27].carry: CO=$auto$alumacc.cc:548:replace_alu$2286.C [27]
Optimized $__ICE40_CARRY_WRAPPER cell back to logic (without SB_CARRY) video.$auto$alumacc.cc:548:replace_alu$2286.slice[28].carry: CO=$auto$alumacc.cc:548:replace_alu$2286.C [28]
Optimized $__ICE40_CARRY_WRAPPER cell back to logic (without SB_CARRY) video.$auto$alumacc.cc:548:replace_alu$2286.slice[29].carry: CO=$auto$alumacc.cc:548:replace_alu$2286.C [29]
Optimized $__ICE40_CARRY_WRAPPER cell back to logic (without SB_CARRY) video.$auto$alumacc.cc:548:replace_alu$2286.slice[30].carry: CO=$auto$alumacc.cc:548:replace_alu$2286.C [30]
Optimized $__ICE40_CARRY_WRAPPER cell back to logic (without SB_CARRY) video.$auto$alumacc.cc:548:replace_alu$2286.slice[31].carry: CO=$auto$alumacc.cc:548:replace_alu$2286.C [31]
Optimized $__ICE40_CARRY_WRAPPER cell back to logic (without SB_CARRY) video.$auto$alumacc.cc:548:replace_alu$2286.slice[32].carry: CO=$auto$alumacc.cc:548:replace_alu$2286.C [32]
Optimized $__ICE40_CARRY_WRAPPER cell back to logic (without SB_CARRY) video.$auto$alumacc.cc:548:replace_alu$2289.slice[0].carry: CO=\memory.plane [0]
Optimized $__ICE40_CARRY_WRAPPER cell back to logic (without SB_CARRY) video.$auto$alumacc.cc:548:replace_alu$2295.slice[0].carry: CO=\scan.phase [0]
Optimized $__ICE40_CARRY_WRAPPER cell back to logic (without SB_CARRY) video.$auto$alumacc.cc:548:replace_alu$2298.slice[0].carry: CO=\scan.scan_row [0]
Optimized $__ICE40_CARRY_WRAPPER cell back to logic (without SB_CARRY) video.$auto$alumacc.cc:548:replace_alu$2301.slice[0].carry: CO=\protocol.crc_steps [0]
Optimized $__ICE40_CARRY_WRAPPER cell back to logic (without SB_CARRY) video.$auto$alumacc.cc:548:replace_alu$2304.slice[0].carry: CO=\protocol.idle_ticks [0]
Optimized $__ICE40_CARRY_WRAPPER cell back to logic (without SB_CARRY) video.$auto$alumacc.cc:548:replace_alu$2310.slice[0].carry: CO=\protocol.reply_index [0]
Optimized $__ICE40_CARRY_WRAPPER cell back to logic (without SB_CARRY) video.$auto$alumacc.cc:548:replace_alu$2313.slice[0].carry: CO=\scan.tick_div [0]
Optimized $__ICE40_CARRY_WRAPPER cell back to logic (without SB_CARRY) video.$auto$alumacc.cc:548:replace_alu$2316.slice[0].carry: CO=\scan.config_index [0]
Optimized $__ICE40_CARRY_WRAPPER cell back to logic (without SB_CARRY) video.$auto$alumacc.cc:548:replace_alu$2319.slice[0].carry: CO=\protocol.offset [0]
Optimized $__ICE40_CARRY_WRAPPER cell back to logic (without SB_CARRY) video.$auto$alumacc.cc:548:replace_alu$2325.slice[0].carry: CO=\uart_tx.timer [1]
Optimized $__ICE40_CARRY_WRAPPER cell back to logic (without SB_CARRY) video.$auto$alumacc.cc:548:replace_alu$2336.slice[0].carry: CO=\uart_tx.timer [0]
Optimized $__ICE40_CARRY_WRAPPER cell back to logic (without SB_CARRY) video.$auto$alumacc.cc:548:replace_alu$2339.slice[0].carry: CO=\uart_tx.bit_index [0]
Optimized $__ICE40_CARRY_WRAPPER cell back to logic (without SB_CARRY) video.$auto$alumacc.cc:548:replace_alu$2342.slice[0].carry: CO=\uart_rx.timer [1]
Optimized $__ICE40_CARRY_WRAPPER cell back to logic (without SB_CARRY) video.$auto$alumacc.cc:548:replace_alu$2353.slice[0].carry: CO=\uart_rx.timer [0]
Optimized $__ICE40_CARRY_WRAPPER cell back to logic (without SB_CARRY) video.$auto$alumacc.cc:548:replace_alu$2356.slice[0].carry: CO=$auto$alumacc.cc:548:replace_alu$2356.BB [0]
Optimized $__ICE40_CARRY_WRAPPER cell back to logic (without SB_CARRY) video.$auto$alumacc.cc:548:replace_alu$2356.slice[3].carry: CO=$auto$alumacc.cc:548:replace_alu$2356.C [3]
Optimized $__ICE40_CARRY_WRAPPER cell back to logic (without SB_CARRY) video.$auto$alumacc.cc:548:replace_alu$2359.slice[0].carry: CO=\uart_rx.bit_index [0]
Optimized $__ICE40_CARRY_WRAPPER cell back to logic (without SB_CARRY) video.$auto$alumacc.cc:548:replace_alu$2362.slice[0].carry: CO=\scan.length [0]
Optimized $__ICE40_CARRY_WRAPPER cell back to logic (without SB_CARRY) video.$auto$alumacc.cc:548:replace_alu$2362.slice[8].carry: CO=$auto$alumacc.cc:548:replace_alu$2362.C [8]
Optimized $__ICE40_CARRY_WRAPPER cell back to logic (without SB_CARRY) video.$auto$alumacc.cc:548:replace_alu$2362.slice[10].carry: CO=$auto$alumacc.cc:548:replace_alu$2362.C [10]
Optimized $__ICE40_CARRY_WRAPPER cell back to logic (without SB_CARRY) video.$auto$alumacc.cc:548:replace_alu$2362.slice[11].carry: CO=$auto$alumacc.cc:548:replace_alu$2362.C [11]
Optimized $__ICE40_CARRY_WRAPPER cell back to logic (without SB_CARRY) video.$auto$alumacc.cc:548:replace_alu$2362.slice[12].carry: CO=$auto$alumacc.cc:548:replace_alu$2362.C [12]
Optimized $__ICE40_CARRY_WRAPPER cell back to logic (without SB_CARRY) video.$auto$alumacc.cc:548:replace_alu$2362.slice[13].carry: CO=$auto$alumacc.cc:548:replace_alu$2362.C [13]
Optimized $__ICE40_CARRY_WRAPPER cell back to logic (without SB_CARRY) video.$auto$alumacc.cc:548:replace_alu$2362.slice[16].carry: CO=$auto$alumacc.cc:548:replace_alu$2362.C [16]
Optimized $__ICE40_CARRY_WRAPPER cell back to logic (without SB_CARRY) video.$auto$alumacc.cc:548:replace_alu$2365.slice[0].carry: CO=\scan.heartbeat [0]

6.34.2. Executing OPT_EXPR pass (perform const folding).
Optimizing module video.
<suppressed ~2 debug messages>

6.34.3. Executing OPT_MERGE pass (detect identical cells).
Finding identical cells in module `\video'.
Computing hashes of 3075 cells of `\video'.
Finding duplicate cells in `\video'.
Computing hashes of 3042 cells of `\video'.
Finding duplicate cells in `\video'.
Computing hashes of 3012 cells of `\video'.
Finding duplicate cells in `\video'.
Computing hashes of 3006 cells of `\video'.
Finding duplicate cells in `\video'.
<suppressed ~207 debug messages>
Removed a total of 69 cells.

6.34.4. Executing OPT_DFF pass (perform DFF optimizations).

6.34.5. Executing OPT_CLEAN pass (remove unused cells and wires).
Finding unused cells or wires in module \video..
Removed 4 unused cells and 27 unused wires.
<suppressed ~5 debug messages>

6.34.6. Rerunning OPT passes. (Removed registers in this run.)

6.34.7. Running ICE40 specific optimizations.
Optimized $__ICE40_CARRY_WRAPPER cell back to logic (without SB_CARRY) video.$auto$alumacc.cc:548:replace_alu$2286.slice[3].carry: CO=$auto$alumacc.cc:548:replace_alu$2286.BB [3]

6.34.8. Executing OPT_EXPR pass (perform const folding).
Optimizing module video.
<suppressed ~35 debug messages>

6.34.9. Executing OPT_MERGE pass (detect identical cells).
Finding identical cells in module `\video'.
Computing hashes of 2967 cells of `\video'.
Finding duplicate cells in `\video'.
Removed a total of 0 cells.

6.34.10. Executing OPT_DFF pass (perform DFF optimizations).

6.34.11. Executing OPT_CLEAN pass (remove unused cells and wires).
Finding unused cells or wires in module \video..
Removed 0 unused cells and 27 unused wires.
<suppressed ~1 debug messages>

6.34.12. Rerunning OPT passes. (Removed registers in this run.)

6.34.13. Running ICE40 specific optimizations.

6.34.14. Executing OPT_EXPR pass (perform const folding).
Optimizing module video.

6.34.15. Executing OPT_MERGE pass (detect identical cells).
Finding identical cells in module `\video'.
Computing hashes of 2967 cells of `\video'.
Finding duplicate cells in `\video'.
Removed a total of 0 cells.

6.34.16. Executing OPT_DFF pass (perform DFF optimizations).

6.34.17. Executing OPT_CLEAN pass (remove unused cells and wires).
Finding unused cells or wires in module \video..

6.34.18. Finished OPT passes. (There is nothing left to do.)

6.35. Executing DFFLEGALIZE pass (convert FFs and LATCHes to types supported by the target).

6.36. Executing TECHMAP pass (map to technology primitives).

6.36.1. Executing Verilog-2005 frontend: C:\oss-cad-suite\bin\../share/yosys/ice40/ff_map.v
Parsing Verilog input from `C:\oss-cad-suite\bin\../share/yosys/ice40/ff_map.v' to AST representation.
Generating RTLIL representation for module `$_DFF_N_'.
Generating RTLIL representation for module `$_DFF_P_'.
Generating RTLIL representation for module `$_DFFE_NP_'.
Generating RTLIL representation for module `$_DFFE_PP_'.
Generating RTLIL representation for module `$_DFF_NP0_'.
Generating RTLIL representation for module `$_DFF_NP1_'.
Generating RTLIL representation for module `$_DFF_PP0_'.
Generating RTLIL representation for module `$_DFF_PP1_'.
Generating RTLIL representation for module `$_DFFE_NP0P_'.
Generating RTLIL representation for module `$_DFFE_NP1P_'.
Generating RTLIL representation for module `$_DFFE_PP0P_'.
Generating RTLIL representation for module `$_DFFE_PP1P_'.
Generating RTLIL representation for module `$_SDFF_NP0_'.
Generating RTLIL representation for module `$_SDFF_NP1_'.
Generating RTLIL representation for module `$_SDFF_PP0_'.
Generating RTLIL representation for module `$_SDFF_PP1_'.
Generating RTLIL representation for module `$_SDFFCE_NP0P_'.
Generating RTLIL representation for module `$_SDFFCE_NP1P_'.
Generating RTLIL representation for module `$_SDFFCE_PP0P_'.
Generating RTLIL representation for module `$_SDFFCE_PP1P_'.
Successfully finished Verilog frontend.

6.36.2. Continuing TECHMAP pass.
Using template $_SDFFCE_PP1P_ for cells of type $_SDFFCE_PP1P_.
Using template $_SDFFCE_PP0P_ for cells of type $_SDFFCE_PP0P_.
Using template $_DFF_P_ for cells of type $_DFF_P_.
Using template $_DFFE_PP_ for cells of type $_DFFE_PP_.
Using template $_SDFF_PP0_ for cells of type $_SDFF_PP0_.
No more expansions possible.
<suppressed ~449 debug messages>

6.37. Executing OPT_EXPR pass (perform const folding).
Optimizing module video.
<suppressed ~25 debug messages>

6.38. Executing SIMPLEMAP pass (map simple cells to gate primitives).
Mapping video.$auto$alumacc.cc:548:replace_alu$2277.slice[0].carry ($lut).
Mapping video.$auto$alumacc.cc:548:replace_alu$2280.slice[0].carry ($lut).
Mapping video.$auto$alumacc.cc:548:replace_alu$2283.slice[0].carry ($lut).
Mapping video.$auto$alumacc.cc:548:replace_alu$2286.slice[0].carry ($lut).
Mapping video.$auto$alumacc.cc:548:replace_alu$2286.slice[3].carry ($lut).
Mapping video.$auto$alumacc.cc:548:replace_alu$2286.slice[6].carry ($lut).
Mapping video.$auto$alumacc.cc:548:replace_alu$2289.slice[0].carry ($lut).
Mapping video.$auto$alumacc.cc:548:replace_alu$2295.slice[0].carry ($lut).
Mapping video.$auto$alumacc.cc:548:replace_alu$2298.slice[0].carry ($lut).
Mapping video.$auto$alumacc.cc:548:replace_alu$2301.slice[0].carry ($lut).
Mapping video.$auto$alumacc.cc:548:replace_alu$2304.slice[0].carry ($lut).
Mapping video.$auto$alumacc.cc:548:replace_alu$2310.slice[0].carry ($lut).
Mapping video.$auto$alumacc.cc:548:replace_alu$2313.slice[0].carry ($lut).
Mapping video.$auto$alumacc.cc:548:replace_alu$2316.slice[0].carry ($lut).
Mapping video.$auto$alumacc.cc:548:replace_alu$2319.slice[0].carry ($lut).
Mapping video.$auto$alumacc.cc:548:replace_alu$2325.slice[0].carry ($lut).
Mapping video.$auto$alumacc.cc:548:replace_alu$2336.slice[0].carry ($lut).
Mapping video.$auto$alumacc.cc:548:replace_alu$2339.slice[0].carry ($lut).
Mapping video.$auto$alumacc.cc:548:replace_alu$2342.slice[0].carry ($lut).
Mapping video.$auto$alumacc.cc:548:replace_alu$2353.slice[0].carry ($lut).
Mapping video.$auto$alumacc.cc:548:replace_alu$2356.slice[0].carry ($lut).
Mapping video.$auto$alumacc.cc:548:replace_alu$2356.slice[3].carry ($lut).
Mapping video.$auto$alumacc.cc:548:replace_alu$2359.slice[0].carry ($lut).
Mapping video.$auto$alumacc.cc:548:replace_alu$2362.slice[0].carry ($lut).
Mapping video.$auto$alumacc.cc:548:replace_alu$2362.slice[10].carry ($lut).
Mapping video.$auto$alumacc.cc:548:replace_alu$2362.slice[16].carry ($lut).
Mapping video.$auto$alumacc.cc:548:replace_alu$2362.slice[8].carry ($lut).
Mapping video.$auto$alumacc.cc:548:replace_alu$2365.slice[0].carry ($lut).

6.39. Executing ICE40_OPT pass (performing simple optimizations).

6.39.1. Running ICE40 specific optimizations.

6.39.2. Executing OPT_EXPR pass (perform const folding).
Optimizing module video.
<suppressed ~845 debug messages>

6.39.3. Executing OPT_MERGE pass (detect identical cells).
Finding identical cells in module `\video'.
Computing hashes of 2957 cells of `\video'.
Finding duplicate cells in `\video'.
Computing hashes of 2869 cells of `\video'.
Finding duplicate cells in `\video'.
Computing hashes of 2837 cells of `\video'.
Finding duplicate cells in `\video'.
Computing hashes of 2800 cells of `\video'.
Finding duplicate cells in `\video'.
Computing hashes of 2764 cells of `\video'.
Finding duplicate cells in `\video'.
Computing hashes of 2728 cells of `\video'.
Finding duplicate cells in `\video'.
<suppressed ~687 debug messages>
Removed a total of 229 cells.

6.39.4. Executing OPT_DFF pass (perform DFF optimizations).

6.39.5. Executing OPT_CLEAN pass (remove unused cells and wires).
Finding unused cells or wires in module \video..
Removed 3 unused cells and 2364 unused wires.
<suppressed ~5 debug messages>

6.39.6. Rerunning OPT passes. (Removed registers in this run.)

6.39.7. Running ICE40 specific optimizations.

6.39.8. Executing OPT_EXPR pass (perform const folding).
Optimizing module video.
<suppressed ~33 debug messages>

6.39.9. Executing OPT_MERGE pass (detect identical cells).
Finding identical cells in module `\video'.
Computing hashes of 2725 cells of `\video'.
Finding duplicate cells in `\video'.
Computing hashes of 2721 cells of `\video'.
Finding duplicate cells in `\video'.
Computing hashes of 2716 cells of `\video'.
Finding duplicate cells in `\video'.
Computing hashes of 2711 cells of `\video'.
Finding duplicate cells in `\video'.
Computing hashes of 2707 cells of `\video'.
Finding duplicate cells in `\video'.
Computing hashes of 2704 cells of `\video'.
Finding duplicate cells in `\video'.
<suppressed ~63 debug messages>
Removed a total of 21 cells.

6.39.10. Executing OPT_DFF pass (perform DFF optimizations).

6.39.11. Executing OPT_CLEAN pass (remove unused cells and wires).
Finding unused cells or wires in module \video..

6.39.12. Rerunning OPT passes. (Removed registers in this run.)

6.39.13. Running ICE40 specific optimizations.

6.39.14. Executing OPT_EXPR pass (perform const folding).
Optimizing module video.

6.39.15. Executing OPT_MERGE pass (detect identical cells).
Finding identical cells in module `\video'.
Computing hashes of 2704 cells of `\video'.
Finding duplicate cells in `\video'.
Removed a total of 0 cells.

6.39.16. Executing OPT_DFF pass (perform DFF optimizations).

6.39.17. Executing OPT_CLEAN pass (remove unused cells and wires).
Finding unused cells or wires in module \video..

6.39.18. Finished OPT passes. (There is nothing left to do.)

6.40. Executing CHECK pass (checking for obvious problems).
Checking module video...
Found and reported 0 problems.

6.41. Executing TECHMAP pass (map to technology primitives).

6.41.1. Executing Verilog-2005 frontend: C:\oss-cad-suite\bin\../share/yosys/ice40/latches_map.v
Parsing Verilog input from `C:\oss-cad-suite\bin\../share/yosys/ice40/latches_map.v' to AST representation.
Generating RTLIL representation for module `$_DLATCH_N_'.
Generating RTLIL representation for module `$_DLATCH_P_'.
Successfully finished Verilog frontend.

6.41.2. Continuing TECHMAP pass.
No more expansions possible.
<suppressed ~4 debug messages>

6.42. Executing Verilog-2005 frontend: C:\oss-cad-suite\bin\../share/yosys/ice40/abc9_model.v
Parsing Verilog input from `C:\oss-cad-suite\bin\../share/yosys/ice40/abc9_model.v' to AST representation.
Generating RTLIL representation for module `$__ICE40_CARRY_WRAPPER'.
Successfully finished Verilog frontend.

6.43. Executing ABC9 pass.

6.43.1. Executing ABC9_OPS pass (helper functions for ABC9).

6.43.2. Executing ABC9_OPS pass (helper functions for ABC9).

6.43.3. Executing SCC pass (detecting logic loops).
Found 0 SCCs in module video.
Found 0 SCCs.

6.43.4. Executing ABC9_OPS pass (helper functions for ABC9).

6.43.5. Executing TECHMAP pass (map to technology primitives).

6.43.5.1. Executing Verilog-2005 frontend: C:\oss-cad-suite\bin\../share/yosys/techmap.v
Parsing Verilog input from `C:\oss-cad-suite\bin\../share/yosys/techmap.v' to AST representation.
Generating RTLIL representation for module `\_90_simplemap_bool_ops'.
Generating RTLIL representation for module `\_90_simplemap_reduce_ops'.
Generating RTLIL representation for module `\_90_simplemap_logic_ops'.
Generating RTLIL representation for module `\_90_simplemap_compare_ops'.
Generating RTLIL representation for module `\_90_simplemap_various'.
Generating RTLIL representation for module `\_90_simplemap_registers'.
Generating RTLIL representation for module `\_90_shift_ops_shr_shl_sshl_sshr'.
Generating RTLIL representation for module `\_90_shift_shiftx'.
Generating RTLIL representation for module `\_90_fa'.
Generating RTLIL representation for module `\_90_lcu_brent_kung'.
Generating RTLIL representation for module `\_90_alu'.
Generating RTLIL representation for module `\_90_macc'.
Generating RTLIL representation for module `\_90_alumacc'.
Generating RTLIL representation for module `$__div_mod_u'.
Generating RTLIL representation for module `$__div_mod_trunc'.
Generating RTLIL representation for module `\_90_div'.
Generating RTLIL representation for module `\_90_mod'.
Generating RTLIL representation for module `$__div_mod_floor'.
Generating RTLIL representation for module `\_90_divfloor'.
Generating RTLIL representation for module `\_90_modfloor'.
Generating RTLIL representation for module `\_90_pow'.
Generating RTLIL representation for module `\_90_demux'.
Generating RTLIL representation for module `\_90_lut'.
Generating RTLIL representation for module `$connect'.
Generating RTLIL representation for module `$input_port'.
Successfully finished Verilog frontend.

6.43.5.2. Continuing TECHMAP pass.
No more expansions possible.
<suppressed ~132 debug messages>

6.43.6. Executing OPT pass (performing simple optimizations).

6.43.6.1. Executing OPT_EXPR pass (perform const folding).

6.43.6.2. Executing OPT_MERGE pass (detect identical cells).
Removed a total of 0 cells.

6.43.6.3. Executing OPT_MUXTREE pass (detect dead branches in mux trees).
Removed 0 multiplexer ports.

6.43.6.4. Executing OPT_REDUCE pass (consolidate $*mux and $reduce_* inputs).
Performed a total of 0 changes.

6.43.6.5. Executing OPT_MERGE pass (detect identical cells).
Removed a total of 0 cells.

6.43.6.6. Executing OPT_DFF pass (perform DFF optimizations).

6.43.6.7. Executing OPT_CLEAN pass (remove unused cells and wires).

6.43.6.8. Executing OPT_EXPR pass (perform const folding).

6.43.6.9. Finished fast OPT passes. (There is nothing left to do.)

6.43.7. Executing TECHMAP pass (map to technology primitives).

6.43.7.1. Executing Verilog-2005 frontend: C:\oss-cad-suite\bin\../share/yosys/abc9_map.v
Parsing Verilog input from `C:\oss-cad-suite\bin\../share/yosys/abc9_map.v' to AST representation.
Successfully finished Verilog frontend.

6.43.7.2. Continuing TECHMAP pass.
No more expansions possible.
<suppressed ~2 debug messages>

6.43.8. Executing Verilog-2005 frontend: C:\oss-cad-suite\bin\../share/yosys/abc9_model.v
Parsing Verilog input from `C:\oss-cad-suite\bin\../share/yosys/abc9_model.v' to AST representation.
Generating RTLIL representation for module `$__ABC9_DELAY'.
Generating RTLIL representation for module `$__ABC9_SCC_BREAKER'.
Generating RTLIL representation for module `$__DFF_N__$abc9_flop'.
Generating RTLIL representation for module `$__DFF_P__$abc9_flop'.
Successfully finished Verilog frontend.

6.43.9. Executing ABC9_OPS pass (helper functions for ABC9).
<suppressed ~681 debug messages>

6.43.10. Executing ABC9_OPS pass (helper functions for ABC9).

6.43.11. Executing ABC9_OPS pass (helper functions for ABC9).
<suppressed ~2 debug messages>

6.43.12. Executing TECHMAP pass (map to technology primitives).

6.43.12.1. Executing Verilog-2005 frontend: C:\oss-cad-suite\bin\../share/yosys/techmap.v
Parsing Verilog input from `C:\oss-cad-suite\bin\../share/yosys/techmap.v' to AST representation.
Generating RTLIL representation for module `\_90_simplemap_bool_ops'.
Generating RTLIL representation for module `\_90_simplemap_reduce_ops'.
Generating RTLIL representation for module `\_90_simplemap_logic_ops'.
Generating RTLIL representation for module `\_90_simplemap_compare_ops'.
Generating RTLIL representation for module `\_90_simplemap_various'.
Generating RTLIL representation for module `\_90_simplemap_registers'.
Generating RTLIL representation for module `\_90_shift_ops_shr_shl_sshl_sshr'.
Generating RTLIL representation for module `\_90_shift_shiftx'.
Generating RTLIL representation for module `\_90_fa'.
Generating RTLIL representation for module `\_90_lcu_brent_kung'.
Generating RTLIL representation for module `\_90_alu'.
Generating RTLIL representation for module `\_90_macc'.
Generating RTLIL representation for module `\_90_alumacc'.
Generating RTLIL representation for module `$__div_mod_u'.
Generating RTLIL representation for module `$__div_mod_trunc'.
Generating RTLIL representation for module `\_90_div'.
Generating RTLIL representation for module `\_90_mod'.
Generating RTLIL representation for module `$__div_mod_floor'.
Generating RTLIL representation for module `\_90_divfloor'.
Generating RTLIL representation for module `\_90_modfloor'.
Generating RTLIL representation for module `\_90_pow'.
Generating RTLIL representation for module `\_90_demux'.
Generating RTLIL representation for module `\_90_lut'.
Generating RTLIL representation for module `$connect'.
Generating RTLIL representation for module `$input_port'.
Successfully finished Verilog frontend.

6.43.12.2. Continuing TECHMAP pass.
Using template $paramod$__ICE40_CARRY_WRAPPER\LUT=16'0110100110010110\I3_IS_CI=1'1 for cells of type $paramod$__ICE40_CARRY_WRAPPER\LUT=16'0110100110010110\I3_IS_CI=1'1.
Using template SB_CARRY for cells of type SB_CARRY.
Using template $paramod\SB_LUT4\LUT_INIT=16'0110100110010110 for cells of type SB_LUT4.
Using extmapper simplemap for cells of type $mux.
Using extmapper simplemap for cells of type $logic_or.
Using extmapper simplemap for cells of type $logic_and.
No more expansions possible.
<suppressed ~158 debug messages>

6.43.13. Executing OPT pass (performing simple optimizations).

6.43.13.1. Executing OPT_EXPR pass (perform const folding).
Optimizing module video.
<suppressed ~4 debug messages>

6.43.13.2. Executing OPT_MERGE pass (detect identical cells).
Finding identical cells in module `\video'.
Computing hashes of 30 cells of `\video'.
Finding duplicate cells in `\video'.
Computing hashes of 20 cells of `\video'.
Finding duplicate cells in `\video'.
Computing hashes of 18 cells of `\video'.
Finding duplicate cells in `\video'.
<suppressed ~29 debug messages>
Removed a total of 12 cells.

6.43.13.3. Executing OPT_MUXTREE pass (detect dead branches in mux trees).
Running muxtree optimizer on module \video..
  Creating internal representation of mux trees.
  No muxes found in this module.
Removed 0 multiplexer ports.

6.43.13.4. Executing OPT_REDUCE pass (consolidate $*mux and $reduce_* inputs).
  Optimizing cells in module \video.
Performed a total of 0 changes.

6.43.13.5. Executing OPT_MERGE pass (detect identical cells).
Finding identical cells in module `\video'.
Computing hashes of 18 cells of `\video'.
Finding duplicate cells in `\video'.
Removed a total of 0 cells.

6.43.13.6. Executing OPT_DFF pass (perform DFF optimizations).

6.43.13.7. Executing OPT_CLEAN pass (remove unused cells and wires).
Finding unused cells or wires in module \video..
Removed 0 unused cells and 24 unused wires.
<suppressed ~1 debug messages>

6.43.13.8. Executing OPT_EXPR pass (perform const folding).
Optimizing module video.

6.43.13.9. Rerunning OPT passes. (Maybe there is more to do..)

6.43.13.10. Executing OPT_MUXTREE pass (detect dead branches in mux trees).
Running muxtree optimizer on module \video..
  Creating internal representation of mux trees.
  No muxes found in this module.
Removed 0 multiplexer ports.

6.43.13.11. Executing OPT_REDUCE pass (consolidate $*mux and $reduce_* inputs).
  Optimizing cells in module \video.
Performed a total of 0 changes.

6.43.13.12. Executing OPT_MERGE pass (detect identical cells).
Finding identical cells in module `\video'.
Computing hashes of 18 cells of `\video'.
Finding duplicate cells in `\video'.
Removed a total of 0 cells.

6.43.13.13. Executing OPT_DFF pass (perform DFF optimizations).

6.43.13.14. Executing OPT_CLEAN pass (remove unused cells and wires).
Finding unused cells or wires in module \video..

6.43.13.15. Executing OPT_EXPR pass (perform const folding).
Optimizing module video.

6.43.13.16. Finished fast OPT passes. (There is nothing left to do.)

6.43.14. Executing AIGMAP pass (map logic to AIG).
Module video: replaced 1240 cells with 6930 new cells, skipped 2143 cells.
  replaced 4 cell types:
     578 $_MUX_
       1 $_ORNOT_
     582 $_OR_
      79 $_XOR_
  not replaced 21 cell types:
     449 $_AND_
     348 $_NOT_
       8 $_TBUF_
       5 $scopeinfo
       1 SB_GB
      64 SB_DFF
     227 SB_DFFE
      37 SB_DFFSR
      85 SB_DFFESR
      14 SB_DFFESS
       2 $paramod$__ABC9_DELAY\DELAY=32'00000000000000000000000010000101
      32 $paramod$__ABC9_DELAY\DELAY=32'00000000000000000000000010100001
      22 $paramod$__ABC9_DELAY\DELAY=32'00000000000000000000000011100000
       2 $paramod$__ABC9_DELAY\DELAY=32'00000000000000000000000001100010
       4 $paramod$__ABC9_DELAY\DELAY=32'00000000000000000000000100001011
      32 $paramod$__ABC9_DELAY\DELAY=32'00000000000000000000000100010010
     427 $paramod$__ABC9_DELAY\DELAY=32'00000000000000000000000000010101
     158 $paramod$__ABC9_DELAY\DELAY=32'00000000000000000000000011001011
       1 $paramod$e113f878d23cfc645f6ee62c52792cb3717114dc\SB_RAM40_4K
       1 $paramod$788ab552a107f95ae8893ac39d9bbe8161a73c2f\SB_RAM40_4K
     224 $paramod$__ICE40_CARRY_WRAPPER\LUT=16'0110100110010110\I3_IS_CI=1'1

6.43.14.1. Executing ABC9_OPS pass (helper functions for ABC9).

6.43.14.2. Executing ABC9_OPS pass (helper functions for ABC9).
Warning: Feature 'write_xaiger2' is experimental.

6.43.14.3. Executing XAIGER2 backend.
<suppressed ~2702 debug messages>
ERROR: Assert `data_start == f->tellp()' failed in /work/_builds/windows-x64/yosys/yosys/backends/aiger2/aiger.cc:1078.
