
-- Executing script file `synth.ys' --

1. Executing Verilog-2005 frontend: video.v
Parsing SystemVerilog input from `video.v' to AST representation.
Generating RTLIL representation for module `\video'.
Successfully finished Verilog frontend.

2. Executing Verilog-2005 frontend: panel_scan.v
Parsing SystemVerilog input from `panel_scan.v' to AST representation.
Generating RTLIL representation for module `\panel_scan'.
Successfully finished Verilog frontend.

3. Executing Verilog-2005 frontend: uart.v
Parsing SystemVerilog input from `uart.v' to AST representation.
Generating RTLIL representation for module `\video_uart_rx'.
Generating RTLIL representation for module `\video_uart_tx'.
Successfully finished Verilog frontend.

4. Executing Verilog-2005 frontend: frame_memory.v
Parsing SystemVerilog input from `frame_memory.v' to AST representation.
frame_memory.v:22: Warning: Yosys has only limited support for tri-state logic at the moment.
Generating RTLIL representation for module `\frame_memory'.
Successfully finished Verilog frontend.

5. Executing Verilog-2005 frontend: frame_protocol.v
Parsing SystemVerilog input from `frame_protocol.v' to AST representation.
Generating RTLIL representation for module `\frame_protocol'.
Successfully finished Verilog frontend.

6. Executing SYNTH_ICE40 pass.

6.1. Executing Verilog-2005 frontend: C:\oss-cad-suite\bin\../share/yosys/ice40/cells_sim.v
Parsing Verilog input from `C:\oss-cad-suite\bin\../share/yosys/ice40/cells_sim.v' to AST representation.
Generating RTLIL representation for module `\SB_IO'.
Generating RTLIL representation for module `\SB_GB_IO'.
Generating RTLIL representation for module `\SB_GB'.
Generating RTLIL representation for module `\SB_LUT4'.
Generating RTLIL representation for module `\SB_CARRY'.
Generating RTLIL representation for module `\SB_DFF'.
Generating RTLIL representation for module `\SB_DFFE'.
Generating RTLIL representation for module `\SB_DFFSR'.
Generating RTLIL representation for module `\SB_DFFR'.
Generating RTLIL representation for module `\SB_DFFSS'.
Generating RTLIL representation for module `\SB_DFFS'.
Generating RTLIL representation for module `\SB_DFFESR'.
Generating RTLIL representation for module `\SB_DFFER'.
Generating RTLIL representation for module `\SB_DFFESS'.
Generating RTLIL representation for module `\SB_DFFES'.
Generating RTLIL representation for module `\SB_DFFN'.
Generating RTLIL representation for module `\SB_DFFNE'.
Generating RTLIL representation for module `\SB_DFFNSR'.
Generating RTLIL representation for module `\SB_DFFNR'.
Generating RTLIL representation for module `\SB_DFFNSS'.
Generating RTLIL representation for module `\SB_DFFNS'.
Generating RTLIL representation for module `\SB_DFFNESR'.
Generating RTLIL representation for module `\SB_DFFNER'.
Generating RTLIL representation for module `\SB_DFFNESS'.
Generating RTLIL representation for module `\SB_DFFNES'.
Generating RTLIL representation for module `\SB_RAM40_4K'.
Generating RTLIL representation for module `\SB_RAM40_4KNR'.
Generating RTLIL representation for module `\SB_RAM40_4KNW'.
Generating RTLIL representation for module `\SB_RAM40_4KNRNW'.
Generating RTLIL representation for module `\ICESTORM_LC'.
Generating RTLIL representation for module `\SB_PLL40_CORE'.
Generating RTLIL representation for module `\SB_PLL40_PAD'.
Generating RTLIL representation for module `\SB_PLL40_2_PAD'.
Generating RTLIL representation for module `\SB_PLL40_2F_CORE'.
Generating RTLIL representation for module `\SB_PLL40_2F_PAD'.
Generating RTLIL representation for module `\SB_WARMBOOT'.
Generating RTLIL representation for module `\SB_SPRAM256KA'.
Generating RTLIL representation for module `\SB_HFOSC'.
Generating RTLIL representation for module `\SB_LFOSC'.
Generating RTLIL representation for module `\SB_RGBA_DRV'.
Generating RTLIL representation for module `\SB_LED_DRV_CUR'.
Generating RTLIL representation for module `\SB_RGB_DRV'.
Generating RTLIL representation for module `\SB_I2C'.
Generating RTLIL representation for module `\SB_SPI'.
Generating RTLIL representation for module `\SB_LEDDA_IP'.
Generating RTLIL representation for module `\SB_FILTER_50NS'.
Generating RTLIL representation for module `\SB_IO_I3C'.
Generating RTLIL representation for module `\SB_IO_OD'.
Generating RTLIL representation for module `\SB_MAC16'.
Generating RTLIL representation for module `\ICESTORM_RAM'.
Successfully finished Verilog frontend.

6.2. Executing HIERARCHY pass (managing design hierarchy).

6.2.1. Analyzing design hierarchy..
Top module:  \video
Used module:     \panel_scan
Used module:     \frame_memory
Used module:     \frame_protocol
Used module:     \video_uart_tx
Used module:     \video_uart_rx
Parameter \HALF_TICKS = 8
Parameter \HOLD_CLOCKS = 32768

6.2.2. Executing AST frontend in derive mode using pre-parsed AST for module `\panel_scan'.
Parameter \HALF_TICKS = 8
Parameter \HOLD_CLOCKS = 32768
Generating RTLIL representation for module `$paramod$0317fcdaf7a5d40e0aae50824c41a370b85b36dd\panel_scan'.

6.2.3. Analyzing design hierarchy..
Top module:  \video
Used module:     $paramod$0317fcdaf7a5d40e0aae50824c41a370b85b36dd\panel_scan
Used module:     \frame_memory
Used module:     \frame_protocol
Used module:     \video_uart_tx
Used module:     \video_uart_rx

6.2.4. Analyzing design hierarchy..
Top module:  \video
Used module:     $paramod$0317fcdaf7a5d40e0aae50824c41a370b85b36dd\panel_scan
Used module:     \frame_memory
Used module:     \frame_protocol
Used module:     \video_uart_tx
Used module:     \video_uart_rx
Removing unused module `\panel_scan'.
Removed 1 unused modules.

6.3. Executing PROC pass (convert processes to netlists).

6.3.1. Executing PROC_CLEAN pass (remove empty switches from decision trees).
Removing empty process `frame_memory.$proc$frame_memory.v:13$225'.
Found and cleaned up 1 empty switch in `$paramod$0317fcdaf7a5d40e0aae50824c41a370b85b36dd\panel_scan.$proc$panel_scan.v:163$761'.
Cleaned up 1 empty switch.

6.3.2. Executing PROC_RMDEAD pass (remove dead branches from decision trees).
Marked 11 switch rules as full_case in process $proc$frame_protocol.v:29$254 in module frame_protocol.
Marked 6 switch rules as full_case in process $proc$frame_memory.v:24$182 in module frame_memory.
Marked 3 switch rules as full_case in process $proc$uart.v:35$163 in module video_uart_tx.
Removed 1 dead cases from process $proc$uart.v:10$127 in module video_uart_rx.
Marked 6 switch rules as full_case in process $proc$uart.v:10$127 in module video_uart_rx.
Marked 12 switch rules as full_case in process $proc$panel_scan.v:111$729 in module $paramod$0317fcdaf7a5d40e0aae50824c41a370b85b36dd\panel_scan.
Marked 2 switch rules as full_case in process $proc$panel_scan.v:87$728 in module $paramod$0317fcdaf7a5d40e0aae50824c41a370b85b36dd\panel_scan.
Marked 1 switch rules as full_case in process $proc$panel_scan.v:59$727 in module $paramod$0317fcdaf7a5d40e0aae50824c41a370b85b36dd\panel_scan.
Removed a total of 1 dead cases.

6.3.3. Executing PROC_PRUNE pass (remove redundant assignments in processes).
Removed 2 redundant assignments.
Promoted 86 assignments to connections.

6.3.4. Executing PROC_INIT pass (extract init attributes).
Found init rule in `\frame_protocol.$proc$frame_protocol.v:22$339'.
  Set init value: \reply_xor = 8'00000000
Found init rule in `\frame_protocol.$proc$frame_protocol.v:21$338'.
  Set init value: \reply_index = 4'0000
Found init rule in `\frame_protocol.$proc$frame_protocol.v:20$337'.
  Set init value: \status = 8'00000000
Found init rule in `\frame_protocol.$proc$frame_protocol.v:19$336'.
  Set init value: \idle_ticks = 25'0000000000000000000000000
Found init rule in `\frame_protocol.$proc$frame_protocol.v:18$335'.
  Set init value: \have_last = 1'0
Found init rule in `\frame_protocol.$proc$frame_protocol.v:17$334'.
  Set init value: \memory_bad = 1'0
Found init rule in `\frame_protocol.$proc$frame_protocol.v:17$333'.
  Set init value: \accepted = 1'0
Found init rule in `\frame_protocol.$proc$frame_protocol.v:16$332'.
  Set init value: \offset = 13'0000000000000
Found init rule in `\frame_protocol.$proc$frame_protocol.v:14$331'.
  Set init value: \crc_steps = 4'0000
Found init rule in `\frame_protocol.$proc$frame_protocol.v:13$330'.
  Set init value: \last_crc = 16'0000000000000000
Found init rule in `\frame_protocol.$proc$frame_protocol.v:13$329'.
  Set init value: \received_crc = 16'0000000000000000
Found init rule in `\frame_protocol.$proc$frame_protocol.v:13$328'.
  Set init value: \crc = 16'1111111111111111
Found init rule in `\frame_protocol.$proc$frame_protocol.v:12$327'.
  Set init value: \last_sequence = 8'00000000
Found init rule in `\frame_protocol.$proc$frame_protocol.v:12$326'.
  Set init value: \frame_sequence = 8'00000000
Found init rule in `\frame_protocol.$proc$frame_protocol.v:12$325'.
  Set init value: \command = 8'00000000
Found init rule in `\frame_protocol.$proc$frame_protocol.v:11$324'.
  Set init value: \state = 4'0000
Found init rule in `\frame_protocol.$proc$frame_protocol.v:10$323'.
  Set init value: \tx_data = 8'00000000
Found init rule in `\frame_protocol.$proc$frame_protocol.v:10$322'.
  Set init value: \tx_start = 1'0
Found init rule in `\frame_protocol.$proc$frame_protocol.v:9$321'.
  Set init value: \write_data = 8'00000000
Found init rule in `\frame_protocol.$proc$frame_protocol.v:8$320'.
  Set init value: \write_address = 13'0000000000000
Found init rule in `\frame_protocol.$proc$frame_protocol.v:8$319'.
  Set init value: \write_request = 1'0
Found init rule in `\frame_protocol.$proc$frame_protocol.v:7$318'.
  Set init value: \refresh = 1'0
Found init rule in `\frame_protocol.$proc$frame_protocol.v:7$317'.
  Set init value: \bank = 1'0
Found init rule in `\frame_memory.$proc$frame_memory.v:19$233'.
  Set init value: \cache_bank = 1'0
Found init rule in `\frame_memory.$proc$frame_memory.v:19$232'.
  Set init value: \cache_valid = 1'0
Found init rule in `\frame_memory.$proc$frame_memory.v:18$231'.
  Set init value: \cache_address = 10'0000000000
Found init rule in `\frame_memory.$proc$frame_memory.v:17$230'.
  Set init value: \pending_data = 8'00000000
Found init rule in `\frame_memory.$proc$frame_memory.v:17$229'.
  Set init value: \data_out = 8'00000000
Found init rule in `\frame_memory.$proc$frame_memory.v:16$228'.
  Set init value: \drive = 1'0
Found init rule in `\frame_memory.$proc$frame_memory.v:16$227'.
  Set init value: \boot_write = 1'0
Found init rule in `\frame_memory.$proc$frame_memory.v:15$226'.
  Set init value: \state = 5'00000
Found init rule in `\frame_memory.$proc$frame_memory.v:20$234'.
  Set init value: \plane = 3'000
Found init rule in `\frame_memory.$proc$frame_memory.v:12$224'.
  Set init value: \boot_address = 13'0000000000000
Found init rule in `\frame_memory.$proc$frame_memory.v:11$223'.
  Set init value: \seed_data = 6'000000
Found init rule in `\frame_memory.$proc$frame_memory.v:9$222'.
  Set init value: \sram_oe_n = 1'1
Found init rule in `\frame_memory.$proc$frame_memory.v:9$221'.
  Set init value: \sram_we_n = 1'1
Found init rule in `\frame_memory.$proc$frame_memory.v:8$220'.
  Set init value: \sram_a = 18'000000000000000000
Found init rule in `\frame_memory.$proc$frame_memory.v:7$219'.
  Set init value: \boot_error = 1'0
Found init rule in `\frame_memory.$proc$frame_memory.v:7$218'.
  Set init value: \boot_done = 1'0
Found init rule in `\frame_memory.$proc$frame_memory.v:6$217'.
  Set init value: \write_error = 1'0
Found init rule in `\frame_memory.$proc$frame_memory.v:4$216'.
  Set init value: \colors = 48'000000000000000000000000000000000000000000000000
Found init rule in `\video_uart_tx.$proc$uart.v:33$173'.
  Set init value: \bit_index = 4'0000
Found init rule in `\video_uart_tx.$proc$uart.v:32$172'.
  Set init value: \timer = 5'00000
Found init rule in `\video_uart_tx.$proc$uart.v:31$171'.
  Set init value: \shift = 10'1111111111
Found init rule in `\video_uart_tx.$proc$uart.v:30$170'.
  Set init value: \busy = 1'0
Found init rule in `\video_uart_rx.$proc$uart.v:9$161'.
  Set init value: \shift = 8'00000000
Found init rule in `\video_uart_rx.$proc$uart.v:8$160'.
  Set init value: \bit_index = 3'000
Found init rule in `\video_uart_rx.$proc$uart.v:7$159'.
  Set init value: \timer = 5'00000
Found init rule in `\video_uart_rx.$proc$uart.v:6$158'.
  Set init value: \state = 2'00
Found init rule in `\video_uart_rx.$proc$uart.v:4$157'.
  Set init value: \sync = 1'1
Found init rule in `\video_uart_rx.$proc$uart.v:4$156'.
  Set init value: \meta = 1'1
Found init rule in `\video_uart_rx.$proc$uart.v:3$155'.
  Set init value: \bad_stop = 1'0
Found init rule in `\video_uart_rx.$proc$uart.v:3$154'.
  Set init value: \valid = 1'0
Found init rule in `\video_uart_rx.$proc$uart.v:2$153'.
  Set init value: \data = 8'00000000
Found init rule in `$paramod$0317fcdaf7a5d40e0aae50824c41a370b85b36dd\panel_scan.$proc$panel_scan.v:42$834'.
  Set init value: \rgb = 6'000000
Found init rule in `$paramod$0317fcdaf7a5d40e0aae50824c41a370b85b36dd\panel_scan.$proc$panel_scan.v:41$833'.
  Set init value: \tick_div = 8'00000000
Found init rule in `$paramod$0317fcdaf7a5d40e0aae50824c41a370b85b36dd\panel_scan.$proc$panel_scan.v:40$832'.
  Set init value: \scan_row = 6'000000
Found init rule in `$paramod$0317fcdaf7a5d40e0aae50824c41a370b85b36dd\panel_scan.$proc$panel_scan.v:39$831'.
  Set init value: \phase = 8'00000000
Found init rule in `$paramod$0317fcdaf7a5d40e0aae50824c41a370b85b36dd\panel_scan.$proc$panel_scan.v:38$830'.
  Set init value: \config_index = 5'00000
Found init rule in `$paramod$0317fcdaf7a5d40e0aae50824c41a370b85b36dd\panel_scan.$proc$panel_scan.v:37$829'.
  Set init value: \count = 16'0000000000000000
Found init rule in `$paramod$0317fcdaf7a5d40e0aae50824c41a370b85b36dd\panel_scan.$proc$panel_scan.v:36$828'.
  Set init value: \state = 4'0000
Found init rule in `$paramod$0317fcdaf7a5d40e0aae50824c41a370b85b36dd\panel_scan.$proc$panel_scan.v:29$827'.
  Set init value: \visible_uploads = 2'00
Found init rule in `$paramod$0317fcdaf7a5d40e0aae50824c41a370b85b36dd\panel_scan.$proc$panel_scan.v:28$826'.
  Set init value: \configured = 1'0
Found init rule in `$paramod$0317fcdaf7a5d40e0aae50824c41a370b85b36dd\panel_scan.$proc$panel_scan.v:27$825'.
  Set init value: \heartbeat = 27'000000000000000000000000000
Found init rule in `$paramod$0317fcdaf7a5d40e0aae50824c41a370b85b36dd\panel_scan.$proc$panel_scan.v:24$824'.
  Set init value: \A = 1'0
  Set init value: \B = 1'0
  Set init value: \C = 1'0
  Set init value: \LAT = 1'0
  Set init value: \SCLK = 1'0
  Set init value: \OE = 1'0
Found init rule in `$paramod$0317fcdaf7a5d40e0aae50824c41a370b85b36dd\panel_scan.$proc$panel_scan.v:18$823'.
  Set init value: \refresh_taken = 1'0
Found init rule in `\video.$proc$video.v:6$8'.
  Set init value: \divider = 2'00

6.3.5. Executing PROC_ARST pass (detect async resets in processes).

6.3.6. Executing PROC_ROM pass (convert switches to ROMs).
Converted 1 switch.
<suppressed ~68 debug messages>

6.3.7. Executing PROC_MUX pass (convert decision trees to multiplexers).
Creating decoders for process `\frame_protocol.$proc$frame_protocol.v:22$339'.
Creating decoders for process `\frame_protocol.$proc$frame_protocol.v:21$338'.
Creating decoders for process `\frame_protocol.$proc$frame_protocol.v:20$337'.
Creating decoders for process `\frame_protocol.$proc$frame_protocol.v:19$336'.
Creating decoders for process `\frame_protocol.$proc$frame_protocol.v:18$335'.
Creating decoders for process `\frame_protocol.$proc$frame_protocol.v:17$334'.
Creating decoders for process `\frame_protocol.$proc$frame_protocol.v:17$333'.
Creating decoders for process `\frame_protocol.$proc$frame_protocol.v:16$332'.
Creating decoders for process `\frame_protocol.$proc$frame_protocol.v:14$331'.
Creating decoders for process `\frame_protocol.$proc$frame_protocol.v:13$330'.
Creating decoders for process `\frame_protocol.$proc$frame_protocol.v:13$329'.
Creating decoders for process `\frame_protocol.$proc$frame_protocol.v:13$328'.
Creating decoders for process `\frame_protocol.$proc$frame_protocol.v:12$327'.
Creating decoders for process `\frame_protocol.$proc$frame_protocol.v:12$326'.
Creating decoders for process `\frame_protocol.$proc$frame_protocol.v:12$325'.
Creating decoders for process `\frame_protocol.$proc$frame_protocol.v:11$324'.
Creating decoders for process `\frame_protocol.$proc$frame_protocol.v:10$323'.
Creating decoders for process `\frame_protocol.$proc$frame_protocol.v:10$322'.
Creating decoders for process `\frame_protocol.$proc$frame_protocol.v:9$321'.
Creating decoders for process `\frame_protocol.$proc$frame_protocol.v:8$320'.
Creating decoders for process `\frame_protocol.$proc$frame_protocol.v:8$319'.
Creating decoders for process `\frame_protocol.$proc$frame_protocol.v:7$318'.
Creating decoders for process `\frame_protocol.$proc$frame_protocol.v:7$317'.
Creating decoders for process `\frame_protocol.$proc$frame_protocol.v:29$254'.
     1/24: $0\received_crc[15:0] [15:8]
     2/24: $0\received_crc[15:0] [7:0]
     3/24: $0\tx_start[0:0]
     4/24: $0\reply_xor[7:0]
     5/24: $0\reply_index[3:0]
     6/24: $0\status[7:0]
     7/24: $0\have_last[0:0]
     8/24: $0\memory_bad[0:0]
     9/24: $0\accepted[0:0]
    10/24: $0\crc_steps[3:0]
    11/24: $0\last_crc[15:0]
    12/24: $0\idle_ticks[24:0]
    13/24: $0\crc[15:0]
    14/24: $0\last_sequence[7:0]
    15/24: $0\frame_sequence[7:0]
    16/24: $0\command[7:0]
    17/24: $0\state[3:0]
    18/24: $0\write_address[12:0]
    19/24: $0\write_request[0:0]
    20/24: $0\refresh[0:0]
    21/24: $0\bank[0:0]
    22/24: $0\write_data[7:0]
    23/24: $0\tx_data[7:0]
    24/24: $0\offset[12:0]
Creating decoders for process `\frame_memory.$proc$frame_memory.v:19$233'.
Creating decoders for process `\frame_memory.$proc$frame_memory.v:19$232'.
Creating decoders for process `\frame_memory.$proc$frame_memory.v:18$231'.
Creating decoders for process `\frame_memory.$proc$frame_memory.v:17$230'.
Creating decoders for process `\frame_memory.$proc$frame_memory.v:17$229'.
Creating decoders for process `\frame_memory.$proc$frame_memory.v:16$228'.
Creating decoders for process `\frame_memory.$proc$frame_memory.v:16$227'.
Creating decoders for process `\frame_memory.$proc$frame_memory.v:15$226'.
Creating decoders for process `\frame_memory.$proc$frame_memory.v:20$234'.
Creating decoders for process `\frame_memory.$proc$frame_memory.v:12$224'.
Creating decoders for process `\frame_memory.$proc$frame_memory.v:11$223'.
Creating decoders for process `\frame_memory.$proc$frame_memory.v:9$222'.
Creating decoders for process `\frame_memory.$proc$frame_memory.v:9$221'.
Creating decoders for process `\frame_memory.$proc$frame_memory.v:8$220'.
Creating decoders for process `\frame_memory.$proc$frame_memory.v:7$219'.
Creating decoders for process `\frame_memory.$proc$frame_memory.v:7$218'.
Creating decoders for process `\frame_memory.$proc$frame_memory.v:6$217'.
Creating decoders for process `\frame_memory.$proc$frame_memory.v:4$216'.
Creating decoders for process `\frame_memory.$proc$frame_memory.v:24$182'.
     1/18: $1$lookahead\colors$181[47:0]$186
     2/18: $1$bitselwrite$pos$frame_memory.v:67$174[31:0]$185
     3/18: $0\write_error[0:0]
     4/18: $0\plane[2:0]
     5/18: $0\cache_bank[0:0]
     6/18: $0\cache_valid[0:0]
     7/18: $0\cache_address[9:0]
     8/18: $0\pending_data[7:0]
     9/18: $0\data_out[7:0]
    10/18: $0\drive[0:0]
    11/18: $0\boot_write[0:0]
    12/18: $0\boot_address[12:0]
    13/18: $0\state[4:0]
    14/18: $0\boot_error[0:0]
    15/18: $0\boot_done[0:0]
    16/18: $0\sram_oe_n[0:0]
    17/18: $0\sram_we_n[0:0]
    18/18: $0\sram_a[17:0]
Creating decoders for process `\frame_memory.$proc$frame_memory.v:14$175'.
Creating decoders for process `\video_uart_tx.$proc$uart.v:33$173'.
Creating decoders for process `\video_uart_tx.$proc$uart.v:32$172'.
Creating decoders for process `\video_uart_tx.$proc$uart.v:31$171'.
Creating decoders for process `\video_uart_tx.$proc$uart.v:30$170'.
Creating decoders for process `\video_uart_tx.$proc$uart.v:35$163'.
     1/4: $0\shift[9:0]
     2/4: $0\bit_index[3:0]
     3/4: $0\timer[4:0]
     4/4: $0\busy[0:0]
Creating decoders for process `\video_uart_rx.$proc$uart.v:9$161'.
Creating decoders for process `\video_uart_rx.$proc$uart.v:8$160'.
Creating decoders for process `\video_uart_rx.$proc$uart.v:7$159'.
Creating decoders for process `\video_uart_rx.$proc$uart.v:6$158'.
Creating decoders for process `\video_uart_rx.$proc$uart.v:4$157'.
Creating decoders for process `\video_uart_rx.$proc$uart.v:4$156'.
Creating decoders for process `\video_uart_rx.$proc$uart.v:3$155'.
Creating decoders for process `\video_uart_rx.$proc$uart.v:3$154'.
Creating decoders for process `\video_uart_rx.$proc$uart.v:2$153'.
Creating decoders for process `\video_uart_rx.$proc$uart.v:10$127'.
     1/10: $2$lookahead\shift$126[7:0]$138
     2/10: $2$bitselwrite$pos$uart.v:19$124[2:0]$137
     3/10: $1$lookahead\shift$126[7:0]$131
     4/10: $1$bitselwrite$pos$uart.v:19$124[2:0]$130
     5/10: $0\bad_stop[0:0]
     6/10: $0\valid[0:0]
     7/10: $0\bit_index[2:0]
     8/10: $0\timer[4:0]
     9/10: $0\state[1:0]
    10/10: $0\data[7:0]
Creating decoders for process `\video_uart_rx.$proc$uart.v:5$125'.
Creating decoders for process `$paramod$0317fcdaf7a5d40e0aae50824c41a370b85b36dd\panel_scan.$proc$panel_scan.v:42$834'.
Creating decoders for process `$paramod$0317fcdaf7a5d40e0aae50824c41a370b85b36dd\panel_scan.$proc$panel_scan.v:41$833'.
Creating decoders for process `$paramod$0317fcdaf7a5d40e0aae50824c41a370b85b36dd\panel_scan.$proc$panel_scan.v:40$832'.
Creating decoders for process `$paramod$0317fcdaf7a5d40e0aae50824c41a370b85b36dd\panel_scan.$proc$panel_scan.v:39$831'.
Creating decoders for process `$paramod$0317fcdaf7a5d40e0aae50824c41a370b85b36dd\panel_scan.$proc$panel_scan.v:38$830'.
Creating decoders for process `$paramod$0317fcdaf7a5d40e0aae50824c41a370b85b36dd\panel_scan.$proc$panel_scan.v:37$829'.
Creating decoders for process `$paramod$0317fcdaf7a5d40e0aae50824c41a370b85b36dd\panel_scan.$proc$panel_scan.v:36$828'.
Creating decoders for process `$paramod$0317fcdaf7a5d40e0aae50824c41a370b85b36dd\panel_scan.$proc$panel_scan.v:29$827'.
Creating decoders for process `$paramod$0317fcdaf7a5d40e0aae50824c41a370b85b36dd\panel_scan.$proc$panel_scan.v:28$826'.
Creating decoders for process `$paramod$0317fcdaf7a5d40e0aae50824c41a370b85b36dd\panel_scan.$proc$panel_scan.v:27$825'.
Creating decoders for process `$paramod$0317fcdaf7a5d40e0aae50824c41a370b85b36dd\panel_scan.$proc$panel_scan.v:24$824'.
Creating decoders for process `$paramod$0317fcdaf7a5d40e0aae50824c41a370b85b36dd\panel_scan.$proc$panel_scan.v:18$823'.
Creating decoders for process `$paramod$0317fcdaf7a5d40e0aae50824c41a370b85b36dd\panel_scan.$proc$panel_scan.v:163$761'.
     1/6: $0\C[0:0]
     2/6: $0\OE[0:0]
     3/6: $0\LAT[0:0]
     4/6: $0\B[0:0]
     5/6: $0\A[0:0]
     6/6: $0\rgb[5:0]
Creating decoders for process `$paramod$0317fcdaf7a5d40e0aae50824c41a370b85b36dd\panel_scan.$proc$panel_scan.v:111$729'.
     1/10: $0\tick_div[7:0]
     2/10: $0\refresh_taken[0:0]
     3/10: $0\scan_row[5:0]
     4/10: $0\phase[7:0]
     5/10: $0\config_index[4:0]
     6/10: $0\count[15:0]
     7/10: $0\state[3:0]
     8/10: $0\visible_uploads[1:0]
     9/10: $0\configured[0:0]
    10/10: $0\SCLK[0:0]
Creating decoders for process `$paramod$0317fcdaf7a5d40e0aae50824c41a370b85b36dd\panel_scan.$proc$panel_scan.v:87$728'.
     1/2: $1\word[15:0]
     2/2: $1\length[15:0]
Creating decoders for process `$paramod$0317fcdaf7a5d40e0aae50824c41a370b85b36dd\panel_scan.$proc$panel_scan.v:59$727'.
     1/1: $1\config_word[15:0]
Creating decoders for process `$paramod$0317fcdaf7a5d40e0aae50824c41a370b85b36dd\panel_scan.$proc$panel_scan.v:30$720'.
Creating decoders for process `\video.$proc$video.v:6$8'.
Creating decoders for process `\video.$proc$video.v:7$1'.

6.3.8. Executing PROC_DLATCH pass (convert process syncs to latches).
No latch inferred for signal `$paramod$0317fcdaf7a5d40e0aae50824c41a370b85b36dd\panel_scan.\word' from process `$paramod$0317fcdaf7a5d40e0aae50824c41a370b85b36dd\panel_scan.$proc$panel_scan.v:87$728'.
No latch inferred for signal `$paramod$0317fcdaf7a5d40e0aae50824c41a370b85b36dd\panel_scan.\length' from process `$paramod$0317fcdaf7a5d40e0aae50824c41a370b85b36dd\panel_scan.$proc$panel_scan.v:87$728'.
No latch inferred for signal `$paramod$0317fcdaf7a5d40e0aae50824c41a370b85b36dd\panel_scan.\config_word' from process `$paramod$0317fcdaf7a5d40e0aae50824c41a370b85b36dd\panel_scan.$proc$panel_scan.v:59$727'.

6.3.9. Executing PROC_DFF pass (convert process syncs to FFs).
Creating register for signal `\frame_protocol.\offset' using process `\frame_protocol.$proc$frame_protocol.v:29$254'.
  created $dff cell `$procdff$1790' with positive edge clock.
Creating register for signal `\frame_protocol.\tx_data' using process `\frame_protocol.$proc$frame_protocol.v:29$254'.
  created $dff cell `$procdff$1791' with positive edge clock.
Creating register for signal `\frame_protocol.\write_data' using process `\frame_protocol.$proc$frame_protocol.v:29$254'.
  created $dff cell `$procdff$1792' with positive edge clock.
Creating register for signal `\frame_protocol.\tx_start' using process `\frame_protocol.$proc$frame_protocol.v:29$254'.
  created $dff cell `$procdff$1793' with positive edge clock.
Creating register for signal `\frame_protocol.\bank' using process `\frame_protocol.$proc$frame_protocol.v:29$254'.
  created $dff cell `$procdff$1794' with positive edge clock.
Creating register for signal `\frame_protocol.\refresh' using process `\frame_protocol.$proc$frame_protocol.v:29$254'.
  created $dff cell `$procdff$1795' with positive edge clock.
Creating register for signal `\frame_protocol.\write_request' using process `\frame_protocol.$proc$frame_protocol.v:29$254'.
  created $dff cell `$procdff$1796' with positive edge clock.
Creating register for signal `\frame_protocol.\write_address' using process `\frame_protocol.$proc$frame_protocol.v:29$254'.
  created $dff cell `$procdff$1797' with positive edge clock.
Creating register for signal `\frame_protocol.\state' using process `\frame_protocol.$proc$frame_protocol.v:29$254'.
  created $dff cell `$procdff$1798' with positive edge clock.
Creating register for signal `\frame_protocol.\command' using process `\frame_protocol.$proc$frame_protocol.v:29$254'.
  created $dff cell `$procdff$1799' with positive edge clock.
Creating register for signal `\frame_protocol.\frame_sequence' using process `\frame_protocol.$proc$frame_protocol.v:29$254'.
  created $dff cell `$procdff$1800' with positive edge clock.
Creating register for signal `\frame_protocol.\last_sequence' using process `\frame_protocol.$proc$frame_protocol.v:29$254'.
  created $dff cell `$procdff$1801' with positive edge clock.
Creating register for signal `\frame_protocol.\crc' using process `\frame_protocol.$proc$frame_protocol.v:29$254'.
  created $dff cell `$procdff$1802' with positive edge clock.
Creating register for signal `\frame_protocol.\received_crc' using process `\frame_protocol.$proc$frame_protocol.v:29$254'.
  created $dff cell `$procdff$1803' with positive edge clock.
Creating register for signal `\frame_protocol.\last_crc' using process `\frame_protocol.$proc$frame_protocol.v:29$254'.
  created $dff cell `$procdff$1804' with positive edge clock.
Creating register for signal `\frame_protocol.\crc_steps' using process `\frame_protocol.$proc$frame_protocol.v:29$254'.
  created $dff cell `$procdff$1805' with positive edge clock.
Creating register for signal `\frame_protocol.\accepted' using process `\frame_protocol.$proc$frame_protocol.v:29$254'.
  created $dff cell `$procdff$1806' with positive edge clock.
Creating register for signal `\frame_protocol.\memory_bad' using process `\frame_protocol.$proc$frame_protocol.v:29$254'.
  created $dff cell `$procdff$1807' with positive edge clock.
Creating register for signal `\frame_protocol.\have_last' using process `\frame_protocol.$proc$frame_protocol.v:29$254'.
  created $dff cell `$procdff$1808' with positive edge clock.
Creating register for signal `\frame_protocol.\idle_ticks' using process `\frame_protocol.$proc$frame_protocol.v:29$254'.
  created $dff cell `$procdff$1809' with positive edge clock.
Creating register for signal `\frame_protocol.\status' using process `\frame_protocol.$proc$frame_protocol.v:29$254'.
  created $dff cell `$procdff$1810' with positive edge clock.
Creating register for signal `\frame_protocol.\reply_index' using process `\frame_protocol.$proc$frame_protocol.v:29$254'.
  created $dff cell `$procdff$1811' with positive edge clock.
Creating register for signal `\frame_protocol.\reply_xor' using process `\frame_protocol.$proc$frame_protocol.v:29$254'.
  created $dff cell `$procdff$1812' with positive edge clock.
Creating register for signal `\frame_memory.\sram_a' using process `\frame_memory.$proc$frame_memory.v:24$182'.
  created $dff cell `$procdff$1813' with positive edge clock.
Creating register for signal `\frame_memory.\sram_we_n' using process `\frame_memory.$proc$frame_memory.v:24$182'.
  created $dff cell `$procdff$1814' with positive edge clock.
Creating register for signal `\frame_memory.\sram_oe_n' using process `\frame_memory.$proc$frame_memory.v:24$182'.
  created $dff cell `$procdff$1815' with positive edge clock.
Creating register for signal `\frame_memory.\boot_done' using process `\frame_memory.$proc$frame_memory.v:24$182'.
  created $dff cell `$procdff$1816' with positive edge clock.
Creating register for signal `\frame_memory.\boot_error' using process `\frame_memory.$proc$frame_memory.v:24$182'.
  created $dff cell `$procdff$1817' with positive edge clock.
Creating register for signal `\frame_memory.\write_error' using process `\frame_memory.$proc$frame_memory.v:24$182'.
  created $dff cell `$procdff$1818' with positive edge clock.
Creating register for signal `\frame_memory.\colors' using process `\frame_memory.$proc$frame_memory.v:24$182'.
  created $dff cell `$procdff$1819' with positive edge clock.
Creating register for signal `\frame_memory.\state' using process `\frame_memory.$proc$frame_memory.v:24$182'.
  created $dff cell `$procdff$1820' with positive edge clock.
Creating register for signal `\frame_memory.\boot_address' using process `\frame_memory.$proc$frame_memory.v:24$182'.
  created $dff cell `$procdff$1821' with positive edge clock.
Creating register for signal `\frame_memory.\boot_write' using process `\frame_memory.$proc$frame_memory.v:24$182'.
  created $dff cell `$procdff$1822' with positive edge clock.
Creating register for signal `\frame_memory.\drive' using process `\frame_memory.$proc$frame_memory.v:24$182'.
  created $dff cell `$procdff$1823' with positive edge clock.
Creating register for signal `\frame_memory.\data_out' using process `\frame_memory.$proc$frame_memory.v:24$182'.
  created $dff cell `$procdff$1824' with positive edge clock.
Creating register for signal `\frame_memory.\pending_data' using process `\frame_memory.$proc$frame_memory.v:24$182'.
  created $dff cell `$procdff$1825' with positive edge clock.
Creating register for signal `\frame_memory.\cache_address' using process `\frame_memory.$proc$frame_memory.v:24$182'.
  created $dff cell `$procdff$1826' with positive edge clock.
Creating register for signal `\frame_memory.\cache_valid' using process `\frame_memory.$proc$frame_memory.v:24$182'.
  created $dff cell `$procdff$1827' with positive edge clock.
Creating register for signal `\frame_memory.\cache_bank' using process `\frame_memory.$proc$frame_memory.v:24$182'.
  created $dff cell `$procdff$1828' with positive edge clock.
Creating register for signal `\frame_memory.\plane' using process `\frame_memory.$proc$frame_memory.v:24$182'.
  created $dff cell `$procdff$1829' with positive edge clock.
Creating register for signal `\frame_memory.$bitselwrite$pos$frame_memory.v:67$174' using process `\frame_memory.$proc$frame_memory.v:24$182'.
  created $dff cell `$procdff$1830' with positive edge clock.
Creating register for signal `\frame_memory.$lookahead\colors$181' using process `\frame_memory.$proc$frame_memory.v:24$182'.
  created $dff cell `$procdff$1831' with positive edge clock.
Creating register for signal `\frame_memory.\seed_data' using process `\frame_memory.$proc$frame_memory.v:14$175'.
  created $dff cell `$procdff$1832' with positive edge clock.
Creating register for signal `\video_uart_tx.\busy' using process `\video_uart_tx.$proc$uart.v:35$163'.
  created $dff cell `$procdff$1833' with positive edge clock.
Creating register for signal `\video_uart_tx.\timer' using process `\video_uart_tx.$proc$uart.v:35$163'.
  created $dff cell `$procdff$1834' with positive edge clock.
Creating register for signal `\video_uart_tx.\bit_index' using process `\video_uart_tx.$proc$uart.v:35$163'.
  created $dff cell `$procdff$1835' with positive edge clock.
Creating register for signal `\video_uart_tx.\shift' using process `\video_uart_tx.$proc$uart.v:35$163'.
  created $dff cell `$procdff$1836' with positive edge clock.
Creating register for signal `\video_uart_rx.\data' using process `\video_uart_rx.$proc$uart.v:10$127'.
  created $dff cell `$procdff$1837' with positive edge clock.
Creating register for signal `\video_uart_rx.\valid' using process `\video_uart_rx.$proc$uart.v:10$127'.
  created $dff cell `$procdff$1838' with positive edge clock.
Creating register for signal `\video_uart_rx.\bad_stop' using process `\video_uart_rx.$proc$uart.v:10$127'.
  created $dff cell `$procdff$1839' with positive edge clock.
Creating register for signal `\video_uart_rx.\state' using process `\video_uart_rx.$proc$uart.v:10$127'.
  created $dff cell `$procdff$1840' with positive edge clock.
Creating register for signal `\video_uart_rx.\timer' using process `\video_uart_rx.$proc$uart.v:10$127'.
  created $dff cell `$procdff$1841' with positive edge clock.
Creating register for signal `\video_uart_rx.\bit_index' using process `\video_uart_rx.$proc$uart.v:10$127'.
  created $dff cell `$procdff$1842' with positive edge clock.
Creating register for signal `\video_uart_rx.\shift' using process `\video_uart_rx.$proc$uart.v:10$127'.
  created $dff cell `$procdff$1843' with positive edge clock.
Creating register for signal `\video_uart_rx.$bitselwrite$pos$uart.v:19$124' using process `\video_uart_rx.$proc$uart.v:10$127'.
  created $dff cell `$procdff$1844' with positive edge clock.
Creating register for signal `\video_uart_rx.$lookahead\shift$126' using process `\video_uart_rx.$proc$uart.v:10$127'.
  created $dff cell `$procdff$1845' with positive edge clock.
Creating register for signal `\video_uart_rx.\meta' using process `\video_uart_rx.$proc$uart.v:5$125'.
  created $dff cell `$procdff$1846' with positive edge clock.
Creating register for signal `\video_uart_rx.\sync' using process `\video_uart_rx.$proc$uart.v:5$125'.
  created $dff cell `$procdff$1847' with positive edge clock.
Creating register for signal `$paramod$0317fcdaf7a5d40e0aae50824c41a370b85b36dd\panel_scan.\A' using process `$paramod$0317fcdaf7a5d40e0aae50824c41a370b85b36dd\panel_scan.$proc$panel_scan.v:163$761'.
  created $dff cell `$procdff$1848' with positive edge clock.
Creating register for signal `$paramod$0317fcdaf7a5d40e0aae50824c41a370b85b36dd\panel_scan.\B' using process `$paramod$0317fcdaf7a5d40e0aae50824c41a370b85b36dd\panel_scan.$proc$panel_scan.v:163$761'.
  created $dff cell `$procdff$1849' with positive edge clock.
Creating register for signal `$paramod$0317fcdaf7a5d40e0aae50824c41a370b85b36dd\panel_scan.\C' using process `$paramod$0317fcdaf7a5d40e0aae50824c41a370b85b36dd\panel_scan.$proc$panel_scan.v:163$761'.
  created $dff cell `$procdff$1850' with positive edge clock.
Creating register for signal `$paramod$0317fcdaf7a5d40e0aae50824c41a370b85b36dd\panel_scan.\LAT' using process `$paramod$0317fcdaf7a5d40e0aae50824c41a370b85b36dd\panel_scan.$proc$panel_scan.v:163$761'.
  created $dff cell `$procdff$1851' with positive edge clock.
Creating register for signal `$paramod$0317fcdaf7a5d40e0aae50824c41a370b85b36dd\panel_scan.\OE' using process `$paramod$0317fcdaf7a5d40e0aae50824c41a370b85b36dd\panel_scan.$proc$panel_scan.v:163$761'.
  created $dff cell `$procdff$1852' with positive edge clock.
Creating register for signal `$paramod$0317fcdaf7a5d40e0aae50824c41a370b85b36dd\panel_scan.\rgb' using process `$paramod$0317fcdaf7a5d40e0aae50824c41a370b85b36dd\panel_scan.$proc$panel_scan.v:163$761'.
  created $dff cell `$procdff$1853' with positive edge clock.
Creating register for signal `$paramod$0317fcdaf7a5d40e0aae50824c41a370b85b36dd\panel_scan.\SCLK' using process `$paramod$0317fcdaf7a5d40e0aae50824c41a370b85b36dd\panel_scan.$proc$panel_scan.v:111$729'.
  created $dff cell `$procdff$1854' with positive edge clock.
Creating register for signal `$paramod$0317fcdaf7a5d40e0aae50824c41a370b85b36dd\panel_scan.\refresh_taken' using process `$paramod$0317fcdaf7a5d40e0aae50824c41a370b85b36dd\panel_scan.$proc$panel_scan.v:111$729'.
  created $dff cell `$procdff$1855' with positive edge clock.
Creating register for signal `$paramod$0317fcdaf7a5d40e0aae50824c41a370b85b36dd\panel_scan.\configured' using process `$paramod$0317fcdaf7a5d40e0aae50824c41a370b85b36dd\panel_scan.$proc$panel_scan.v:111$729'.
  created $dff cell `$procdff$1856' with positive edge clock.
Creating register for signal `$paramod$0317fcdaf7a5d40e0aae50824c41a370b85b36dd\panel_scan.\visible_uploads' using process `$paramod$0317fcdaf7a5d40e0aae50824c41a370b85b36dd\panel_scan.$proc$panel_scan.v:111$729'.
  created $dff cell `$procdff$1857' with positive edge clock.
Creating register for signal `$paramod$0317fcdaf7a5d40e0aae50824c41a370b85b36dd\panel_scan.\state' using process `$paramod$0317fcdaf7a5d40e0aae50824c41a370b85b36dd\panel_scan.$proc$panel_scan.v:111$729'.
  created $dff cell `$procdff$1858' with positive edge clock.
Creating register for signal `$paramod$0317fcdaf7a5d40e0aae50824c41a370b85b36dd\panel_scan.\count' using process `$paramod$0317fcdaf7a5d40e0aae50824c41a370b85b36dd\panel_scan.$proc$panel_scan.v:111$729'.
  created $dff cell `$procdff$1859' with positive edge clock.
Creating register for signal `$paramod$0317fcdaf7a5d40e0aae50824c41a370b85b36dd\panel_scan.\config_index' using process `$paramod$0317fcdaf7a5d40e0aae50824c41a370b85b36dd\panel_scan.$proc$panel_scan.v:111$729'.
  created $dff cell `$procdff$1860' with positive edge clock.
Creating register for signal `$paramod$0317fcdaf7a5d40e0aae50824c41a370b85b36dd\panel_scan.\phase' using process `$paramod$0317fcdaf7a5d40e0aae50824c41a370b85b36dd\panel_scan.$proc$panel_scan.v:111$729'.
  created $dff cell `$procdff$1861' with positive edge clock.
Creating register for signal `$paramod$0317fcdaf7a5d40e0aae50824c41a370b85b36dd\panel_scan.\scan_row' using process `$paramod$0317fcdaf7a5d40e0aae50824c41a370b85b36dd\panel_scan.$proc$panel_scan.v:111$729'.
  created $dff cell `$procdff$1862' with positive edge clock.
Creating register for signal `$paramod$0317fcdaf7a5d40e0aae50824c41a370b85b36dd\panel_scan.\tick_div' using process `$paramod$0317fcdaf7a5d40e0aae50824c41a370b85b36dd\panel_scan.$proc$panel_scan.v:111$729'.
  created $dff cell `$procdff$1863' with positive edge clock.
Creating register for signal `$paramod$0317fcdaf7a5d40e0aae50824c41a370b85b36dd\panel_scan.\heartbeat' using process `$paramod$0317fcdaf7a5d40e0aae50824c41a370b85b36dd\panel_scan.$proc$panel_scan.v:30$720'.
  created $dff cell `$procdff$1864' with positive edge clock.
Creating register for signal `\video.\divider' using process `\video.$proc$video.v:7$1'.
  created $dff cell `$procdff$1865' with positive edge clock.

6.3.10. Executing PROC_MEMWR pass (convert process memory writes to cells).

6.3.11. Executing PROC_CLEAN pass (remove empty switches from decision trees).
Removing empty process `frame_protocol.$proc$frame_protocol.v:22$339'.
Removing empty process `frame_protocol.$proc$frame_protocol.v:21$338'.
Removing empty process `frame_protocol.$proc$frame_protocol.v:20$337'.
Removing empty process `frame_protocol.$proc$frame_protocol.v:19$336'.
Removing empty process `frame_protocol.$proc$frame_protocol.v:18$335'.
Removing empty process `frame_protocol.$proc$frame_protocol.v:17$334'.
Removing empty process `frame_protocol.$proc$frame_protocol.v:17$333'.
Removing empty process `frame_protocol.$proc$frame_protocol.v:16$332'.
Removing empty process `frame_protocol.$proc$frame_protocol.v:14$331'.
Removing empty process `frame_protocol.$proc$frame_protocol.v:13$330'.
Removing empty process `frame_protocol.$proc$frame_protocol.v:13$329'.
Removing empty process `frame_protocol.$proc$frame_protocol.v:13$328'.
Removing empty process `frame_protocol.$proc$frame_protocol.v:12$327'.
Removing empty process `frame_protocol.$proc$frame_protocol.v:12$326'.
Removing empty process `frame_protocol.$proc$frame_protocol.v:12$325'.
Removing empty process `frame_protocol.$proc$frame_protocol.v:11$324'.
Removing empty process `frame_protocol.$proc$frame_protocol.v:10$323'.
Removing empty process `frame_protocol.$proc$frame_protocol.v:10$322'.
Removing empty process `frame_protocol.$proc$frame_protocol.v:9$321'.
Removing empty process `frame_protocol.$proc$frame_protocol.v:8$320'.
Removing empty process `frame_protocol.$proc$frame_protocol.v:8$319'.
Removing empty process `frame_protocol.$proc$frame_protocol.v:7$318'.
Removing empty process `frame_protocol.$proc$frame_protocol.v:7$317'.
Found and cleaned up 27 empty switches in `\frame_protocol.$proc$frame_protocol.v:29$254'.
Removing empty process `frame_protocol.$proc$frame_protocol.v:29$254'.
Removing empty process `frame_memory.$proc$frame_memory.v:19$233'.
Removing empty process `frame_memory.$proc$frame_memory.v:19$232'.
Removing empty process `frame_memory.$proc$frame_memory.v:18$231'.
Removing empty process `frame_memory.$proc$frame_memory.v:17$230'.
Removing empty process `frame_memory.$proc$frame_memory.v:17$229'.
Removing empty process `frame_memory.$proc$frame_memory.v:16$228'.
Removing empty process `frame_memory.$proc$frame_memory.v:16$227'.
Removing empty process `frame_memory.$proc$frame_memory.v:15$226'.
Removing empty process `frame_memory.$proc$frame_memory.v:20$234'.
Removing empty process `frame_memory.$proc$frame_memory.v:12$224'.
Removing empty process `frame_memory.$proc$frame_memory.v:11$223'.
Removing empty process `frame_memory.$proc$frame_memory.v:9$222'.
Removing empty process `frame_memory.$proc$frame_memory.v:9$221'.
Removing empty process `frame_memory.$proc$frame_memory.v:8$220'.
Removing empty process `frame_memory.$proc$frame_memory.v:7$219'.
Removing empty process `frame_memory.$proc$frame_memory.v:7$218'.
Removing empty process `frame_memory.$proc$frame_memory.v:6$217'.
Removing empty process `frame_memory.$proc$frame_memory.v:4$216'.
Found and cleaned up 9 empty switches in `\frame_memory.$proc$frame_memory.v:24$182'.
Removing empty process `frame_memory.$proc$frame_memory.v:24$182'.
Removing empty process `frame_memory.$proc$frame_memory.v:14$175'.
Removing empty process `video_uart_tx.$proc$uart.v:33$173'.
Removing empty process `video_uart_tx.$proc$uart.v:32$172'.
Removing empty process `video_uart_tx.$proc$uart.v:31$171'.
Removing empty process `video_uart_tx.$proc$uart.v:30$170'.
Found and cleaned up 4 empty switches in `\video_uart_tx.$proc$uart.v:35$163'.
Removing empty process `video_uart_tx.$proc$uart.v:35$163'.
Removing empty process `video_uart_rx.$proc$uart.v:9$161'.
Removing empty process `video_uart_rx.$proc$uart.v:8$160'.
Removing empty process `video_uart_rx.$proc$uart.v:7$159'.
Removing empty process `video_uart_rx.$proc$uart.v:6$158'.
Removing empty process `video_uart_rx.$proc$uart.v:4$157'.
Removing empty process `video_uart_rx.$proc$uart.v:4$156'.
Removing empty process `video_uart_rx.$proc$uart.v:3$155'.
Removing empty process `video_uart_rx.$proc$uart.v:3$154'.
Removing empty process `video_uart_rx.$proc$uart.v:2$153'.
Found and cleaned up 7 empty switches in `\video_uart_rx.$proc$uart.v:10$127'.
Removing empty process `video_uart_rx.$proc$uart.v:10$127'.
Removing empty process `video_uart_rx.$proc$uart.v:5$125'.
Removing empty process `$paramod$0317fcdaf7a5d40e0aae50824c41a370b85b36dd\panel_scan.$proc$panel_scan.v:42$834'.
Removing empty process `$paramod$0317fcdaf7a5d40e0aae50824c41a370b85b36dd\panel_scan.$proc$panel_scan.v:41$833'.
Removing empty process `$paramod$0317fcdaf7a5d40e0aae50824c41a370b85b36dd\panel_scan.$proc$panel_scan.v:40$832'.
Removing empty process `$paramod$0317fcdaf7a5d40e0aae50824c41a370b85b36dd\panel_scan.$proc$panel_scan.v:39$831'.
Removing empty process `$paramod$0317fcdaf7a5d40e0aae50824c41a370b85b36dd\panel_scan.$proc$panel_scan.v:38$830'.
Removing empty process `$paramod$0317fcdaf7a5d40e0aae50824c41a370b85b36dd\panel_scan.$proc$panel_scan.v:37$829'.
Removing empty process `$paramod$0317fcdaf7a5d40e0aae50824c41a370b85b36dd\panel_scan.$proc$panel_scan.v:36$828'.
Removing empty process `$paramod$0317fcdaf7a5d40e0aae50824c41a370b85b36dd\panel_scan.$proc$panel_scan.v:29$827'.
Removing empty process `$paramod$0317fcdaf7a5d40e0aae50824c41a370b85b36dd\panel_scan.$proc$panel_scan.v:28$826'.
Removing empty process `$paramod$0317fcdaf7a5d40e0aae50824c41a370b85b36dd\panel_scan.$proc$panel_scan.v:27$825'.
Removing empty process `$paramod$0317fcdaf7a5d40e0aae50824c41a370b85b36dd\panel_scan.$proc$panel_scan.v:24$824'.
Removing empty process `$paramod$0317fcdaf7a5d40e0aae50824c41a370b85b36dd\panel_scan.$proc$panel_scan.v:18$823'.
Found and cleaned up 4 empty switches in `$paramod$0317fcdaf7a5d40e0aae50824c41a370b85b36dd\panel_scan.$proc$panel_scan.v:163$761'.
Removing empty process `$paramod$0317fcdaf7a5d40e0aae50824c41a370b85b36dd\panel_scan.$proc$panel_scan.v:163$761'.
Found and cleaned up 15 empty switches in `$paramod$0317fcdaf7a5d40e0aae50824c41a370b85b36dd\panel_scan.$proc$panel_scan.v:111$729'.
Removing empty process `$paramod$0317fcdaf7a5d40e0aae50824c41a370b85b36dd\panel_scan.$proc$panel_scan.v:111$729'.
Found and cleaned up 2 empty switches in `$paramod$0317fcdaf7a5d40e0aae50824c41a370b85b36dd\panel_scan.$proc$panel_scan.v:87$728'.
Removing empty process `$paramod$0317fcdaf7a5d40e0aae50824c41a370b85b36dd\panel_scan.$proc$panel_scan.v:87$728'.
Found and cleaned up 1 empty switch in `$paramod$0317fcdaf7a5d40e0aae50824c41a370b85b36dd\panel_scan.$proc$panel_scan.v:59$727'.
Removing empty process `$paramod$0317fcdaf7a5d40e0aae50824c41a370b85b36dd\panel_scan.$proc$panel_scan.v:59$727'.
Removing empty process `$paramod$0317fcdaf7a5d40e0aae50824c41a370b85b36dd\panel_scan.$proc$panel_scan.v:30$720'.
Removing empty process `video.$proc$video.v:6$8'.
Removing empty process `video.$proc$video.v:7$1'.
Cleaned up 69 empty switches.

6.3.12. Executing OPT_EXPR pass (perform const folding).
Optimizing module frame_protocol.
<suppressed ~13 debug messages>
Optimizing module frame_memory.
<suppressed ~21 debug messages>
Optimizing module video_uart_tx.
<suppressed ~4 debug messages>
Optimizing module video_uart_rx.
<suppressed ~6 debug messages>
Optimizing module $paramod$0317fcdaf7a5d40e0aae50824c41a370b85b36dd\panel_scan.
<suppressed ~18 debug messages>
Optimizing module video.

6.4. Executing CHECK pass (checking for obvious problems).
Checking module frame_protocol...
Checking module frame_memory...
Checking module video_uart_tx...
Checking module video_uart_rx...
Checking module $paramod$0317fcdaf7a5d40e0aae50824c41a370b85b36dd\panel_scan...
Checking module video...
Found and reported 0 problems.

6.5. Executing FLATTEN pass (flatten design).
Deleting now unused module frame_protocol.
Deleting now unused module frame_memory.
Deleting now unused module video_uart_tx.
Deleting now unused module video_uart_rx.
Deleting now unused module $paramod$0317fcdaf7a5d40e0aae50824c41a370b85b36dd\panel_scan.
<suppressed ~5 debug messages>

6.6. Executing TRIBUF pass.

6.7. Executing DEMINOUT pass (demote inout ports to input or output).

6.8. Executing OPT_EXPR pass (perform const folding).
Optimizing module video.
<suppressed ~5 debug messages>

6.9. Executing CHECK pass (checking for obvious problems).
Checking module video...
Found and reported 0 problems.

6.10. Executing OPT_CLEAN pass (remove unused cells and wires).
Finding unused cells or wires in module \video..
Removed 20 unused cells and 451 unused wires.
<suppressed ~23 debug messages>

6.11. Executing OPT pass (performing simple optimizations).

6.11.1. Executing OPT_EXPR pass (perform const folding).
Optimizing module video.

6.11.2. Executing OPT_MERGE pass (detect identical cells).
Finding identical cells in module `\video'.
Computing hashes of 726 cells of `\video'.
Finding duplicate cells in `\video'.
Computing hashes of 610 cells of `\video'.
Finding duplicate cells in `\video'.
Computing hashes of 600 cells of `\video'.
Finding duplicate cells in `\video'.
<suppressed ~378 debug messages>
Removed a total of 126 cells.

6.11.3. Executing OPT_MUXTREE pass (detect dead branches in mux trees).
Running muxtree optimizer on module \video..
  Creating internal representation of mux trees.
  Evaluating internal representation of mux trees.
      Replacing known input bits on port B of cell $flatten\uart_tx.$procmux$1433: \uart_tx.busy -> 1'1
      Replacing known input bits on port A of cell $flatten\uart_tx.$procmux$1430: \uart_tx.busy -> 1'1
      Replacing known input bits on port A of cell $flatten\uart_tx.$procmux$1436: \uart_tx.busy -> 1'0
  Analyzing evaluation results.
    dead port 2/2 on $mux $flatten\uart_rx.$procmux$1444.
Removed 1 multiplexer ports.
<suppressed ~561 debug messages>

6.11.4. Executing OPT_REDUCE pass (consolidate $*mux and $reduce_* inputs).
  Optimizing cells in module \video.
    New ctrl vector for $pmux cell $flatten\memory.$procmux$1282: { $auto$opt_reduce.cc:137:opt_pmux$1872 $flatten\memory.$procmux$1273_CMP }
    New ctrl vector for $pmux cell $flatten\memory.$procmux$1368: { $auto$opt_reduce.cc:137:opt_pmux$1876 $auto$opt_reduce.cc:137:opt_pmux$1874 }
    New ctrl vector for $pmux cell $flatten\memory.$procmux$1383: { $auto$opt_reduce.cc:137:opt_pmux$1878 $flatten\memory.$procmux$1333_CMP }
    New ctrl vector for $pmux cell $flatten\uart_rx.$procmux$1452: { $auto$opt_reduce.cc:137:opt_pmux$1880 $flatten\uart_rx.$procmux$1445_CMP }
  Optimizing cells in module \video.
Performed a total of 4 changes.

6.11.5. Executing OPT_MERGE pass (detect identical cells).
Finding identical cells in module `\video'.
Computing hashes of 604 cells of `\video'.
Finding duplicate cells in `\video'.
Removed a total of 0 cells.

6.11.6. Executing OPT_DFF pass (perform DFF optimizations).

6.11.7. Executing OPT_CLEAN pass (remove unused cells and wires).
Finding unused cells or wires in module \video..
Removed 0 unused cells and 117 unused wires.
<suppressed ~1 debug messages>

6.11.8. Executing OPT_EXPR pass (perform const folding).
Optimizing module video.

6.11.9. Rerunning OPT passes. (Maybe there is more to do..)

6.11.10. Executing OPT_MUXTREE pass (detect dead branches in mux trees).
Running muxtree optimizer on module \video..
  Creating internal representation of mux trees.
  Evaluating internal representation of mux trees.
  Analyzing evaluation results.
Removed 0 multiplexer ports.
<suppressed ~560 debug messages>

6.11.11. Executing OPT_REDUCE pass (consolidate $*mux and $reduce_* inputs).
  Optimizing cells in module \video.
Performed a total of 0 changes.

6.11.12. Executing OPT_MERGE pass (detect identical cells).
Finding identical cells in module `\video'.
Computing hashes of 604 cells of `\video'.
Finding duplicate cells in `\video'.
Removed a total of 0 cells.

6.11.13. Executing OPT_DFF pass (perform DFF optimizations).

6.11.14. Executing OPT_CLEAN pass (remove unused cells and wires).
Finding unused cells or wires in module \video..

6.11.15. Executing OPT_EXPR pass (perform const folding).
Optimizing module video.

6.11.16. Finished fast OPT passes. (There is nothing left to do.)

6.12. Executing FSM pass (extract and optimize FSM).

6.12.1. Executing FSM_DETECT pass (finding FSMs in design).
Not marking video.protocol.state as FSM state register:
    Register has an initialization value.
Not marking video.protocol.status as FSM state register:
    Users of register don't seem to benefit from recoding.
    Register has an initialization value.
Not marking video.memory.state as FSM state register:
    Register has an initialization value.
Not marking video.uart_rx.state as FSM state register:
    Register has an initialization value.

6.12.2. Executing FSM_EXTRACT pass (extracting FSM from design).

6.12.3. Executing FSM_OPT pass (simple optimizations of FSMs).

6.12.4. Executing OPT_CLEAN pass (remove unused cells and wires).
Finding unused cells or wires in module \video..

6.12.5. Executing FSM_OPT pass (simple optimizations of FSMs).

6.12.6. Executing FSM_RECODE pass (re-assigning FSM state encoding).

6.12.7. Executing FSM_INFO pass (dumping all available information on FSM cells).

6.12.8. Executing FSM_MAP pass (mapping FSMs to basic logic).

6.13. Executing OPT pass (performing simple optimizations).

6.13.1. Executing OPT_EXPR pass (perform const folding).
Optimizing module video.

6.13.2. Executing OPT_MERGE pass (detect identical cells).
Finding identical cells in module `\video'.
Computing hashes of 604 cells of `\video'.
Finding duplicate cells in `\video'.
Removed a total of 0 cells.

6.13.3. Executing OPT_MUXTREE pass (detect dead branches in mux trees).
Running muxtree optimizer on module \video..
  Creating internal representation of mux trees.
  Evaluating internal representation of mux trees.
  Analyzing evaluation results.
Removed 0 multiplexer ports.
<suppressed ~560 debug messages>

6.13.4. Executing OPT_REDUCE pass (consolidate $*mux and $reduce_* inputs).
  Optimizing cells in module \video.
Performed a total of 0 changes.

6.13.5. Executing OPT_MERGE pass (detect identical cells).
Finding identical cells in module `\video'.
Computing hashes of 604 cells of `\video'.
Finding duplicate cells in `\video'.
Removed a total of 0 cells.

6.13.6. Executing OPT_DFF pass (perform DFF optimizations).
Adding EN signal on $flatten\protocol.$procdff$1812 ($dff) from module video (D = $flatten\protocol.$0\reply_xor[7:0], Q = \protocol.reply_xor).
Adding EN signal on $flatten\uart_rx.$procdff$1843 ($dff) from module video (D = $flatten\uart_rx.$0$lookahead\shift$126[7:0]$129, Q = \uart_rx.shift).
Adding EN signal on $flatten\uart_rx.$procdff$1842 ($dff) from module video (D = $flatten\uart_rx.$0\bit_index[2:0], Q = \uart_rx.bit_index).
Adding EN signal on $flatten\uart_rx.$procdff$1841 ($dff) from module video (D = $flatten\uart_rx.$0\timer[4:0], Q = \uart_rx.timer).
Adding EN signal on $flatten\uart_rx.$procdff$1840 ($dff) from module video (D = $flatten\uart_rx.$0\state[1:0], Q = \uart_rx.state).
Adding SRST signal on $flatten\uart_rx.$procdff$1839 ($dff) from module video (D = $flatten\uart_rx.$logic_not$uart.v:24$152_Y, Q = \uart_rx.bad_stop, rval = 1'0).
Adding SRST signal on $flatten\uart_rx.$procdff$1838 ($dff) from module video (D = \uart_rx.sync, Q = \uart_rx.valid, rval = 1'0).
Adding EN signal on $flatten\uart_rx.$procdff$1837 ($dff) from module video (D = \uart_rx.shift, Q = \uart_rx.data).
Adding EN signal on $flatten\uart_tx.$procdff$1836 ($dff) from module video (D = $flatten\uart_tx.$0\shift[9:0], Q = \uart_tx.shift).
Adding EN signal on $flatten\uart_tx.$procdff$1835 ($dff) from module video (D = $flatten\uart_tx.$0\bit_index[3:0], Q = \uart_tx.bit_index).
Adding EN signal on $flatten\uart_tx.$procdff$1834 ($dff) from module video (D = $flatten\uart_tx.$0\timer[4:0], Q = \uart_tx.timer).
Adding SRST signal on $flatten\protocol.$procdff$1810 ($dff) from module video (D = $flatten\protocol.$procmux$880_Y, Q = \protocol.status, rval = 8'00000000).
Adding EN signal on $auto$ff.cc:337:slice$1964 ($sdff) from module video (D = $flatten\protocol.$procmux$878_Y, Q = \protocol.status).
Adding SRST signal on $flatten\protocol.$procdff$1809 ($dff) from module video (D = $flatten\protocol.$add$frame_protocol.v:36$260_Y, Q = \protocol.idle_ticks, rval = 25'0000000000000000000000000).
Adding EN signal on $flatten\protocol.$procdff$1808 ($dff) from module video (D = 1'1, Q = \protocol.have_last).
Adding EN signal on $flatten\protocol.$procdff$1806 ($dff) from module video (D = $flatten\protocol.$logic_and$frame_protocol.v:79$310_Y, Q = \protocol.accepted).
Adding EN signal on $flatten\protocol.$procdff$1804 ($dff) from module video (D = \protocol.received_crc, Q = \protocol.last_crc).
Adding EN signal on $flatten\protocol.$procdff$1803 ($dff) from module video (D = \uart_rx.data, Q = \protocol.received_crc [15:8]).
Adding EN signal on $flatten\protocol.$procdff$1803 ($dff) from module video (D = \uart_rx.data, Q = \protocol.received_crc [7:0]).
Adding EN signal on $flatten\protocol.$procdff$1801 ($dff) from module video (D = \protocol.frame_sequence, Q = \protocol.last_sequence).
Adding EN signal on $flatten\protocol.$procdff$1800 ($dff) from module video (D = \uart_rx.data, Q = \protocol.frame_sequence).
Adding EN signal on $flatten\protocol.$procdff$1799 ($dff) from module video (D = \uart_rx.data, Q = \protocol.command).
Adding EN signal on $flatten\protocol.$procdff$1797 ($dff) from module video (D = \protocol.offset, Q = \protocol.write_address).
Adding SRST signal on $flatten\protocol.$procdff$1795 ($dff) from module video (D = $flatten\protocol.$procmux$1104_Y, Q = \protocol.refresh, rval = 1'0).
Adding EN signal on $auto$ff.cc:337:slice$2026 ($sdff) from module video (D = 1'1, Q = \protocol.refresh).
Adding EN signal on $flatten\protocol.$procdff$1794 ($dff) from module video (D = $flatten\memory.$not$frame_memory.v:32$188_Y, Q = \protocol.bank).
Adding EN signal on $flatten\protocol.$procdff$1792 ($dff) from module video (D = \uart_rx.data, Q = \protocol.write_data).
Adding EN signal on $flatten\protocol.$procdff$1791 ($dff) from module video (D = \protocol.next_reply, Q = \protocol.tx_data).
Adding EN signal on $flatten\protocol.$procdff$1790 ($dff) from module video (D = $flatten\protocol.$procmux$1140_Y, Q = \protocol.offset).
Adding EN signal on $flatten\memory.$procdff$1829 ($dff) from module video (D = $flatten\memory.$0\plane[2:0], Q = \memory.plane).
Adding EN signal on $flatten\memory.$procdff$1828 ($dff) from module video (D = \protocol.bank, Q = \memory.cache_bank).
Adding EN signal on $flatten\memory.$procdff$1827 ($dff) from module video (D = $flatten\memory.$0\cache_valid[0:0], Q = \memory.cache_valid).
Adding EN signal on $flatten\memory.$procdff$1826 ($dff) from module video (D = \scan.count [13:4], Q = \memory.cache_address).
Adding EN signal on $flatten\memory.$procdff$1825 ($dff) from module video (D = \protocol.write_data, Q = \memory.pending_data).
Adding EN signal on $flatten\memory.$procdff$1824 ($dff) from module video (D = $flatten\memory.$ternary$frame_memory.v:41$199_Y [7:0], Q = \memory.data_out).
Adding EN signal on $flatten\memory.$procdff$1823 ($dff) from module video (D = $flatten\memory.$0\drive[0:0], Q = \memory.drive).
Adding EN signal on $flatten\memory.$procdff$1822 ($dff) from module video (D = $flatten\memory.$procmux$1303_Y, Q = \memory.boot_write).
Adding SRST signal on $auto$ff.cc:337:slice$2103 ($dffe) from module video (D = $flatten\memory.$procmux$1300_Y, Q = \memory.boot_write, rval = 1'1).
Adding EN signal on $flatten\memory.$procdff$1821 ($dff) from module video (D = $flatten\memory.$add$frame_memory.v:60$202_Y, Q = \memory.boot_address).
Adding EN signal on $flatten\memory.$procdff$1820 ($dff) from module video (D = $flatten\memory.$0\state[4:0], Q = \memory.state).
Adding EN signal on $flatten\memory.$procdff$1819 ($dff) from module video (D = $flatten\memory.$or$frame_memory.v:67$211_Y, Q = \memory.colors).
Adding SRST signal on $flatten\memory.$procdff$1818 ($dff) from module video (D = $flatten\memory.$procmux$1157_Y, Q = \memory.write_error, rval = 1'0).
Adding EN signal on $flatten\memory.$procdff$1817 ($dff) from module video (D = 1'1, Q = \memory.boot_error).
Adding EN signal on $flatten\memory.$procdff$1816 ($dff) from module video (D = 1'1, Q = \memory.boot_done).
Adding EN signal on $flatten\memory.$procdff$1815 ($dff) from module video (D = $flatten\memory.$0\sram_oe_n[0:0], Q = \memory.sram_oe_n).
Adding EN signal on $flatten\memory.$procdff$1814 ($dff) from module video (D = $flatten\memory.$0\sram_we_n[0:0], Q = \memory.sram_we_n).
Adding EN signal on $flatten\memory.$procdff$1813 ($dff) from module video (D = $flatten\memory.$0\sram_a[17:0], Q = \memory.sram_a).
Adding SRST signal on $flatten\scan.$procdff$1863 ($dff) from module video (D = $flatten\scan.$add$panel_scan.v:159$760_Y, Q = \scan.tick_div, rval = 8'00000000).
Adding EN signal on $flatten\scan.$procdff$1862 ($dff) from module video (D = $flatten\scan.$procmux$1615_Y, Q = \scan.scan_row).
Adding EN signal on $flatten\scan.$procdff$1861 ($dff) from module video (D = $flatten\scan.$procmux$1641_Y, Q = \scan.phase).
Adding EN signal on $flatten\scan.$procdff$1860 ($dff) from module video (D = $flatten\scan.$procmux$1663_Y, Q = \scan.config_index).
Adding EN signal on $flatten\scan.$procdff$1859 ($dff) from module video (D = $flatten\scan.$procmux$1680_Y, Q = \scan.count).
Adding SRST signal on $auto$ff.cc:337:slice$2180 ($dffe) from module video (D = $flatten\scan.$add$panel_scan.v:148$751_Y, Q = \scan.count, rval = 16'0000000000000000).
Adding EN signal on $flatten\scan.$procdff$1858 ($dff) from module video (D = $flatten\scan.$procmux$1705_Y, Q = \scan.state).
Adding SRST signal on $auto$ff.cc:337:slice$2186 ($dffe) from module video (D = $flatten\scan.$procmux$1702_Y, Q = \scan.state, rval = 4'1011).
Adding EN signal on $flatten\scan.$procdff$1857 ($dff) from module video (D = $flatten\scan.$procmux$1728_Y, Q = \scan.visible_uploads).
Adding EN signal on $flatten\scan.$procdff$1856 ($dff) from module video (D = 1'1, Q = \scan.configured).
Adding SRST signal on $flatten\scan.$procdff$1855 ($dff) from module video (D = $flatten\scan.$procmux$1580_Y, Q = \scan.refresh_taken, rval = 1'0).
Adding SRST signal on $flatten\scan.$procdff$1854 ($dff) from module video (D = $flatten\scan.$procmux$1768_Y, Q = \scan.SCLK, rval = 1'0).
Adding EN signal on $auto$ff.cc:337:slice$2223 ($sdff) from module video (D = $flatten\scan.$procmux$1766_Y, Q = \scan.SCLK).
Adding EN signal on $flatten\scan.$procdff$1853 ($dff) from module video (D = $flatten\scan.$procmux$1565_Y, Q = \scan.rgb).
Adding EN signal on $flatten\scan.$procdff$1852 ($dff) from module video (D = $flatten\scan.$procmux$1538_Y, Q = \scan.OE).
Adding EN signal on $flatten\scan.$procdff$1851 ($dff) from module video (D = $flatten\scan.$procmux$1545_Y, Q = \scan.LAT).
Adding EN signal on $flatten\scan.$procdff$1850 ($dff) from module video (D = $flatten\scan.$procmux$1534_Y, Q = \scan.C).
Adding SRST signal on $auto$ff.cc:337:slice$2228 ($dffe) from module video (D = \scan.scan_row [2], Q = \scan.C, rval = 1'0).
Adding EN signal on $flatten\scan.$procdff$1849 ($dff) from module video (D = $flatten\scan.$procmux$1553_Y, Q = \scan.B).
Adding SRST signal on $auto$ff.cc:337:slice$2230 ($dffe) from module video (D = \scan.scan_row [1], Q = \scan.B, rval = 1'0).
Adding EN signal on $flatten\scan.$procdff$1848 ($dff) from module video (D = $flatten\scan.$procmux$1557_Y, Q = \scan.A).
Adding SRST signal on $auto$ff.cc:337:slice$2232 ($dffe) from module video (D = \scan.scan_row [0], Q = \scan.A, rval = 1'0).

6.13.7. Executing OPT_CLEAN pass (remove unused cells and wires).
Finding unused cells or wires in module \video..
Removed 139 unused cells and 138 unused wires.
<suppressed ~140 debug messages>

6.13.8. Executing OPT_EXPR pass (perform const folding).
Optimizing module video.
<suppressed ~21 debug messages>

6.13.9. Rerunning OPT passes. (Maybe there is more to do..)

6.13.10. Executing OPT_MUXTREE pass (detect dead branches in mux trees).
Running muxtree optimizer on module \video..
  Creating internal representation of mux trees.
  Evaluating internal representation of mux trees.
  Analyzing evaluation results.
Removed 0 multiplexer ports.
<suppressed ~391 debug messages>

6.13.11. Executing OPT_REDUCE pass (consolidate $*mux and $reduce_* inputs).
  Optimizing cells in module \video.
    New ctrl vector for $pmux cell $flatten\uart_rx.$procmux$1452: $flatten\uart_rx.$procmux$1445_CMP
  Optimizing cells in module \video.
Performed a total of 1 changes.

6.13.12. Executing OPT_MERGE pass (detect identical cells).
Finding identical cells in module `\video'.
Computing hashes of 608 cells of `\video'.
Finding duplicate cells in `\video'.
Computing hashes of 564 cells of `\video'.
Finding duplicate cells in `\video'.
Computing hashes of 557 cells of `\video'.
Finding duplicate cells in `\video'.
<suppressed ~153 debug messages>
Removed a total of 51 cells.

6.13.13. Executing OPT_DFF pass (perform DFF optimizations).

6.13.14. Executing OPT_CLEAN pass (remove unused cells and wires).
Finding unused cells or wires in module \video..
Removed 0 unused cells and 51 unused wires.
<suppressed ~1 debug messages>

6.13.15. Executing OPT_EXPR pass (perform const folding).
Optimizing module video.

6.13.16. Rerunning OPT passes. (Maybe there is more to do..)

6.13.17. Executing OPT_MUXTREE pass (detect dead branches in mux trees).
Running muxtree optimizer on module \video..
  Creating internal representation of mux trees.
  Evaluating internal representation of mux trees.
  Analyzing evaluation results.
Removed 0 multiplexer ports.
<suppressed ~391 debug messages>

6.13.18. Executing OPT_REDUCE pass (consolidate $*mux and $reduce_* inputs).
  Optimizing cells in module \video.
Performed a total of 0 changes.

6.13.19. Executing OPT_MERGE pass (detect identical cells).
Finding identical cells in module `\video'.
Computing hashes of 557 cells of `\video'.
Finding duplicate cells in `\video'.
Removed a total of 0 cells.

6.13.20. Executing OPT_DFF pass (perform DFF optimizations).

6.13.21. Executing OPT_CLEAN pass (remove unused cells and wires).
Finding unused cells or wires in module \video..

6.13.22. Executing OPT_EXPR pass (perform const folding).
Optimizing module video.

6.13.23. Finished fast OPT passes. (There is nothing left to do.)

6.14. Executing WREDUCE pass (reducing word size of cells).
Removed top 22 address bits (of 32) from memory init port video.$flatten\memory.$meminit$\seed$frame_memory.v:13$215 (memory.seed).
Removed top 27 address bits (of 32) from memory init port video.$flatten\scan.$auto$mem.cc:351:emit$838 ($flatten\scan.$auto$proc_rom.cc:155:do_switch$836).
Removed top 1 bits (of 2) from port B of cell video.$auto$simple.cc:194:make_patterns_logic$2084 ($ne).
Removed top 1 bits (of 2) from port B of cell video.$auto$simple.cc:194:make_patterns_logic$2070 ($ne).
Removed top 1 bits (of 2) from port B of cell video.$auto$simple.cc:194:make_patterns_logic$1925 ($ne).
Removed top 1 bits (of 2) from port B of cell video.$auto$simple.cc:194:make_patterns_logic$1912 ($ne).
Removed top 1 bits (of 2) from port B of cell video.$flatten\uart_rx.$procmux$1455_CMP0 ($eq).
Converting cell video.$flatten\uart_rx.$neg$uart.v:19$140 ($neg) from signed to unsigned.
Removed top 1 bits (of 4) from port A of cell video.$flatten\uart_rx.$neg$uart.v:19$140 ($neg).
Removed top 27 bits (of 32) from port B of cell video.$flatten\uart_rx.$add$uart.v:16$135 ($add).
Removed top 27 bits (of 32) from port Y of cell video.$flatten\uart_rx.$add$uart.v:16$135 ($add).
Removed top 30 bits (of 32) from port B of cell video.$flatten\uart_rx.$sub$uart.v:14$134 ($sub).
Removed top 27 bits (of 32) from port Y of cell video.$flatten\uart_rx.$sub$uart.v:14$134 ($sub).
Removed top 30 bits (of 32) from port B of cell video.$flatten\uart_rx.$gt$uart.v:14$133 ($gt).
Removed top 27 bits (of 32) from port B of cell video.$flatten\uart_tx.$add$uart.v:42$167 ($add).
Removed top 27 bits (of 32) from port Y of cell video.$flatten\uart_tx.$add$uart.v:42$167 ($add).
Removed top 30 bits (of 32) from port B of cell video.$flatten\uart_tx.$sub$uart.v:40$166 ($sub).
Removed top 27 bits (of 32) from port Y of cell video.$flatten\uart_tx.$sub$uart.v:40$166 ($sub).
Removed top 30 bits (of 32) from port B of cell video.$flatten\uart_tx.$gt$uart.v:40$165 ($gt).
Removed top 2 bits (of 4) from mux cell video.$flatten\protocol.$procmux$1057 ($mux).
Removed top 2 bits (of 4) from mux cell video.$flatten\protocol.$procmux$1021 ($mux).
Removed top 2 bits (of 4) from port B of cell video.$flatten\protocol.$procmux$1001_CMP0 ($eq).
Removed top 3 bits (of 4) from port B of cell video.$flatten\protocol.$procmux$977_CMP0 ($eq).
Removed top 2 bits (of 4) from port B of cell video.$flatten\protocol.$procmux$914_CMP0 ($eq).
Removed top 1 bits (of 4) from port B of cell video.$flatten\protocol.$procmux$910_CMP0 ($eq).
Removed top 1 bits (of 4) from port B of cell video.$flatten\protocol.$procmux$845_CMP0 ($eq).
Removed top 1 bits (of 4) from port B of cell video.$flatten\protocol.$procmux$841_CMP0 ($eq).
Removed top 31 bits (of 32) from mux cell video.$flatten\protocol.$ternary$frame_protocol.v:83$312 ($mux).
Removed top 7 bits (of 8) from port B of cell video.$flatten\protocol.$eq$frame_protocol.v:83$311 ($eq).
Removed top 6 bits (of 8) from port B of cell video.$flatten\protocol.$eq$frame_protocol.v:77$306 ($eq).
Removed top 7 bits (of 8) from port B of cell video.$flatten\protocol.$eq$frame_protocol.v:77$305 ($eq).
Removed top 1 bits (of 8) from port B of cell video.$flatten\protocol.$ne$frame_protocol.v:76$304 ($ne).
Removed top 1 bits (of 8) from port B of cell video.$flatten\protocol.$eq$frame_protocol.v:75$303 ($eq).
Removed top 1 bits (of 8) from port B of cell video.$flatten\protocol.$eq$frame_protocol.v:74$302 ($eq).
Removed top 30 bits (of 32) from mux cell video.$flatten\protocol.$ternary$frame_protocol.v:46$270 ($mux).
Removed top 6 bits (of 8) from port B of cell video.$flatten\protocol.$eq$frame_protocol.v:46$269 ($eq).
Removed top 1 bits (of 4) from port B of cell video.$flatten\protocol.$eq$frame_protocol.v:42$263 ($eq).
Removed top 29 bits (of 32) from port B of cell video.$flatten\protocol.$le$frame_protocol.v:34$258 ($le).
Removed top 30 bits (of 32) from port B of cell video.$flatten\protocol.$ge$frame_protocol.v:34$257 ($ge).
Removed top 1 bits (of 4) from port B of cell video.$flatten\protocol.$eq$frame_protocol.v:28$245 ($eq).
Removed top 1 bits (of 4) from port B of cell video.$flatten\protocol.$eq$frame_protocol.v:27$244 ($eq).
Removed top 1 bits (of 4) from port B of cell video.$flatten\protocol.$eq$frame_protocol.v:27$243 ($eq).
Removed top 1 bits (of 4) from port B of cell video.$flatten\protocol.$eq$frame_protocol.v:26$242 ($eq).
Removed top 2 bits (of 4) from port B of cell video.$flatten\protocol.$eq$frame_protocol.v:26$241 ($eq).
Removed top 2 bits (of 4) from port B of cell video.$flatten\protocol.$eq$frame_protocol.v:25$240 ($eq).
Removed top 3 bits (of 4) from port B of cell video.$flatten\protocol.$eq$frame_protocol.v:25$239 ($eq).
Removed top 3 bits (of 16) from mux cell video.$flatten\protocol.$ternary$frame_protocol.v:15$236 ($mux).
Removed top 3 bits (of 5) from port B of cell video.$flatten\memory.$procmux$1333_CMP0 ($eq).
Removed top 3 bits (of 5) from port B of cell video.$flatten\memory.$procmux$1332_CMP0 ($eq).
Removed top 2 bits (of 5) from port B of cell video.$flatten\memory.$procmux$1331_CMP0 ($eq).
Removed top 2 bits (of 5) from port B of cell video.$flatten\memory.$procmux$1329_CMP0 ($eq).
Removed top 2 bits (of 5) from port B of cell video.$flatten\memory.$procmux$1328_CMP0 ($eq).
Removed top 1 bits (of 5) from port B of cell video.$flatten\memory.$procmux$1317_CMP0 ($eq).
Removed top 2 bits (of 5) from port B of cell video.$flatten\memory.$procmux$1283_CMP0 ($eq).
Removed top 4 bits (of 5) from port B of cell video.$flatten\memory.$procmux$1273_CMP0 ($eq).
Removed top 1 bits (of 5) from port B of cell video.$flatten\memory.$procmux$1162_CMP0 ($eq).
Removed top 2 bits (of 3) from port B of cell video.$flatten\memory.$add$frame_memory.v:72$214 ($add).
Removed top 26 bits (of 33) from port A of cell video.$flatten\memory.$neg$frame_memory.v:67$205 ($neg).
Converting cell video.$flatten\memory.$neg$frame_memory.v:67$205 ($neg) from signed to unsigned.
Removed top 1 bits (of 7) from port A of cell video.$flatten\memory.$neg$frame_memory.v:67$205 ($neg).
Removed top 24 bits (of 32) from mux cell video.$flatten\memory.$ternary$frame_memory.v:41$199 ($mux).
Removed top 24 bits (of 32) from mux cell video.$flatten\memory.$ternary$frame_memory.v:41$197 ($mux).
Removed top 3 bits (of 4) from mux cell video.$flatten\scan.$procmux$1697 ($mux).
Removed top 3 bits (of 4) from port B of cell video.$flatten\scan.$procmux$1549_CMP0 ($eq).
Removed top 2 bits (of 4) from port B of cell video.$flatten\scan.$procmux$1548_CMP0 ($eq).
Removed top 1 bits (of 4) from port B of cell video.$flatten\scan.$procmux$1547_CMP4 ($eq).
Removed top 1 bits (of 4) from port B of cell video.$flatten\scan.$procmux$1547_CMP3 ($eq).
Removed top 1 bits (of 4) from port B of cell video.$flatten\scan.$procmux$1547_CMP2 ($eq).
Removed top 1 bits (of 4) from port B of cell video.$flatten\scan.$procmux$1547_CMP1 ($eq).
Removed top 2 bits (of 4) from port B of cell video.$flatten\scan.$procmux$1547_CMP0 ($eq).
Removed top 29 bits (of 32) from port A of cell video.$flatten\scan.$sub$panel_scan.v:53$779 ($sub).
Removed top 28 bits (of 32) from port Y of cell video.$flatten\scan.$sub$panel_scan.v:53$779 ($sub).
Removed top 1 bits (of 4) from port B of cell video.$flatten\scan.$eq$panel_scan.v:52$775 ($eq).
Removed top 25 bits (of 32) from port B of cell video.$flatten\scan.$lt$panel_scan.v:179$770 ($lt).
Removed top 25 bits (of 32) from port B of cell video.$flatten\scan.$ge$panel_scan.v:179$769 ($ge).
Removed top 25 bits (of 32) from port B of cell video.$flatten\scan.$ge$panel_scan.v:175$768 ($ge).
Removed top 28 bits (of 32) from port A of cell video.$flatten\scan.$sub$panel_scan.v:174$766 ($sub).
Removed top 27 bits (of 32) from port Y of cell video.$flatten\scan.$sub$panel_scan.v:174$766 ($sub).
Removed top 28 bits (of 32) from port B of cell video.$flatten\scan.$lt$panel_scan.v:172$765 ($lt).
Removed top 28 bits (of 32) from port B of cell video.$flatten\scan.$lt$panel_scan.v:171$764 ($lt).
Removed top 30 bits (of 32) from port B of cell video.$flatten\scan.$lt$panel_scan.v:170$763 ($lt).
Removed top 3 bits (of 6) from port B of cell video.$flatten\scan.$eq$panel_scan.v:154$758 ($eq).
Removed top 1 bits (of 8) from port B of cell video.$flatten\scan.$eq$panel_scan.v:153$757 ($eq).
Removed top 1 bits (of 8) from port B of cell video.$flatten\scan.$eq$panel_scan.v:151$755 ($eq).
Removed top 30 bits (of 32) from port B of cell video.$flatten\scan.$lt$panel_scan.v:126$738 ($lt).
Removed top 31 bits (of 32) from port B of cell video.$flatten\scan.$sub$panel_scan.v:122$735 ($sub).
Removed top 15 bits (of 32) from port Y of cell video.$flatten\scan.$sub$panel_scan.v:122$735 ($sub).
Removed top 5 bits (of 8) from port B of cell video.$flatten\scan.$eq$panel_scan.v:116$731 ($eq).
Removed top 3 bits (of 16) from wire video.$flatten\protocol.$ternary$frame_protocol.v:15$236_Y.
Removed top 30 bits (of 32) from wire video.$flatten\protocol.$ternary$frame_protocol.v:46$270_Y.
Removed top 31 bits (of 32) from wire video.$flatten\protocol.$ternary$frame_protocol.v:83$312_Y.
Removed top 3 bits (of 4) from wire video.$flatten\scan.$procmux$1697_Y.
Removed top 2 bits (of 4) from wire video.$flatten\protocol.$procmux$1021_Y.
Removed top 2 bits (of 4) from wire video.$flatten\protocol.$procmux$1057_Y.
Removed top 27 bits (of 32) from wire video.$flatten\uart_tx.$sub$uart.v:40$166_Y.
Removed top 27 bits (of 32) from wire video.$flatten\uart_tx.$add$uart.v:42$167_Y.
Removed top 24 bits (of 32) from wire video.$flatten\memory.$ternary$frame_memory.v:41$197_Y.
Removed top 27 bits (of 32) from wire video.$flatten\uart_rx.$sub$uart.v:14$134_Y.
Removed top 27 bits (of 32) from wire video.$flatten\uart_rx.$add$uart.v:16$135_Y.
Removed top 24 bits (of 32) from wire video.$flatten\memory.$ternary$frame_memory.v:41$199_Y.

6.15. Executing PEEPOPT pass (run peephole optimizers).

6.16. Executing OPT_CLEAN pass (remove unused cells and wires).
Finding unused cells or wires in module \video..
Removed 0 unused cells and 12 unused wires.
<suppressed ~1 debug messages>

6.17. Executing SHARE pass (SAT-based resource sharing).

6.18. Executing TECHMAP pass (map to technology primitives).

6.18.1. Executing Verilog-2005 frontend: C:\oss-cad-suite\bin\../share/yosys/cmp2lut.v
Parsing Verilog input from `C:\oss-cad-suite\bin\../share/yosys/cmp2lut.v' to AST representation.
Generating RTLIL representation for module `\_90_lut_cmp_'.
Successfully finished Verilog frontend.

6.18.2. Continuing TECHMAP pass.
Using template $paramod$d9fe3c78d226ba57962535b417b388bce7b4dca1\_90_lut_cmp_ for cells of type $le.
Using template $paramod$bb3596e97c6b902bcd3ddf37d0931e845fce78b1\_90_lut_cmp_ for cells of type $ge.
Using template $paramod$95cc903f66ace9a14a4cfd768767dedcebc73225\_90_lut_cmp_ for cells of type $lt.
No more expansions possible.
<suppressed ~265 debug messages>

6.19. Executing OPT_EXPR pass (perform const folding).
Optimizing module video.

6.20. Executing OPT_CLEAN pass (remove unused cells and wires).
Finding unused cells or wires in module \video..
Removed 0 unused cells and 9 unused wires.
<suppressed ~1 debug messages>

6.21. Executing ALUMACC pass (create $alu and $macc cells).
Extracting $alu and $macc cells in module video:
  creating $macc model for $flatten\scan.$sub$panel_scan.v:53$779 ($sub).
  creating $macc model for $flatten\scan.$add$panel_scan.v:147$750 ($add).
  creating $macc model for $flatten\scan.$add$panel_scan.v:148$751 ($add).
  creating $macc model for $flatten\memory.$add$frame_memory.v:60$202 ($add).
  creating $macc model for $flatten\memory.$neg$frame_memory.v:67$205 ($neg).
  creating $macc model for $flatten\memory.$add$frame_memory.v:71$213 ($add).
  creating $macc model for $flatten\memory.$add$frame_memory.v:72$214 ($add).
  creating $macc model for $flatten\scan.$add$panel_scan.v:152$756 ($add).
  creating $macc model for $flatten\scan.$add$panel_scan.v:155$759 ($add).
  creating $macc model for $flatten\protocol.$sub$frame_protocol.v:33$256 ($sub).
  creating $macc model for $flatten\protocol.$add$frame_protocol.v:36$260 ($add).
  creating $macc model for $flatten\scan.$add$panel_scan.v:127$740 ($add).
  creating $macc model for $flatten\protocol.$add$frame_protocol.v:65$288 ($add).
  creating $macc model for $flatten\scan.$add$panel_scan.v:159$760 ($add).
  creating $macc model for $flatten\scan.$add$panel_scan.v:146$749 ($add).
  creating $macc model for $flatten\protocol.$add$frame_protocol.v:91$316 ($add).
  creating $macc model for $flatten\scan.$sub$panel_scan.v:174$766 ($sub).
  creating $macc model for $flatten\uart_tx.$sub$uart.v:40$166 ($sub).
  creating $macc model for $flatten\uart_tx.$add$uart.v:42$167 ($add).
  creating $macc model for $flatten\uart_tx.$add$uart.v:44$169 ($add).
  creating $macc model for $flatten\uart_rx.$sub$uart.v:14$134 ($sub).
  creating $macc model for $flatten\uart_rx.$add$uart.v:16$135 ($add).
  creating $macc model for $flatten\uart_rx.$neg$uart.v:19$140 ($neg).
  creating $macc model for $flatten\uart_rx.$add$uart.v:21$149 ($add).
  creating $macc model for $flatten\scan.$sub$panel_scan.v:122$735 ($sub).
  creating $macc model for $flatten\scan.$add$panel_scan.v:30$721 ($add).
  creating $macc model for $add$video.v:7$2 ($add).
  creating $alu model for $macc $add$video.v:7$2.
  creating $alu model for $macc $flatten\scan.$add$panel_scan.v:30$721.
  creating $alu model for $macc $flatten\scan.$sub$panel_scan.v:122$735.
  creating $alu model for $macc $flatten\uart_rx.$add$uart.v:21$149.
  creating $alu model for $macc $flatten\uart_rx.$neg$uart.v:19$140.
  creating $alu model for $macc $flatten\uart_rx.$add$uart.v:16$135.
  creating $alu model for $macc $flatten\uart_rx.$sub$uart.v:14$134.
  creating $alu model for $macc $flatten\uart_tx.$add$uart.v:44$169.
  creating $alu model for $macc $flatten\uart_tx.$add$uart.v:42$167.
  creating $alu model for $macc $flatten\uart_tx.$sub$uart.v:40$166.
  creating $alu model for $macc $flatten\scan.$sub$panel_scan.v:174$766.
  creating $alu model for $macc $flatten\protocol.$add$frame_protocol.v:91$316.
  creating $alu model for $macc $flatten\scan.$add$panel_scan.v:146$749.
  creating $alu model for $macc $flatten\scan.$add$panel_scan.v:159$760.
  creating $alu model for $macc $flatten\protocol.$add$frame_protocol.v:65$288.
  creating $alu model for $macc $flatten\scan.$add$panel_scan.v:127$740.
  creating $alu model for $macc $flatten\protocol.$add$frame_protocol.v:36$260.
  creating $alu model for $macc $flatten\protocol.$sub$frame_protocol.v:33$256.
  creating $alu model for $macc $flatten\scan.$add$panel_scan.v:155$759.
  creating $alu model for $macc $flatten\scan.$add$panel_scan.v:152$756.
  creating $alu model for $macc $flatten\memory.$add$frame_memory.v:72$214.
  creating $alu model for $macc $flatten\memory.$add$frame_memory.v:71$213.
  creating $alu model for $macc $flatten\memory.$neg$frame_memory.v:67$205.
  creating $alu model for $macc $flatten\memory.$add$frame_memory.v:60$202.
  creating $alu model for $macc $flatten\scan.$add$panel_scan.v:148$751.
  creating $alu model for $macc $flatten\scan.$add$panel_scan.v:147$750.
  creating $alu model for $macc $flatten\scan.$sub$panel_scan.v:53$779.
  creating $alu model for $flatten\scan.$lt$panel_scan.v:170$763 ($lt): new $alu
  creating $alu model for $flatten\scan.$lt$panel_scan.v:171$764 ($lt): new $alu
  creating $alu model for $flatten\scan.$lt$panel_scan.v:172$765 ($lt): new $alu
  creating $alu model for $flatten\uart_tx.$gt$uart.v:40$165 ($gt): merged with $flatten\uart_tx.$sub$uart.v:40$166.
  creating $alu model for $flatten\uart_rx.$gt$uart.v:14$133 ($gt): merged with $flatten\uart_rx.$sub$uart.v:14$134.
  creating $alu model for $flatten\scan.$ge$panel_scan.v:175$768 ($ge): new $alu
  creating $alu model for $flatten\scan.$ge$panel_scan.v:179$769 ($ge): new $alu
  creating $alu model for $flatten\scan.$lt$panel_scan.v:179$770 ($lt): new $alu
  creating $alu cell for $flatten\scan.$lt$panel_scan.v:179$770: $auto$alumacc.cc:548:replace_alu$2259
  creating $alu cell for $flatten\scan.$ge$panel_scan.v:179$769: $auto$alumacc.cc:548:replace_alu$2264
  creating $alu cell for $flatten\scan.$ge$panel_scan.v:175$768: $auto$alumacc.cc:548:replace_alu$2277
  creating $alu cell for $flatten\scan.$lt$panel_scan.v:172$765: $auto$alumacc.cc:548:replace_alu$2290
  creating $alu cell for $flatten\scan.$lt$panel_scan.v:171$764: $auto$alumacc.cc:548:replace_alu$2295
  creating $alu cell for $flatten\scan.$lt$panel_scan.v:170$763: $auto$alumacc.cc:548:replace_alu$2300
  creating $alu cell for $flatten\scan.$sub$panel_scan.v:53$779: $auto$alumacc.cc:548:replace_alu$2305
  creating $alu cell for $flatten\scan.$add$panel_scan.v:147$750: $auto$alumacc.cc:548:replace_alu$2308
  creating $alu cell for $flatten\scan.$add$panel_scan.v:148$751: $auto$alumacc.cc:548:replace_alu$2311
  creating $alu cell for $flatten\memory.$add$frame_memory.v:60$202: $auto$alumacc.cc:548:replace_alu$2314
  creating $alu cell for $flatten\memory.$neg$frame_memory.v:67$205: $auto$alumacc.cc:548:replace_alu$2317
  creating $alu cell for $flatten\memory.$add$frame_memory.v:71$213: $auto$alumacc.cc:548:replace_alu$2320
  creating $alu cell for $flatten\memory.$add$frame_memory.v:72$214: $auto$alumacc.cc:548:replace_alu$2323
  creating $alu cell for $flatten\scan.$add$panel_scan.v:152$756: $auto$alumacc.cc:548:replace_alu$2326
  creating $alu cell for $flatten\scan.$add$panel_scan.v:155$759: $auto$alumacc.cc:548:replace_alu$2329
  creating $alu cell for $flatten\protocol.$sub$frame_protocol.v:33$256: $auto$alumacc.cc:548:replace_alu$2332
  creating $alu cell for $flatten\protocol.$add$frame_protocol.v:36$260: $auto$alumacc.cc:548:replace_alu$2335
  creating $alu cell for $flatten\scan.$add$panel_scan.v:127$740: $auto$alumacc.cc:548:replace_alu$2338
  creating $alu cell for $flatten\protocol.$add$frame_protocol.v:65$288: $auto$alumacc.cc:548:replace_alu$2341
  creating $alu cell for $flatten\scan.$add$panel_scan.v:159$760: $auto$alumacc.cc:548:replace_alu$2344
  creating $alu cell for $flatten\scan.$add$panel_scan.v:146$749: $auto$alumacc.cc:548:replace_alu$2347
  creating $alu cell for $flatten\protocol.$add$frame_protocol.v:91$316: $auto$alumacc.cc:548:replace_alu$2350
  creating $alu cell for $flatten\scan.$sub$panel_scan.v:174$766: $auto$alumacc.cc:548:replace_alu$2353
  creating $alu cell for $flatten\uart_tx.$sub$uart.v:40$166, $flatten\uart_tx.$gt$uart.v:40$165: $auto$alumacc.cc:548:replace_alu$2356
  creating $alu cell for $flatten\uart_tx.$add$uart.v:42$167: $auto$alumacc.cc:548:replace_alu$2367
  creating $alu cell for $flatten\uart_tx.$add$uart.v:44$169: $auto$alumacc.cc:548:replace_alu$2370
  creating $alu cell for $flatten\uart_rx.$sub$uart.v:14$134, $flatten\uart_rx.$gt$uart.v:14$133: $auto$alumacc.cc:548:replace_alu$2373
  creating $alu cell for $flatten\uart_rx.$add$uart.v:16$135: $auto$alumacc.cc:548:replace_alu$2384
  creating $alu cell for $flatten\uart_rx.$neg$uart.v:19$140: $auto$alumacc.cc:548:replace_alu$2387
  creating $alu cell for $flatten\uart_rx.$add$uart.v:21$149: $auto$alumacc.cc:548:replace_alu$2390
  creating $alu cell for $flatten\scan.$sub$panel_scan.v:122$735: $auto$alumacc.cc:548:replace_alu$2393
  creating $alu cell for $flatten\scan.$add$panel_scan.v:30$721: $auto$alumacc.cc:548:replace_alu$2396
  creating $alu cell for $add$video.v:7$2: $auto$alumacc.cc:548:replace_alu$2399
  created 33 $alu and 0 $macc cells.

6.22. Executing OPT pass (performing simple optimizations).

6.22.1. Executing OPT_EXPR pass (perform const folding).
Optimizing module video.
<suppressed ~14 debug messages>

6.22.2. Executing OPT_MERGE pass (detect identical cells).
Finding identical cells in module `\video'.
Computing hashes of 576 cells of `\video'.
Finding duplicate cells in `\video'.
Computing hashes of 575 cells of `\video'.
Finding duplicate cells in `\video'.
<suppressed ~5 debug messages>
Removed a total of 1 cells.

6.22.3. Executing OPT_MUXTREE pass (detect dead branches in mux trees).
Running muxtree optimizer on module \video..
  Creating internal representation of mux trees.
  Evaluating internal representation of mux trees.
  Analyzing evaluation results.
Removed 0 multiplexer ports.
<suppressed ~391 debug messages>

6.22.4. Executing OPT_REDUCE pass (consolidate $*mux and $reduce_* inputs).
  Optimizing cells in module \video.
Performed a total of 0 changes.

6.22.5. Executing OPT_MERGE pass (detect identical cells).
Finding identical cells in module `\video'.
Computing hashes of 575 cells of `\video'.
Finding duplicate cells in `\video'.
Removed a total of 0 cells.

6.22.6. Executing OPT_DFF pass (perform DFF optimizations).

6.22.7. Executing OPT_CLEAN pass (remove unused cells and wires).
Finding unused cells or wires in module \video..
Removed 0 unused cells and 12 unused wires.
<suppressed ~1 debug messages>

6.22.8. Executing OPT_EXPR pass (perform const folding).
Optimizing module video.

6.22.9. Rerunning OPT passes. (Maybe there is more to do..)

6.22.10. Executing OPT_MUXTREE pass (detect dead branches in mux trees).
Running muxtree optimizer on module \video..
  Creating internal representation of mux trees.
  Evaluating internal representation of mux trees.
  Analyzing evaluation results.
Removed 0 multiplexer ports.
<suppressed ~391 debug messages>

6.22.11. Executing OPT_REDUCE pass (consolidate $*mux and $reduce_* inputs).
  Optimizing cells in module \video.
Performed a total of 0 changes.

6.22.12. Executing OPT_MERGE pass (detect identical cells).
Finding identical cells in module `\video'.
Computing hashes of 575 cells of `\video'.
Finding duplicate cells in `\video'.
Removed a total of 0 cells.

6.22.13. Executing OPT_DFF pass (perform DFF optimizations).

6.22.14. Executing OPT_CLEAN pass (remove unused cells and wires).
Finding unused cells or wires in module \video..

6.22.15. Executing OPT_EXPR pass (perform const folding).
Optimizing module video.

6.22.16. Finished fast OPT passes. (There is nothing left to do.)

6.23. Executing MEMORY pass.

6.23.1. Executing OPT_MEM pass (optimize memories).
video.$flatten\scan.$auto$proc_rom.cc:155:do_switch$836: removing const-0 lane 15
Performed a total of 1 transformations.

6.23.2. Executing OPT_MEM_PRIORITY pass (removing unnecessary memory write priority relations).
Performed a total of 0 transformations.

6.23.3. Executing OPT_MEM_FEEDBACK pass (finding memory read-to-write feedback paths).

6.23.4. Executing MEMORY_BMUX2ROM pass (converting muxes to ROMs).

6.23.5. Executing MEMORY_DFF pass (merging $dff cells to $memrd).
Checking read port `$flatten\scan.$auto$proc_rom.cc:155:do_switch$836'[0] in module `\video': no output FF found.
Checking read port `\memory.seed'[0] in module `\video': merging output FF to cell.
Checking read port address `$flatten\scan.$auto$proc_rom.cc:155:do_switch$836'[0] in module `\video': address FF has fully-defined init value, not supported.

6.23.6. Executing OPT_CLEAN pass (remove unused cells and wires).
Finding unused cells or wires in module \video..
Removed 1 unused cells and 7 unused wires.
<suppressed ~2 debug messages>

6.23.7. Executing MEMORY_SHARE pass (consolidating $memrd/$memwr cells).

6.23.8. Executing OPT_MEM_WIDEN pass (optimize memories where all ports are wide).
Performed a total of 0 transformations.

6.23.9. Executing OPT_CLEAN pass (remove unused cells and wires).
Finding unused cells or wires in module \video..

6.23.10. Executing MEMORY_COLLECT pass (generating $mem cells).

6.24. Executing OPT_CLEAN pass (remove unused cells and wires).
Finding unused cells or wires in module \video..

6.25. Executing MEMORY_LIBMAP pass (mapping memories to cells).
using FF mapping for memory video.$flatten\scan.$auto$proc_rom.cc:155:do_switch$836
mapping memory video.memory.seed via $__ICE40_RAM4K_
<suppressed ~69 debug messages>

6.26. Executing TECHMAP pass (map to technology primitives).

6.26.1. Executing Verilog-2005 frontend: C:\oss-cad-suite\bin\../share/yosys/ice40/brams_map.v
Parsing Verilog input from `C:\oss-cad-suite\bin\../share/yosys/ice40/brams_map.v' to AST representation.
Generating RTLIL representation for module `$__ICE40_RAM4K_'.
Successfully finished Verilog frontend.

6.26.2. Executing Verilog-2005 frontend: C:\oss-cad-suite\bin\../share/yosys/ice40/spram_map.v
Parsing Verilog input from `C:\oss-cad-suite\bin\../share/yosys/ice40/spram_map.v' to AST representation.
Generating RTLIL representation for module `$__ICE40_SPRAM_'.
Successfully finished Verilog frontend.

6.26.3. Continuing TECHMAP pass.
Using template $paramod$1be1a460a9d98e36f7471307a2a59f16c8c5053d$__ICE40_RAM4K_ for cells of type $__ICE40_RAM4K_.
Using template $paramod$def9d39a95bfad5be29ba196d97736affe2f19e7$__ICE40_RAM4K_ for cells of type $__ICE40_RAM4K_.
No more expansions possible.
<suppressed ~44 debug messages>

6.27. Executing ICE40_BRAMINIT pass.

6.28. Executing OPT pass (performing simple optimizations).

6.28.1. Executing OPT_EXPR pass (perform const folding).
Optimizing module video.
<suppressed ~104 debug messages>

6.28.2. Executing OPT_MERGE pass (detect identical cells).
Finding identical cells in module `\video'.
Computing hashes of 537 cells of `\video'.
Finding duplicate cells in `\video'.
Computing hashes of 530 cells of `\video'.
Finding duplicate cells in `\video'.
<suppressed ~21 debug messages>
Removed a total of 7 cells.

6.28.3. Executing OPT_DFF pass (perform DFF optimizations).
Adding SRST signal on $auto$ff.cc:337:slice$1881 ($dffe) from module video (D = $flatten\protocol.$xor$frame_protocol.v:63$286_Y, Q = \protocol.reply_xor, rval = 8'00000000).
Adding SRST signal on $auto$ff.cc:337:slice$1891 ($dffe) from module video (D = $flatten\uart_rx.$procmux$1477_Y, Q = \uart_rx.bit_index, rval = 3'000).
Adding EN signal on $auto$ff.cc:337:slice$1904 ($dffe) from module video (D = $flatten\uart_rx.$0\timer[4:0] [0], Q = \uart_rx.timer [0]).
Adding SRST signal on $auto$ff.cc:337:slice$1952 ($dffe) from module video (D = $flatten\uart_tx.$procmux$1414_Y, Q = \uart_tx.bit_index, rval = 4'0000).
Adding SRST signal on $auto$ff.cc:337:slice$1961 ($dffe) from module video (D = $flatten\uart_tx.$procmux$1422_Y, Q = \uart_tx.timer, rval = 5'11001).
Adding SRST signal on $auto$ff.cc:337:slice$2053 ($dffe) from module video (D = $flatten\protocol.$procmux$1138_Y, Q = \protocol.offset, rval = 13'0000000000000).
Adding SRST signal on $auto$ff.cc:337:slice$2060 ($dffe) from module video (D = $flatten\memory.$procmux$1165_Y, Q = \memory.plane, rval = 3'000).
Adding SRST signal on $auto$ff.cc:337:slice$2156 ($dffe) from module video (D = $flatten\scan.$add$panel_scan.v:152$756_Y, Q = \scan.phase, rval = 8'00000000).
Adding SRST signal on $auto$ff.cc:337:slice$2169 ($dffe) from module video (D = $flatten\scan.$procmux$1657_Y, Q = \scan.config_index, rval = 5'10101).
Adding SRST signal on $auto$ff.cc:337:slice$2192 ($dffe) from module video (D = $flatten\scan.$procmux$1726_Y, Q = \scan.visible_uploads, rval = 2'00).

6.28.4. Executing OPT_CLEAN pass (remove unused cells and wires).
Finding unused cells or wires in module \video..
Removed 11 unused cells and 113 unused wires.
<suppressed ~12 debug messages>

6.28.5. Rerunning OPT passes. (Removed registers in this run.)

6.28.6. Executing OPT_EXPR pass (perform const folding).
Optimizing module video.
<suppressed ~2 debug messages>

6.28.7. Executing OPT_MERGE pass (detect identical cells).
Finding identical cells in module `\video'.
Computing hashes of 523 cells of `\video'.
Finding duplicate cells in `\video'.
Computing hashes of 522 cells of `\video'.
Finding duplicate cells in `\video'.
<suppressed ~3 debug messages>
Removed a total of 1 cells.

6.28.8. Executing OPT_DFF pass (perform DFF optimizations).
Adding SRST signal on $auto$ff.cc:337:slice$1945 ($dffe) from module video (D = \uart_tx.shift [1], Q = \uart_tx.shift [0], rval = 1'0).
Adding SRST signal on $auto$ff.cc:337:slice$2137 ($dffe) from module video (D = $flatten\memory.$procmux$1396_Y [17:14], Q = \memory.sram_a [17:14], rval = 4'0000).
Adding SRST signal on $auto$ff.cc:337:slice$2532 ($sdffce) from module video (D = { $flatten\scan.$add$panel_scan.v:146$749_Y [3] $flatten\scan.$add$panel_scan.v:146$749_Y [1] }, Q = { \scan.config_index [3] \scan.config_index [1] }, rval = 2'00).

6.28.9. Executing OPT_CLEAN pass (remove unused cells and wires).
Finding unused cells or wires in module \video..
Removed 0 unused cells and 2 unused wires.
<suppressed ~1 debug messages>

6.28.10. Rerunning OPT passes. (Removed registers in this run.)

6.28.11. Executing OPT_EXPR pass (perform const folding).
Optimizing module video.

6.28.12. Executing OPT_MERGE pass (detect identical cells).
Finding identical cells in module `\video'.
Computing hashes of 528 cells of `\video'.
Finding duplicate cells in `\video'.
Removed a total of 0 cells.

6.28.13. Executing OPT_DFF pass (perform DFF optimizations).

6.28.14. Executing OPT_CLEAN pass (remove unused cells and wires).
Finding unused cells or wires in module \video..

6.28.15. Finished fast OPT passes.

6.29. Executing MEMORY_MAP pass (converting memories to logic and flip-flops).
Mapping memory $flatten\scan.$auto$proc_rom.cc:155:do_switch$836 in module \video:
  created 32 $dff cells and 0 static cells of width 15.
  read interface: 0 $dff and 31 $mux cells.
  write interface: 0 write mux blocks.

6.30. Executing OPT pass (performing simple optimizations).

6.30.1. Executing OPT_EXPR pass (perform const folding).
Optimizing module video.
<suppressed ~8 debug messages>

6.30.2. Executing OPT_MERGE pass (detect identical cells).
Finding identical cells in module `\video'.
Computing hashes of 550 cells of `\video'.
Finding duplicate cells in `\video'.
Removed a total of 0 cells.

6.30.3. Executing OPT_MUXTREE pass (detect dead branches in mux trees).
Running muxtree optimizer on module \video..
  Creating internal representation of mux trees.
  Evaluating internal representation of mux trees.
  Analyzing evaluation results.
Removed 0 multiplexer ports.
<suppressed ~343 debug messages>

6.30.4. Executing OPT_REDUCE pass (consolidate $*mux and $reduce_* inputs).
  Optimizing cells in module \video.
    New input vector for $reduce_and cell $auto$simple.cc:211:make_patterns_logic$2521: { $auto$simple.cc:193:make_patterns_logic$1905 $auto$simple.cc:193:make_patterns_logic$1907 $auto$simple.cc:193:make_patterns_logic$1909 $auto$simple.cc:193:make_patterns_logic$1911 $auto$rtlil.cc:3234:Not$1932 }
    Consolidated identical input bits for $mux cell $memory$flatten\scan.$auto$proc_rom.cc:155:do_switch$836$rdmux[0][4][6]$2609:
      Old ports: A=15'001000100100111, B=15'001100000000000, Y=$memory$flatten\scan.$auto$proc_rom.cc:155:do_switch$836$rdmux[0][3][3]$a$2577
      New ports: A=2'01, B=2'10, Y={ $memory$flatten\scan.$auto$proc_rom.cc:155:do_switch$836$rdmux[0][3][3]$a$2577 [11] $memory$flatten\scan.$auto$proc_rom.cc:155:do_switch$836$rdmux[0][3][3]$a$2577 [0] }
      New connections: { $memory$flatten\scan.$auto$proc_rom.cc:155:do_switch$836$rdmux[0][3][3]$a$2577 [14:12] $memory$flatten\scan.$auto$proc_rom.cc:155:do_switch$836$rdmux[0][3][3]$a$2577 [10:1] } = { 5'00100 $memory$flatten\scan.$auto$proc_rom.cc:155:do_switch$836$rdmux[0][3][3]$a$2577 [0] 2'00 $memory$flatten\scan.$auto$proc_rom.cc:155:do_switch$836$rdmux[0][3][3]$a$2577 [0] 2'00 $memory$flatten\scan.$auto$proc_rom.cc:155:do_switch$836$rdmux[0][3][3]$a$2577 [0] $memory$flatten\scan.$auto$proc_rom.cc:155:do_switch$836$rdmux[0][3][3]$a$2577 [0] }
    Consolidated identical input bits for $mux cell $memory$flatten\scan.$auto$proc_rom.cc:155:do_switch$836$rdmux[0][4][5]$2606:
      Old ports: A=15'000111100000001, B=15'001000001000000, Y=$memory$flatten\scan.$auto$proc_rom.cc:155:do_switch$836$rdmux[0][3][2]$b$2575
      New ports: A=2'01, B=2'10, Y={ $memory$flatten\scan.$auto$proc_rom.cc:155:do_switch$836$rdmux[0][3][2]$b$2575 [6] $memory$flatten\scan.$auto$proc_rom.cc:155:do_switch$836$rdmux[0][3][2]$b$2575 [0] }
      New connections: { $memory$flatten\scan.$auto$proc_rom.cc:155:do_switch$836$rdmux[0][3][2]$b$2575 [14:7] $memory$flatten\scan.$auto$proc_rom.cc:155:do_switch$836$rdmux[0][3][2]$b$2575 [5:1] } = { 2'00 $memory$flatten\scan.$auto$proc_rom.cc:155:do_switch$836$rdmux[0][3][2]$b$2575 [6] $memory$flatten\scan.$auto$proc_rom.cc:155:do_switch$836$rdmux[0][3][2]$b$2575 [0] $memory$flatten\scan.$auto$proc_rom.cc:155:do_switch$836$rdmux[0][3][2]$b$2575 [0] $memory$flatten\scan.$auto$proc_rom.cc:155:do_switch$836$rdmux[0][3][2]$b$2575 [0] $memory$flatten\scan.$auto$proc_rom.cc:155:do_switch$836$rdmux[0][3][2]$b$2575 [0] 6'000000 }
    Consolidated identical input bits for $mux cell $memory$flatten\scan.$auto$proc_rom.cc:155:do_switch$836$rdmux[0][4][4]$2603:
      Old ports: A=15'000110100000001, B=15'000111010000110, Y=$memory$flatten\scan.$auto$proc_rom.cc:155:do_switch$836$rdmux[0][3][2]$a$2574
      New ports: A=2'01, B=2'10, Y=$memory$flatten\scan.$auto$proc_rom.cc:155:do_switch$836$rdmux[0][3][2]$a$2574 [1:0]
      New connections: $memory$flatten\scan.$auto$proc_rom.cc:155:do_switch$836$rdmux[0][3][2]$a$2574 [14:2] = { 5'00011 $memory$flatten\scan.$auto$proc_rom.cc:155:do_switch$836$rdmux[0][3][2]$a$2574 [1:0] $memory$flatten\scan.$auto$proc_rom.cc:155:do_switch$836$rdmux[0][3][2]$a$2574 [1] 4'0000 $memory$flatten\scan.$auto$proc_rom.cc:155:do_switch$836$rdmux[0][3][2]$a$2574 [1] }
    Consolidated identical input bits for $mux cell $memory$flatten\scan.$auto$proc_rom.cc:155:do_switch$836$rdmux[0][4][3]$2600:
      Old ports: A=15'000011100100000, B=15'000110000011000, Y=$memory$flatten\scan.$auto$proc_rom.cc:155:do_switch$836$rdmux[0][3][1]$b$2572
      New ports: A=2'10, B=2'01, Y={ $memory$flatten\scan.$auto$proc_rom.cc:155:do_switch$836$rdmux[0][3][1]$b$2572 [5] $memory$flatten\scan.$auto$proc_rom.cc:155:do_switch$836$rdmux[0][3][1]$b$2572 [3] }
      New connections: { $memory$flatten\scan.$auto$proc_rom.cc:155:do_switch$836$rdmux[0][3][1]$b$2572 [14:6] $memory$flatten\scan.$auto$proc_rom.cc:155:do_switch$836$rdmux[0][3][1]$b$2572 [4] $memory$flatten\scan.$auto$proc_rom.cc:155:do_switch$836$rdmux[0][3][1]$b$2572 [2:0] } = { 3'000 $memory$flatten\scan.$auto$proc_rom.cc:155:do_switch$836$rdmux[0][3][1]$b$2572 [3] 1'1 $memory$flatten\scan.$auto$proc_rom.cc:155:do_switch$836$rdmux[0][3][1]$b$2572 [5] $memory$flatten\scan.$auto$proc_rom.cc:155:do_switch$836$rdmux[0][3][1]$b$2572 [5] 2'00 $memory$flatten\scan.$auto$proc_rom.cc:155:do_switch$836$rdmux[0][3][1]$b$2572 [3] 3'000 }
    Consolidated identical input bits for $mux cell $memory$flatten\scan.$auto$proc_rom.cc:155:do_switch$836$rdmux[0][4][2]$2597:
      Old ports: A=15'000010100000000, B=15'000011000000001, Y=$memory$flatten\scan.$auto$proc_rom.cc:155:do_switch$836$rdmux[0][3][1]$a$2571
      New ports: A=2'10, B=2'01, Y={ $memory$flatten\scan.$auto$proc_rom.cc:155:do_switch$836$rdmux[0][3][1]$a$2571 [8] $memory$flatten\scan.$auto$proc_rom.cc:155:do_switch$836$rdmux[0][3][1]$a$2571 [0] }
      New connections: { $memory$flatten\scan.$auto$proc_rom.cc:155:do_switch$836$rdmux[0][3][1]$a$2571 [14:9] $memory$flatten\scan.$auto$proc_rom.cc:155:do_switch$836$rdmux[0][3][1]$a$2571 [7:1] } = { 5'00001 $memory$flatten\scan.$auto$proc_rom.cc:155:do_switch$836$rdmux[0][3][1]$a$2571 [0] 7'0000000 }
    Consolidated identical input bits for $mux cell $memory$flatten\scan.$auto$proc_rom.cc:155:do_switch$836$rdmux[0][4][1]$2594:
      Old ports: A=15'000001100110101, B=15'000010000010010, Y=$memory$flatten\scan.$auto$proc_rom.cc:155:do_switch$836$rdmux[0][3][0]$b$2569
      New ports: A=2'01, B=2'10, Y=$memory$flatten\scan.$auto$proc_rom.cc:155:do_switch$836$rdmux[0][3][0]$b$2569 [1:0]
      New connections: $memory$flatten\scan.$auto$proc_rom.cc:155:do_switch$836$rdmux[0][3][0]$b$2569 [14:2] = { 4'0000 $memory$flatten\scan.$auto$proc_rom.cc:155:do_switch$836$rdmux[0][3][0]$b$2569 [1:0] $memory$flatten\scan.$auto$proc_rom.cc:155:do_switch$836$rdmux[0][3][0]$b$2569 [0] 2'00 $memory$flatten\scan.$auto$proc_rom.cc:155:do_switch$836$rdmux[0][3][0]$b$2569 [0] 2'10 $memory$flatten\scan.$auto$proc_rom.cc:155:do_switch$836$rdmux[0][3][0]$b$2569 [0] }
    Consolidated identical input bits for $mux cell $memory$flatten\scan.$auto$proc_rom.cc:155:do_switch$836$rdmux[0][4][0]$2591:
      Old ports: A=15'000000000000000, B=15'000001000000111, Y=$memory$flatten\scan.$auto$proc_rom.cc:155:do_switch$836$rdmux[0][3][0]$a$2568
      New ports: A=1'0, B=1'1, Y=$memory$flatten\scan.$auto$proc_rom.cc:155:do_switch$836$rdmux[0][3][0]$a$2568 [0]
      New connections: $memory$flatten\scan.$auto$proc_rom.cc:155:do_switch$836$rdmux[0][3][0]$a$2568 [14:1] = { 5'00000 $memory$flatten\scan.$auto$proc_rom.cc:155:do_switch$836$rdmux[0][3][0]$a$2568 [0] 6'000000 $memory$flatten\scan.$auto$proc_rom.cc:155:do_switch$836$rdmux[0][3][0]$a$2568 [0] $memory$flatten\scan.$auto$proc_rom.cc:155:do_switch$836$rdmux[0][3][0]$a$2568 [0] }
    Consolidated identical input bits for $mux cell $memory$flatten\scan.$auto$proc_rom.cc:155:do_switch$836$rdmux[0][4][9]$2618:
      Old ports: A=15'010000000000000, B=15'010000100000000, Y=$memory$flatten\scan.$auto$proc_rom.cc:155:do_switch$836$rdmux[0][3][4]$b$2581
      New ports: A=1'0, B=1'1, Y=$memory$flatten\scan.$auto$proc_rom.cc:155:do_switch$836$rdmux[0][3][4]$b$2581 [8]
      New connections: { $memory$flatten\scan.$auto$proc_rom.cc:155:do_switch$836$rdmux[0][3][4]$b$2581 [14:9] $memory$flatten\scan.$auto$proc_rom.cc:155:do_switch$836$rdmux[0][3][4]$b$2581 [7:0] } = 14'01000000000000
    Consolidated identical input bits for $mux cell $memory$flatten\scan.$auto$proc_rom.cc:155:do_switch$836$rdmux[0][4][8]$2615:
      Old ports: A=15'001110111001010, B=15'001111001110011, Y=$memory$flatten\scan.$auto$proc_rom.cc:155:do_switch$836$rdmux[0][3][4]$a$2580
      New ports: A=2'10, B=2'01, Y={ $memory$flatten\scan.$auto$proc_rom.cc:155:do_switch$836$rdmux[0][3][4]$a$2580 [3] $memory$flatten\scan.$auto$proc_rom.cc:155:do_switch$836$rdmux[0][3][4]$a$2580 [0] }
      New connections: { $memory$flatten\scan.$auto$proc_rom.cc:155:do_switch$836$rdmux[0][3][4]$a$2580 [14:4] $memory$flatten\scan.$auto$proc_rom.cc:155:do_switch$836$rdmux[0][3][4]$a$2580 [2:1] } = { 5'00111 $memory$flatten\scan.$auto$proc_rom.cc:155:do_switch$836$rdmux[0][3][4]$a$2580 [0] $memory$flatten\scan.$auto$proc_rom.cc:155:do_switch$836$rdmux[0][3][4]$a$2580 [3] $memory$flatten\scan.$auto$proc_rom.cc:155:do_switch$836$rdmux[0][3][4]$a$2580 [3] 1'1 $memory$flatten\scan.$auto$proc_rom.cc:155:do_switch$836$rdmux[0][3][4]$a$2580 [0] $memory$flatten\scan.$auto$proc_rom.cc:155:do_switch$836$rdmux[0][3][4]$a$2580 [0] 2'01 }
    Consolidated identical input bits for $mux cell $memory$flatten\scan.$auto$proc_rom.cc:155:do_switch$836$rdmux[0][4][7]$2612:
      Old ports: A=15'001100100000110, B=15'001110001100000, Y=$memory$flatten\scan.$auto$proc_rom.cc:155:do_switch$836$rdmux[0][3][3]$b$2578
      New ports: A=2'01, B=2'10, Y={ $memory$flatten\scan.$auto$proc_rom.cc:155:do_switch$836$rdmux[0][3][3]$b$2578 [5] $memory$flatten\scan.$auto$proc_rom.cc:155:do_switch$836$rdmux[0][3][3]$b$2578 [1] }
      New connections: { $memory$flatten\scan.$auto$proc_rom.cc:155:do_switch$836$rdmux[0][3][3]$b$2578 [14:6] $memory$flatten\scan.$auto$proc_rom.cc:155:do_switch$836$rdmux[0][3][3]$b$2578 [4:2] $memory$flatten\scan.$auto$proc_rom.cc:155:do_switch$836$rdmux[0][3][3]$b$2578 [0] } = { 4'0011 $memory$flatten\scan.$auto$proc_rom.cc:155:do_switch$836$rdmux[0][3][3]$b$2578 [5] 1'0 $memory$flatten\scan.$auto$proc_rom.cc:155:do_switch$836$rdmux[0][3][3]$b$2578 [1] 1'0 $memory$flatten\scan.$auto$proc_rom.cc:155:do_switch$836$rdmux[0][3][3]$b$2578 [5] 2'00 $memory$flatten\scan.$auto$proc_rom.cc:155:do_switch$836$rdmux[0][3][3]$b$2578 [1] 1'0 }
    Consolidated identical input bits for $mux cell $flatten\memory.$ternary$frame_memory.v:41$197:
      Old ports: A=8'00000000, B=8'11111111, Y=$auto$wreduce.cc:513:run$2242 [7:0]
      New ports: A=1'0, B=1'1, Y=$auto$wreduce.cc:513:run$2242 [0]
      New connections: $auto$wreduce.cc:513:run$2242 [7:1] = { $auto$wreduce.cc:513:run$2242 [0] $auto$wreduce.cc:513:run$2242 [0] $auto$wreduce.cc:513:run$2242 [0] $auto$wreduce.cc:513:run$2242 [0] $auto$wreduce.cc:513:run$2242 [0] $auto$wreduce.cc:513:run$2242 [0] $auto$wreduce.cc:513:run$2242 [0] }
    Consolidated identical input bits for $mux cell $flatten\memory.$procmux$1320:
      Old ports: A=5'10000, B=5'00000, Y=$flatten\memory.$procmux$1320_Y
      New ports: A=1'1, B=1'0, Y=$flatten\memory.$procmux$1320_Y [4]
      New connections: $flatten\memory.$procmux$1320_Y [3:0] = 4'0000
    Consolidated identical input bits for $mux cell $flatten\memory.$procmux$1338:
      Old ports: A=5'10000, B=5'00001, Y=$flatten\memory.$procmux$1338_Y
      New ports: A=2'10, B=2'01, Y={ $flatten\memory.$procmux$1338_Y [4] $flatten\memory.$procmux$1338_Y [0] }
      New connections: $flatten\memory.$procmux$1338_Y [3:1] = 3'000
    Consolidated identical input bits for $mux cell $flatten\memory.$procmux$1396:
      Old ports: A={ 4'0000 \protocol.bank 3'000 \scan.count [13:4] }, B={ 4'0000 $flatten\memory.$not$frame_memory.v:32$188_Y \protocol.write_address }, Y=$flatten\memory.$procmux$1396_Y
      New ports: A={ \protocol.bank 3'000 \scan.count [13:4] }, B={ $flatten\memory.$not$frame_memory.v:32$188_Y \protocol.write_address }, Y=$flatten\memory.$procmux$1396_Y [13:0]
      New connections: $flatten\memory.$procmux$1396_Y [17:14] = 4'0000
    Consolidated identical input bits for $mux cell $flatten\protocol.$ternary$frame_protocol.v:15$236:
      Old ports: A=13'0000000000000, B=13'1000000100001, Y={ $auto$wreduce.cc:513:run$2234 [12:1] \protocol.crc_next [0] }
      New ports: A=1'0, B=1'1, Y=\protocol.crc_next [0]
      New connections: $auto$wreduce.cc:513:run$2234 [12:1] = { \protocol.crc_next [0] 6'000000 \protocol.crc_next [0] 4'0000 }
    Consolidated identical input bits for $mux cell $flatten\protocol.$ternary$frame_protocol.v:46$270:
      Old ports: A=2'00, B=2'11, Y=$auto$wreduce.cc:513:run$2235 [1:0]
      New ports: A=1'0, B=1'1, Y=$auto$wreduce.cc:513:run$2235 [0]
      New connections: $auto$wreduce.cc:513:run$2235 [1] = $auto$wreduce.cc:513:run$2235 [0]
    Consolidated identical input bits for $mux cell $memory$flatten\scan.$auto$proc_rom.cc:155:do_switch$836$rdmux[0][4][10]$2621:
      Old ports: A=15'010001100000000, B=15'111010010100000, Y=$memory$flatten\scan.$auto$proc_rom.cc:155:do_switch$836$rdmux[0][3][5]$a$2583
      New ports: A=2'10, B=2'01, Y={ $memory$flatten\scan.$auto$proc_rom.cc:155:do_switch$836$rdmux[0][3][5]$a$2583 [8] $memory$flatten\scan.$auto$proc_rom.cc:155:do_switch$836$rdmux[0][3][5]$a$2583 [5] }
      New connections: { $memory$flatten\scan.$auto$proc_rom.cc:155:do_switch$836$rdmux[0][3][5]$a$2583 [14:9] $memory$flatten\scan.$auto$proc_rom.cc:155:do_switch$836$rdmux[0][3][5]$a$2583 [7:6] $memory$flatten\scan.$auto$proc_rom.cc:155:do_switch$836$rdmux[0][3][5]$a$2583 [4:0] } = { $memory$flatten\scan.$auto$proc_rom.cc:155:do_switch$836$rdmux[0][3][5]$a$2583 [5] 1'1 $memory$flatten\scan.$auto$proc_rom.cc:155:do_switch$836$rdmux[0][3][5]$a$2583 [5] 1'0 $memory$flatten\scan.$auto$proc_rom.cc:155:do_switch$836$rdmux[0][3][5]$a$2583 [5] $memory$flatten\scan.$auto$proc_rom.cc:155:do_switch$836$rdmux[0][3][5]$a$2583 [8] $memory$flatten\scan.$auto$proc_rom.cc:155:do_switch$836$rdmux[0][3][5]$a$2583 [5] 6'000000 }
    Consolidated identical input bits for $mux cell $flatten\protocol.$procmux$869:
      Old ports: A=8'00000000, B=8'00000011, Y=$flatten\protocol.$procmux$869_Y
      New ports: A=1'0, B=1'1, Y=$flatten\protocol.$procmux$869_Y [0]
      New connections: $flatten\protocol.$procmux$869_Y [7:1] = { 6'000000 $flatten\protocol.$procmux$869_Y [0] }
    Consolidated identical input bits for $pmux cell $flatten\scan.$procmux$1781:
      Old ports: A=16'0000000010000000, B=112'0000000000010000000000000000111100000000000110000000000000001100010000000000000000000010011100011000000000000000, Y=\scan.length
      New ports: A=9'001000000, B=63'000010000000001111000011000000001100010000000000110001100000000, Y={ \scan.length [15:14] \scan.length [7] \scan.length [5:0] }
      New connections: { \scan.length [13:8] \scan.length [6] } = { 4'0000 \scan.length [5] 1'0 \scan.length [5] }
    Consolidated identical input bits for $mux cell $flatten\protocol.$procmux$1021:
      Old ports: A=2'00, B=2'10, Y=$auto$wreduce.cc:513:run$2238 [1:0]
      New ports: A=1'0, B=1'1, Y=$auto$wreduce.cc:513:run$2238 [1]
      New connections: $auto$wreduce.cc:513:run$2238 [0] = 1'0
    Consolidated identical input bits for $mux cell $flatten\protocol.$procmux$1024:
      Old ports: A={ 2'10 $auto$wreduce.cc:513:run$2238 [1:0] }, B=4'1010, Y=$flatten\protocol.$procmux$1024_Y
      New ports: A=$auto$wreduce.cc:513:run$2238 [1:0], B=2'10, Y=$flatten\protocol.$procmux$1024_Y [1:0]
      New connections: $flatten\protocol.$procmux$1024_Y [3:2] = 2'10
    Consolidated identical input bits for $mux cell $flatten\protocol.$procmux$1057:
      Old ports: A=2'00, B=2'11, Y=$auto$wreduce.cc:513:run$2239 [1:0]
      New ports: A=1'0, B=1'1, Y=$auto$wreduce.cc:513:run$2239 [0]
      New connections: $auto$wreduce.cc:513:run$2239 [1] = $auto$wreduce.cc:513:run$2239 [0]
    Consolidated identical input bits for $mux cell $flatten\scan.$procmux$1700:
      Old ports: A={ 3'101 $auto$wreduce.cc:513:run$2237 [0] }, B=4'1010, Y=$flatten\scan.$procmux$1700_Y
      New ports: A=$auto$wreduce.cc:513:run$2237 [0], B=1'0, Y=$flatten\scan.$procmux$1700_Y [0]
      New connections: $flatten\scan.$procmux$1700_Y [3:1] = 3'101
    Consolidated identical input bits for $mux cell $flatten\uart_tx.$procmux$1408:
      Old ports: A={ 1'1 \protocol.tx_data 1'0 }, B={ 1'1 \uart_tx.shift [9:1] }, Y=$flatten\uart_tx.$0\shift[9:0]
      New ports: A={ \protocol.tx_data 1'0 }, B=\uart_tx.shift [9:1], Y=$flatten\uart_tx.$0\shift[9:0] [8:0]
      New connections: $flatten\uart_tx.$0\shift[9:0] [9] = 1'1
    New ctrl vector for $pmux cell $flatten\uart_rx.$procmux$1491: { $flatten\uart_rx.$procmux$1453_CMP $auto$opt_reduce.cc:137:opt_pmux$2640 }
    Consolidated identical input bits for $mux cell $flatten\uart_rx.$procmux$1520:
      Old ports: A=2'10, B=2'00, Y=$flatten\uart_rx.$procmux$1520_Y
      New ports: A=1'1, B=1'0, Y=$flatten\uart_rx.$procmux$1520_Y [1]
      New connections: $flatten\uart_rx.$procmux$1520_Y [0] = 1'0
    Consolidated identical input bits for $pmux cell $flatten\scan.$procmux$1774:
      Old ports: A=16'0000000000000000, B={ 33'000000001010101000000001101010100 \scan.config_word [14:0] 32'00000000010101010000000101010101 }, Y=\scan.word
      New ports: A=15'000000000000000, B={ 30'000000010101010000000110101010 \scan.config_word [14:0] 30'000000001010101000000101010101 }, Y=\scan.word [14:0]
      New connections: \scan.word [15] = 1'0
  Optimizing cells in module \video.
    Consolidated identical input bits for $mux cell $memory$flatten\scan.$auto$proc_rom.cc:155:do_switch$836$rdmux[0][3][5]$2582:
      Old ports: A=$memory$flatten\scan.$auto$proc_rom.cc:155:do_switch$836$rdmux[0][3][5]$a$2583, B=15'111010010100000, Y=$memory$flatten\scan.$auto$proc_rom.cc:155:do_switch$836$rdmux[0][2][2]$b$2563
      New ports: A={ $memory$flatten\scan.$auto$proc_rom.cc:155:do_switch$836$rdmux[0][3][5]$a$2583 [8] $memory$flatten\scan.$auto$proc_rom.cc:155:do_switch$836$rdmux[0][3][5]$a$2583 [5] }, B=2'01, Y={ $memory$flatten\scan.$auto$proc_rom.cc:155:do_switch$836$rdmux[0][2][2]$b$2563 [8] $memory$flatten\scan.$auto$proc_rom.cc:155:do_switch$836$rdmux[0][2][2]$b$2563 [5] }
      New connections: { $memory$flatten\scan.$auto$proc_rom.cc:155:do_switch$836$rdmux[0][2][2]$b$2563 [14:9] $memory$flatten\scan.$auto$proc_rom.cc:155:do_switch$836$rdmux[0][2][2]$b$2563 [7:6] $memory$flatten\scan.$auto$proc_rom.cc:155:do_switch$836$rdmux[0][2][2]$b$2563 [4:0] } = { $memory$flatten\scan.$auto$proc_rom.cc:155:do_switch$836$rdmux[0][2][2]$b$2563 [5] 1'1 $memory$flatten\scan.$auto$proc_rom.cc:155:do_switch$836$rdmux[0][2][2]$b$2563 [5] 1'0 $memory$flatten\scan.$auto$proc_rom.cc:155:do_switch$836$rdmux[0][2][2]$b$2563 [5] $memory$flatten\scan.$auto$proc_rom.cc:155:do_switch$836$rdmux[0][2][2]$b$2563 [8] $memory$flatten\scan.$auto$proc_rom.cc:155:do_switch$836$rdmux[0][2][2]$b$2563 [5] 6'000000 }
    Consolidated identical input bits for $mux cell $memory$flatten\scan.$auto$proc_rom.cc:155:do_switch$836$rdmux[0][3][4]$2579:
      Old ports: A=$memory$flatten\scan.$auto$proc_rom.cc:155:do_switch$836$rdmux[0][3][4]$a$2580, B=$memory$flatten\scan.$auto$proc_rom.cc:155:do_switch$836$rdmux[0][3][4]$b$2581, Y=$memory$flatten\scan.$auto$proc_rom.cc:155:do_switch$836$rdmux[0][2][2]$a$2562
      New ports: A={ 1'0 $memory$flatten\scan.$auto$proc_rom.cc:155:do_switch$836$rdmux[0][3][4]$a$2580 [3] $memory$flatten\scan.$auto$proc_rom.cc:155:do_switch$836$rdmux[0][3][4]$a$2580 [3] 1'1 $memory$flatten\scan.$auto$proc_rom.cc:155:do_switch$836$rdmux[0][3][4]$a$2580 [0] }, B={ 1'1 $memory$flatten\scan.$auto$proc_rom.cc:155:do_switch$836$rdmux[0][3][4]$b$2581 [8] 3'000 }, Y={ $memory$flatten\scan.$auto$proc_rom.cc:155:do_switch$836$rdmux[0][2][2]$a$2562 [13] $memory$flatten\scan.$auto$proc_rom.cc:155:do_switch$836$rdmux[0][2][2]$a$2562 [8] $memory$flatten\scan.$auto$proc_rom.cc:155:do_switch$836$rdmux[0][2][2]$a$2562 [3] $memory$flatten\scan.$auto$proc_rom.cc:155:do_switch$836$rdmux[0][2][2]$a$2562 [1:0] }
      New connections: { $memory$flatten\scan.$auto$proc_rom.cc:155:do_switch$836$rdmux[0][2][2]$a$2562 [14] $memory$flatten\scan.$auto$proc_rom.cc:155:do_switch$836$rdmux[0][2][2]$a$2562 [12:9] $memory$flatten\scan.$auto$proc_rom.cc:155:do_switch$836$rdmux[0][2][2]$a$2562 [7:4] $memory$flatten\scan.$auto$proc_rom.cc:155:do_switch$836$rdmux[0][2][2]$a$2562 [2] } = { 1'0 $memory$flatten\scan.$auto$proc_rom.cc:155:do_switch$836$rdmux[0][2][2]$a$2562 [1] $memory$flatten\scan.$auto$proc_rom.cc:155:do_switch$836$rdmux[0][2][2]$a$2562 [1] $memory$flatten\scan.$auto$proc_rom.cc:155:do_switch$836$rdmux[0][2][2]$a$2562 [1:0] $memory$flatten\scan.$auto$proc_rom.cc:155:do_switch$836$rdmux[0][2][2]$a$2562 [3] $memory$flatten\scan.$auto$proc_rom.cc:155:do_switch$836$rdmux[0][2][2]$a$2562 [1:0] $memory$flatten\scan.$auto$proc_rom.cc:155:do_switch$836$rdmux[0][2][2]$a$2562 [0] 1'0 }
    Consolidated identical input bits for $mux cell $memory$flatten\scan.$auto$proc_rom.cc:155:do_switch$836$rdmux[0][3][3]$2576:
      Old ports: A=$memory$flatten\scan.$auto$proc_rom.cc:155:do_switch$836$rdmux[0][3][3]$a$2577, B=$memory$flatten\scan.$auto$proc_rom.cc:155:do_switch$836$rdmux[0][3][3]$b$2578, Y=$memory$flatten\scan.$auto$proc_rom.cc:155:do_switch$836$rdmux[0][2][1]$b$2560
      New ports: A={ $memory$flatten\scan.$auto$proc_rom.cc:155:do_switch$836$rdmux[0][3][3]$a$2577 [11] 1'0 $memory$flatten\scan.$auto$proc_rom.cc:155:do_switch$836$rdmux[0][3][3]$a$2577 [0] $memory$flatten\scan.$auto$proc_rom.cc:155:do_switch$836$rdmux[0][3][3]$a$2577 [0] $memory$flatten\scan.$auto$proc_rom.cc:155:do_switch$836$rdmux[0][3][3]$a$2577 [0] }, B={ 1'1 $memory$flatten\scan.$auto$proc_rom.cc:155:do_switch$836$rdmux[0][3][3]$b$2578 [5] $memory$flatten\scan.$auto$proc_rom.cc:155:do_switch$836$rdmux[0][3][3]$b$2578 [5] $memory$flatten\scan.$auto$proc_rom.cc:155:do_switch$836$rdmux[0][3][3]$b$2578 [1] 1'0 }, Y={ $memory$flatten\scan.$auto$proc_rom.cc:155:do_switch$836$rdmux[0][2][1]$b$2560 [11] $memory$flatten\scan.$auto$proc_rom.cc:155:do_switch$836$rdmux[0][2][1]$b$2560 [6:5] $memory$flatten\scan.$auto$proc_rom.cc:155:do_switch$836$rdmux[0][2][1]$b$2560 [1:0] }
      New connections: { $memory$flatten\scan.$auto$proc_rom.cc:155:do_switch$836$rdmux[0][2][1]$b$2560 [14:12] $memory$flatten\scan.$auto$proc_rom.cc:155:do_switch$836$rdmux[0][2][1]$b$2560 [10:7] $memory$flatten\scan.$auto$proc_rom.cc:155:do_switch$836$rdmux[0][2][1]$b$2560 [4:2] } = { 3'001 $memory$flatten\scan.$auto$proc_rom.cc:155:do_switch$836$rdmux[0][2][1]$b$2560 [6] 1'0 $memory$flatten\scan.$auto$proc_rom.cc:155:do_switch$836$rdmux[0][2][1]$b$2560 [1] 3'000 $memory$flatten\scan.$auto$proc_rom.cc:155:do_switch$836$rdmux[0][2][1]$b$2560 [1] }
    Consolidated identical input bits for $mux cell $memory$flatten\scan.$auto$proc_rom.cc:155:do_switch$836$rdmux[0][3][2]$2573:
      Old ports: A=$memory$flatten\scan.$auto$proc_rom.cc:155:do_switch$836$rdmux[0][3][2]$a$2574, B=$memory$flatten\scan.$auto$proc_rom.cc:155:do_switch$836$rdmux[0][3][2]$b$2575, Y=$memory$flatten\scan.$auto$proc_rom.cc:155:do_switch$836$rdmux[0][2][1]$a$2559
      New ports: A={ 1'1 $memory$flatten\scan.$auto$proc_rom.cc:155:do_switch$836$rdmux[0][3][2]$a$2574 [1] 1'0 $memory$flatten\scan.$auto$proc_rom.cc:155:do_switch$836$rdmux[0][3][2]$a$2574 [1:0] }, B={ $memory$flatten\scan.$auto$proc_rom.cc:155:do_switch$836$rdmux[0][3][2]$b$2575 [0] $memory$flatten\scan.$auto$proc_rom.cc:155:do_switch$836$rdmux[0][3][2]$b$2575 [0] $memory$flatten\scan.$auto$proc_rom.cc:155:do_switch$836$rdmux[0][3][2]$b$2575 [6] 1'0 $memory$flatten\scan.$auto$proc_rom.cc:155:do_switch$836$rdmux[0][3][2]$b$2575 [0] }, Y={ $memory$flatten\scan.$auto$proc_rom.cc:155:do_switch$836$rdmux[0][2][1]$a$2559 [10:9] $memory$flatten\scan.$auto$proc_rom.cc:155:do_switch$836$rdmux[0][2][1]$a$2559 [6] $memory$flatten\scan.$auto$proc_rom.cc:155:do_switch$836$rdmux[0][2][1]$a$2559 [1:0] }
      New connections: { $memory$flatten\scan.$auto$proc_rom.cc:155:do_switch$836$rdmux[0][2][1]$a$2559 [14:11] $memory$flatten\scan.$auto$proc_rom.cc:155:do_switch$836$rdmux[0][2][1]$a$2559 [8:7] $memory$flatten\scan.$auto$proc_rom.cc:155:do_switch$836$rdmux[0][2][1]$a$2559 [5:2] } = { 2'00 $memory$flatten\scan.$auto$proc_rom.cc:155:do_switch$836$rdmux[0][2][1]$a$2559 [6] $memory$flatten\scan.$auto$proc_rom.cc:155:do_switch$836$rdmux[0][2][1]$a$2559 [10] $memory$flatten\scan.$auto$proc_rom.cc:155:do_switch$836$rdmux[0][2][1]$a$2559 [0] $memory$flatten\scan.$auto$proc_rom.cc:155:do_switch$836$rdmux[0][2][1]$a$2559 [1] 3'000 $memory$flatten\scan.$auto$proc_rom.cc:155:do_switch$836$rdmux[0][2][1]$a$2559 [1] }
    Consolidated identical input bits for $mux cell $memory$flatten\scan.$auto$proc_rom.cc:155:do_switch$836$rdmux[0][3][1]$2570:
      Old ports: A=$memory$flatten\scan.$auto$proc_rom.cc:155:do_switch$836$rdmux[0][3][1]$a$2571, B=$memory$flatten\scan.$auto$proc_rom.cc:155:do_switch$836$rdmux[0][3][1]$b$2572, Y=$memory$flatten\scan.$auto$proc_rom.cc:155:do_switch$836$rdmux[0][2][0]$b$2557
      New ports: A={ $memory$flatten\scan.$auto$proc_rom.cc:155:do_switch$836$rdmux[0][3][1]$a$2571 [0] $memory$flatten\scan.$auto$proc_rom.cc:155:do_switch$836$rdmux[0][3][1]$a$2571 [8] 2'00 $memory$flatten\scan.$auto$proc_rom.cc:155:do_switch$836$rdmux[0][3][1]$a$2571 [0] }, B={ $memory$flatten\scan.$auto$proc_rom.cc:155:do_switch$836$rdmux[0][3][1]$b$2572 [5] $memory$flatten\scan.$auto$proc_rom.cc:155:do_switch$836$rdmux[0][3][1]$b$2572 [5] $memory$flatten\scan.$auto$proc_rom.cc:155:do_switch$836$rdmux[0][3][1]$b$2572 [5] $memory$flatten\scan.$auto$proc_rom.cc:155:do_switch$836$rdmux[0][3][1]$b$2572 [3] 1'0 }, Y={ $memory$flatten\scan.$auto$proc_rom.cc:155:do_switch$836$rdmux[0][2][0]$b$2557 [9:8] $memory$flatten\scan.$auto$proc_rom.cc:155:do_switch$836$rdmux[0][2][0]$b$2557 [5] $memory$flatten\scan.$auto$proc_rom.cc:155:do_switch$836$rdmux[0][2][0]$b$2557 [3] $memory$flatten\scan.$auto$proc_rom.cc:155:do_switch$836$rdmux[0][2][0]$b$2557 [0] }
      New connections: { $memory$flatten\scan.$auto$proc_rom.cc:155:do_switch$836$rdmux[0][2][0]$b$2557 [14:10] $memory$flatten\scan.$auto$proc_rom.cc:155:do_switch$836$rdmux[0][2][0]$b$2557 [7:6] $memory$flatten\scan.$auto$proc_rom.cc:155:do_switch$836$rdmux[0][2][0]$b$2557 [4] $memory$flatten\scan.$auto$proc_rom.cc:155:do_switch$836$rdmux[0][2][0]$b$2557 [2:1] } = { 3'000 $memory$flatten\scan.$auto$proc_rom.cc:155:do_switch$836$rdmux[0][2][0]$b$2557 [3] 3'100 $memory$flatten\scan.$auto$proc_rom.cc:155:do_switch$836$rdmux[0][2][0]$b$2557 [3] 2'00 }
    Consolidated identical input bits for $mux cell $memory$flatten\scan.$auto$proc_rom.cc:155:do_switch$836$rdmux[0][3][0]$2567:
      Old ports: A=$memory$flatten\scan.$auto$proc_rom.cc:155:do_switch$836$rdmux[0][3][0]$a$2568, B=$memory$flatten\scan.$auto$proc_rom.cc:155:do_switch$836$rdmux[0][3][0]$b$2569, Y=$memory$flatten\scan.$auto$proc_rom.cc:155:do_switch$836$rdmux[0][2][0]$a$2556
      New ports: A={ 3'000 $memory$flatten\scan.$auto$proc_rom.cc:155:do_switch$836$rdmux[0][3][0]$a$2568 [0] $memory$flatten\scan.$auto$proc_rom.cc:155:do_switch$836$rdmux[0][3][0]$a$2568 [0] }, B={ $memory$flatten\scan.$auto$proc_rom.cc:155:do_switch$836$rdmux[0][3][0]$b$2569 [1:0] 1'1 $memory$flatten\scan.$auto$proc_rom.cc:155:do_switch$836$rdmux[0][3][0]$b$2569 [1:0] }, Y={ $memory$flatten\scan.$auto$proc_rom.cc:155:do_switch$836$rdmux[0][2][0]$a$2556 [10] $memory$flatten\scan.$auto$proc_rom.cc:155:do_switch$836$rdmux[0][2][0]$a$2556 [5:4] $memory$flatten\scan.$auto$proc_rom.cc:155:do_switch$836$rdmux[0][2][0]$a$2556 [1:0] }
      New connections: { $memory$flatten\scan.$auto$proc_rom.cc:155:do_switch$836$rdmux[0][2][0]$a$2556 [14:11] $memory$flatten\scan.$auto$proc_rom.cc:155:do_switch$836$rdmux[0][2][0]$a$2556 [9:6] $memory$flatten\scan.$auto$proc_rom.cc:155:do_switch$836$rdmux[0][2][0]$a$2556 [3:2] } = { 4'0000 $memory$flatten\scan.$auto$proc_rom.cc:155:do_switch$836$rdmux[0][2][0]$a$2556 [0] $memory$flatten\scan.$auto$proc_rom.cc:155:do_switch$836$rdmux[0][2][0]$a$2556 [5] 3'000 $memory$flatten\scan.$auto$proc_rom.cc:155:do_switch$836$rdmux[0][2][0]$a$2556 [0] }
    Consolidated identical input bits for $mux cell $flatten\memory.$procmux$1341:
      Old ports: A=5'00001, B=$flatten\memory.$procmux$1338_Y, Y=$flatten\memory.$procmux$1341_Y
      New ports: A=2'01, B={ $flatten\memory.$procmux$1338_Y [4] $flatten\memory.$procmux$1338_Y [0] }, Y={ $flatten\memory.$procmux$1341_Y [4] $flatten\memory.$procmux$1341_Y [0] }
      New connections: $flatten\memory.$procmux$1341_Y [3:1] = 3'000
    Consolidated identical input bits for $mux cell $flatten\memory.$procmux$1399:
      Old ports: A={ 5'00000 \memory.boot_address }, B=$flatten\memory.$procmux$1396_Y, Y=$flatten\memory.$procmux$1399_Y
      New ports: A={ 1'0 \memory.boot_address }, B=$flatten\memory.$procmux$1396_Y [13:0], Y=$flatten\memory.$procmux$1399_Y [13:0]
      New connections: $flatten\memory.$procmux$1399_Y [17:14] = 4'0000
    Consolidated identical input bits for $mux cell $flatten\protocol.$procmux$872:
      Old ports: A=8'00000001, B=$flatten\protocol.$procmux$869_Y, Y=$flatten\protocol.$procmux$872_Y
      New ports: A=2'01, B={ $flatten\protocol.$procmux$869_Y [0] $flatten\protocol.$procmux$869_Y [0] }, Y=$flatten\protocol.$procmux$872_Y [1:0]
      New connections: $flatten\protocol.$procmux$872_Y [7:2] = 6'000000
    Consolidated identical input bits for $mux cell $flatten\protocol.$procmux$1024:
      Old ports: A=$auto$wreduce.cc:513:run$2238 [1:0], B=2'10, Y=$flatten\protocol.$procmux$1024_Y [1:0]
      New ports: A=$auto$wreduce.cc:513:run$2238 [1], B=1'1, Y=$flatten\protocol.$procmux$1024_Y [1]
      New connections: $flatten\protocol.$procmux$1024_Y [0] = 1'0
    Consolidated identical input bits for $mux cell $flatten\protocol.$procmux$1027:
      Old ports: A=4'1010, B=$flatten\protocol.$procmux$1024_Y, Y=$flatten\protocol.$procmux$1027_Y
      New ports: A=2'10, B=$flatten\protocol.$procmux$1024_Y [1:0], Y=$flatten\protocol.$procmux$1027_Y [1:0]
      New connections: $flatten\protocol.$procmux$1027_Y [3:2] = 2'10
  Optimizing cells in module \video.
    Consolidated identical input bits for $mux cell $memory$flatten\scan.$auto$proc_rom.cc:155:do_switch$836$rdmux[0][2][2]$2561:
      Old ports: A=$memory$flatten\scan.$auto$proc_rom.cc:155:do_switch$836$rdmux[0][2][2]$a$2562, B=$memory$flatten\scan.$auto$proc_rom.cc:155:do_switch$836$rdmux[0][2][2]$b$2563, Y=$memory$flatten\scan.$auto$proc_rom.cc:155:do_switch$836$rdmux[0][1][1]$a$2553
      New ports: A={ 1'0 $memory$flatten\scan.$auto$proc_rom.cc:155:do_switch$836$rdmux[0][2][2]$a$2562 [13] $memory$flatten\scan.$auto$proc_rom.cc:155:do_switch$836$rdmux[0][2][2]$a$2562 [1:0] $memory$flatten\scan.$auto$proc_rom.cc:155:do_switch$836$rdmux[0][2][2]$a$2562 [8] $memory$flatten\scan.$auto$proc_rom.cc:155:do_switch$836$rdmux[0][2][2]$a$2562 [3] $memory$flatten\scan.$auto$proc_rom.cc:155:do_switch$836$rdmux[0][2][2]$a$2562 [0] $memory$flatten\scan.$auto$proc_rom.cc:155:do_switch$836$rdmux[0][2][2]$a$2562 [3] $memory$flatten\scan.$auto$proc_rom.cc:155:do_switch$836$rdmux[0][2][2]$a$2562 [1:0] }, B={ $memory$flatten\scan.$auto$proc_rom.cc:155:do_switch$836$rdmux[0][2][2]$b$2563 [5] 1'1 $memory$flatten\scan.$auto$proc_rom.cc:155:do_switch$836$rdmux[0][2][2]$b$2563 [5] $memory$flatten\scan.$auto$proc_rom.cc:155:do_switch$836$rdmux[0][2][2]$b$2563 [8] $memory$flatten\scan.$auto$proc_rom.cc:155:do_switch$836$rdmux[0][2][2]$b$2563 [8] $memory$flatten\scan.$auto$proc_rom.cc:155:do_switch$836$rdmux[0][2][2]$b$2563 [5] $memory$flatten\scan.$auto$proc_rom.cc:155:do_switch$836$rdmux[0][2][2]$b$2563 [5] 3'000 }, Y={ $memory$flatten\scan.$auto$proc_rom.cc:155:do_switch$836$rdmux[0][1][1]$a$2553 [14:13] $memory$flatten\scan.$auto$proc_rom.cc:155:do_switch$836$rdmux[0][1][1]$a$2553 [10:7] $memory$flatten\scan.$auto$proc_rom.cc:155:do_switch$836$rdmux[0][1][1]$a$2553 [5] $memory$flatten\scan.$auto$proc_rom.cc:155:do_switch$836$rdmux[0][1][1]$a$2553 [3] $memory$flatten\scan.$auto$proc_rom.cc:155:do_switch$836$rdmux[0][1][1]$a$2553 [1:0] }
      New connections: { $memory$flatten\scan.$auto$proc_rom.cc:155:do_switch$836$rdmux[0][1][1]$a$2553 [12:11] $memory$flatten\scan.$auto$proc_rom.cc:155:do_switch$836$rdmux[0][1][1]$a$2553 [6] $memory$flatten\scan.$auto$proc_rom.cc:155:do_switch$836$rdmux[0][1][1]$a$2553 [4] $memory$flatten\scan.$auto$proc_rom.cc:155:do_switch$836$rdmux[0][1][1]$a$2553 [2] } = { $memory$flatten\scan.$auto$proc_rom.cc:155:do_switch$836$rdmux[0][1][1]$a$2553 [10] $memory$flatten\scan.$auto$proc_rom.cc:155:do_switch$836$rdmux[0][1][1]$a$2553 [1] $memory$flatten\scan.$auto$proc_rom.cc:155:do_switch$836$rdmux[0][1][1]$a$2553 [1:0] 1'0 }
    Consolidated identical input bits for $mux cell $memory$flatten\scan.$auto$proc_rom.cc:155:do_switch$836$rdmux[0][2][1]$2558:
      Old ports: A=$memory$flatten\scan.$auto$proc_rom.cc:155:do_switch$836$rdmux[0][2][1]$a$2559, B=$memory$flatten\scan.$auto$proc_rom.cc:155:do_switch$836$rdmux[0][2][1]$b$2560, Y=$memory$flatten\scan.$auto$proc_rom.cc:155:do_switch$836$rdmux[0][1][0]$b$2551
      New ports: A={ $memory$flatten\scan.$auto$proc_rom.cc:155:do_switch$836$rdmux[0][2][1]$a$2559 [6] $memory$flatten\scan.$auto$proc_rom.cc:155:do_switch$836$rdmux[0][2][1]$a$2559 [10] $memory$flatten\scan.$auto$proc_rom.cc:155:do_switch$836$rdmux[0][2][1]$a$2559 [10:9] $memory$flatten\scan.$auto$proc_rom.cc:155:do_switch$836$rdmux[0][2][1]$a$2559 [0] $memory$flatten\scan.$auto$proc_rom.cc:155:do_switch$836$rdmux[0][2][1]$a$2559 [1] $memory$flatten\scan.$auto$proc_rom.cc:155:do_switch$836$rdmux[0][2][1]$a$2559 [6] 1'0 $memory$flatten\scan.$auto$proc_rom.cc:155:do_switch$836$rdmux[0][2][1]$a$2559 [1:0] }, B={ 1'1 $memory$flatten\scan.$auto$proc_rom.cc:155:do_switch$836$rdmux[0][2][1]$b$2560 [11] $memory$flatten\scan.$auto$proc_rom.cc:155:do_switch$836$rdmux[0][2][1]$b$2560 [6] 1'0 $memory$flatten\scan.$auto$proc_rom.cc:155:do_switch$836$rdmux[0][2][1]$b$2560 [1] 1'0 $memory$flatten\scan.$auto$proc_rom.cc:155:do_switch$836$rdmux[0][2][1]$b$2560 [6:5] $memory$flatten\scan.$auto$proc_rom.cc:155:do_switch$836$rdmux[0][2][1]$b$2560 [1:0] }, Y={ $memory$flatten\scan.$auto$proc_rom.cc:155:do_switch$836$rdmux[0][1][0]$b$2551 [12:5] $memory$flatten\scan.$auto$proc_rom.cc:155:do_switch$836$rdmux[0][1][0]$b$2551 [1:0] }
      New connections: { $memory$flatten\scan.$auto$proc_rom.cc:155:do_switch$836$rdmux[0][1][0]$b$2551 [14:13] $memory$flatten\scan.$auto$proc_rom.cc:155:do_switch$836$rdmux[0][1][0]$b$2551 [4:2] } = { 4'0000 $memory$flatten\scan.$auto$proc_rom.cc:155:do_switch$836$rdmux[0][1][0]$b$2551 [1] }
    Consolidated identical input bits for $mux cell $memory$flatten\scan.$auto$proc_rom.cc:155:do_switch$836$rdmux[0][2][0]$2555:
      Old ports: A=$memory$flatten\scan.$auto$proc_rom.cc:155:do_switch$836$rdmux[0][2][0]$a$2556, B=$memory$flatten\scan.$auto$proc_rom.cc:155:do_switch$836$rdmux[0][2][0]$b$2557, Y=$memory$flatten\scan.$auto$proc_rom.cc:155:do_switch$836$rdmux[0][1][0]$a$2550
      New ports: A={ $memory$flatten\scan.$auto$proc_rom.cc:155:do_switch$836$rdmux[0][2][0]$a$2556 [10] $memory$flatten\scan.$auto$proc_rom.cc:155:do_switch$836$rdmux[0][2][0]$a$2556 [0] $memory$flatten\scan.$auto$proc_rom.cc:155:do_switch$836$rdmux[0][2][0]$a$2556 [5] $memory$flatten\scan.$auto$proc_rom.cc:155:do_switch$836$rdmux[0][2][0]$a$2556 [5:4] 1'0 $memory$flatten\scan.$auto$proc_rom.cc:155:do_switch$836$rdmux[0][2][0]$a$2556 [0] $memory$flatten\scan.$auto$proc_rom.cc:155:do_switch$836$rdmux[0][2][0]$a$2556 [1:0] }, B={ 1'1 $memory$flatten\scan.$auto$proc_rom.cc:155:do_switch$836$rdmux[0][2][0]$b$2557 [9:8] $memory$flatten\scan.$auto$proc_rom.cc:155:do_switch$836$rdmux[0][2][0]$b$2557 [5] $memory$flatten\scan.$auto$proc_rom.cc:155:do_switch$836$rdmux[0][2][0]$b$2557 [3] $memory$flatten\scan.$auto$proc_rom.cc:155:do_switch$836$rdmux[0][2][0]$b$2557 [3] 2'00 $memory$flatten\scan.$auto$proc_rom.cc:155:do_switch$836$rdmux[0][2][0]$b$2557 [0] }, Y={ $memory$flatten\scan.$auto$proc_rom.cc:155:do_switch$836$rdmux[0][1][0]$a$2550 [10:8] $memory$flatten\scan.$auto$proc_rom.cc:155:do_switch$836$rdmux[0][1][0]$a$2550 [5:0] }
      New connections: { $memory$flatten\scan.$auto$proc_rom.cc:155:do_switch$836$rdmux[0][1][0]$a$2550 [14:11] $memory$flatten\scan.$auto$proc_rom.cc:155:do_switch$836$rdmux[0][1][0]$a$2550 [7:6] } = { 3'000 $memory$flatten\scan.$auto$proc_rom.cc:155:do_switch$836$rdmux[0][1][0]$a$2550 [3] 2'00 }
    Consolidated identical input bits for $mux cell $flatten\memory.$procmux$1391:
      Old ports: A=$flatten\memory.$procmux$1399_Y, B={ 4'0000 \memory.cache_bank $flatten\memory.$add$frame_memory.v:71$213_Y \memory.cache_address }, Y=$flatten\memory.$0\sram_a[17:0]
      New ports: A=$flatten\memory.$procmux$1399_Y [13:0], B={ \memory.cache_bank $flatten\memory.$add$frame_memory.v:71$213_Y \memory.cache_address }, Y=$flatten\memory.$0\sram_a[17:0] [13:0]
      New connections: $flatten\memory.$0\sram_a[17:0] [17:14] = 4'0000
    Consolidated identical input bits for $mux cell $flatten\protocol.$procmux$875:
      Old ports: A=$flatten\protocol.$procmux$872_Y, B={ 6'000000 $auto$wreduce.cc:513:run$2235 [1:0] }, Y=$flatten\protocol.$procmux$875_Y
      New ports: A=$flatten\protocol.$procmux$872_Y [1:0], B={ $auto$wreduce.cc:513:run$2235 [0] $auto$wreduce.cc:513:run$2235 [0] }, Y=$flatten\protocol.$procmux$875_Y [1:0]
      New connections: $flatten\protocol.$procmux$875_Y [7:2] = 6'000000
    Consolidated identical input bits for $mux cell $flatten\protocol.$procmux$1027:
      Old ports: A=2'10, B=$flatten\protocol.$procmux$1024_Y [1:0], Y=$flatten\protocol.$procmux$1027_Y [1:0]
      New ports: A=1'1, B=$flatten\protocol.$procmux$1024_Y [1], Y=$flatten\protocol.$procmux$1027_Y [1]
      New connections: $flatten\protocol.$procmux$1027_Y [0] = 1'0
    Consolidated identical input bits for $mux cell $flatten\protocol.$procmux$1030:
      Old ports: A=$flatten\protocol.$procmux$1027_Y, B=4'1010, Y=$flatten\protocol.$procmux$1030_Y
      New ports: A=$flatten\protocol.$procmux$1027_Y [1:0], B=2'10, Y=$flatten\protocol.$procmux$1030_Y [1:0]
      New connections: $flatten\protocol.$procmux$1030_Y [3:2] = 2'10
  Optimizing cells in module \video.
    Consolidated identical input bits for $mux cell $memory$flatten\scan.$auto$proc_rom.cc:155:do_switch$836$rdmux[0][1][1]$2552:
      Old ports: A=$memory$flatten\scan.$auto$proc_rom.cc:155:do_switch$836$rdmux[0][1][1]$a$2553, B=15'111010010100000, Y=$memory$flatten\scan.$auto$proc_rom.cc:155:do_switch$836$rdmux[0][0][0]$b$2548
      New ports: A={ $memory$flatten\scan.$auto$proc_rom.cc:155:do_switch$836$rdmux[0][1][1]$a$2553 [14:13] $memory$flatten\scan.$auto$proc_rom.cc:155:do_switch$836$rdmux[0][1][1]$a$2553 [10:7] $memory$flatten\scan.$auto$proc_rom.cc:155:do_switch$836$rdmux[0][1][1]$a$2553 [5] $memory$flatten\scan.$auto$proc_rom.cc:155:do_switch$836$rdmux[0][1][1]$a$2553 [3] $memory$flatten\scan.$auto$proc_rom.cc:155:do_switch$836$rdmux[0][1][1]$a$2553 [1:0] }, B=10'1110011000, Y={ $memory$flatten\scan.$auto$proc_rom.cc:155:do_switch$836$rdmux[0][0][0]$b$2548 [14:13] $memory$flatten\scan.$auto$proc_rom.cc:155:do_switch$836$rdmux[0][0][0]$b$2548 [10:7] $memory$flatten\scan.$auto$proc_rom.cc:155:do_switch$836$rdmux[0][0][0]$b$2548 [5] $memory$flatten\scan.$auto$proc_rom.cc:155:do_switch$836$rdmux[0][0][0]$b$2548 [3] $memory$flatten\scan.$auto$proc_rom.cc:155:do_switch$836$rdmux[0][0][0]$b$2548 [1:0] }
      New connections: { $memory$flatten\scan.$auto$proc_rom.cc:155:do_switch$836$rdmux[0][0][0]$b$2548 [12:11] $memory$flatten\scan.$auto$proc_rom.cc:155:do_switch$836$rdmux[0][0][0]$b$2548 [6] $memory$flatten\scan.$auto$proc_rom.cc:155:do_switch$836$rdmux[0][0][0]$b$2548 [4] $memory$flatten\scan.$auto$proc_rom.cc:155:do_switch$836$rdmux[0][0][0]$b$2548 [2] } = { $memory$flatten\scan.$auto$proc_rom.cc:155:do_switch$836$rdmux[0][0][0]$b$2548 [10] $memory$flatten\scan.$auto$proc_rom.cc:155:do_switch$836$rdmux[0][0][0]$b$2548 [1] $memory$flatten\scan.$auto$proc_rom.cc:155:do_switch$836$rdmux[0][0][0]$b$2548 [1:0] 1'0 }
    Consolidated identical input bits for $mux cell $memory$flatten\scan.$auto$proc_rom.cc:155:do_switch$836$rdmux[0][1][0]$2549:
      Old ports: A=$memory$flatten\scan.$auto$proc_rom.cc:155:do_switch$836$rdmux[0][1][0]$a$2550, B=$memory$flatten\scan.$auto$proc_rom.cc:155:do_switch$836$rdmux[0][1][0]$b$2551, Y=$memory$flatten\scan.$auto$proc_rom.cc:155:do_switch$836$rdmux[0][0][0]$a$2547
      New ports: A={ 1'0 $memory$flatten\scan.$auto$proc_rom.cc:155:do_switch$836$rdmux[0][1][0]$a$2550 [3] $memory$flatten\scan.$auto$proc_rom.cc:155:do_switch$836$rdmux[0][1][0]$a$2550 [10:8] 2'00 $memory$flatten\scan.$auto$proc_rom.cc:155:do_switch$836$rdmux[0][1][0]$a$2550 [5:0] }, B={ $memory$flatten\scan.$auto$proc_rom.cc:155:do_switch$836$rdmux[0][1][0]$b$2551 [12:5] 2'00 $memory$flatten\scan.$auto$proc_rom.cc:155:do_switch$836$rdmux[0][1][0]$b$2551 [1] $memory$flatten\scan.$auto$proc_rom.cc:155:do_switch$836$rdmux[0][1][0]$b$2551 [1:0] }, Y=$memory$flatten\scan.$auto$proc_rom.cc:155:do_switch$836$rdmux[0][0][0]$a$2547 [12:0]
      New connections: $memory$flatten\scan.$auto$proc_rom.cc:155:do_switch$836$rdmux[0][0][0]$a$2547 [14:13] = 2'00
    Consolidated identical input bits for $mux cell $flatten\protocol.$procmux$878:
      Old ports: A=$flatten\protocol.$procmux$875_Y, B=8'00000010, Y=$flatten\protocol.$procmux$878_Y
      New ports: A=$flatten\protocol.$procmux$875_Y [1:0], B=2'10, Y=$flatten\protocol.$procmux$878_Y [1:0]
      New connections: $flatten\protocol.$procmux$878_Y [7:2] = 6'000000
    Consolidated identical input bits for $mux cell $flatten\protocol.$procmux$1030:
      Old ports: A=$flatten\protocol.$procmux$1027_Y [1:0], B=2'10, Y=$flatten\protocol.$procmux$1030_Y [1:0]
      New ports: A=$flatten\protocol.$procmux$1027_Y [1], B=1'1, Y=$flatten\protocol.$procmux$1030_Y [1]
      New connections: $flatten\protocol.$procmux$1030_Y [0] = 1'0
    Consolidated identical input bits for $mux cell $flatten\protocol.$procmux$1033:
      Old ports: A=$flatten\protocol.$procmux$1030_Y, B=4'1010, Y=$flatten\protocol.$procmux$1033_Y
      New ports: A=$flatten\protocol.$procmux$1030_Y [1:0], B=2'10, Y=$flatten\protocol.$procmux$1033_Y [1:0]
      New connections: $flatten\protocol.$procmux$1033_Y [3:2] = 2'10
  Optimizing cells in module \video.
    Consolidated identical input bits for $mux cell $flatten\protocol.$procmux$1033:
      Old ports: A=$flatten\protocol.$procmux$1030_Y [1:0], B=2'10, Y=$flatten\protocol.$procmux$1033_Y [1:0]
      New ports: A=$flatten\protocol.$procmux$1030_Y [1], B=1'1, Y=$flatten\protocol.$procmux$1033_Y [1]
      New connections: $flatten\protocol.$procmux$1033_Y [0] = 1'0
  Optimizing cells in module \video.
Performed a total of 52 changes.

6.30.5. Executing OPT_MERGE pass (detect identical cells).
Finding identical cells in module `\video'.
Computing hashes of 551 cells of `\video'.
Finding duplicate cells in `\video'.
Computing hashes of 543 cells of `\video'.
Finding duplicate cells in `\video'.
<suppressed ~24 debug messages>
Removed a total of 8 cells.

6.30.6. Executing OPT_DFF pass (perform DFF optimizations).
Adding EN signal on $auto$ff.cc:337:slice$2517 ($dffe) from module video (D = $flatten\uart_rx.$0\timer[4:0] [0], Q = \uart_rx.timer [0]).
Setting constant 1-bit at position 8 on $auto$ff.cc:337:slice$2535 ($dffe) from module video.
Setting constant 0-bit at position 0 on $auto$ff.cc:337:slice$2536 ($sdffce) from module video.
Setting constant 0-bit at position 1 on $auto$ff.cc:337:slice$2536 ($sdffce) from module video.
Setting constant 0-bit at position 2 on $auto$ff.cc:337:slice$2536 ($sdffce) from module video.
Setting constant 0-bit at position 3 on $auto$ff.cc:337:slice$2536 ($sdffce) from module video.
Setting constant 0-bit at position 2 on $auto$ff.cc:337:slice$1965 ($sdffe) from module video.
Setting constant 0-bit at position 3 on $auto$ff.cc:337:slice$1965 ($sdffe) from module video.
Setting constant 0-bit at position 4 on $auto$ff.cc:337:slice$1965 ($sdffe) from module video.
Setting constant 0-bit at position 5 on $auto$ff.cc:337:slice$1965 ($sdffe) from module video.
Setting constant 0-bit at position 6 on $auto$ff.cc:337:slice$1965 ($sdffe) from module video.
Setting constant 0-bit at position 7 on $auto$ff.cc:337:slice$1965 ($sdffe) from module video.

6.30.7. Executing OPT_CLEAN pass (remove unused cells and wires).
Finding unused cells or wires in module \video..
Removed 2 unused cells and 51 unused wires.
<suppressed ~3 debug messages>

6.30.8. Executing OPT_EXPR pass (perform const folding).
Optimizing module video.
<suppressed ~5 debug messages>

6.30.9. Rerunning OPT passes. (Maybe there is more to do..)

6.30.10. Executing OPT_MUXTREE pass (detect dead branches in mux trees).
Running muxtree optimizer on module \video..
  Creating internal representation of mux trees.
  Evaluating internal representation of mux trees.
  Analyzing evaluation results.
Removed 0 multiplexer ports.
<suppressed ~345 debug messages>

6.30.11. Executing OPT_REDUCE pass (consolidate $*mux and $reduce_* inputs).
  Optimizing cells in module \video.
    New input vector for $reduce_and cell $auto$simple.cc:211:make_patterns_logic$2645: { $auto$simple.cc:193:make_patterns_logic$1905 $auto$simple.cc:193:make_patterns_logic$1907 $auto$simple.cc:193:make_patterns_logic$1909 $auto$simple.cc:193:make_patterns_logic$1911 $auto$rtlil.cc:3234:Not$1932 $auto$simple.cc:193:make_patterns_logic$2642 }
    Consolidated identical input bits for $mux cell $memory$flatten\scan.$auto$proc_rom.cc:155:do_switch$836$rdmux[0][3][3]$2576:
      Old ports: A={ $memory$flatten\scan.$auto$proc_rom.cc:155:do_switch$836$rdmux[0][3][0]$b$2569 [1] 1'0 $memory$flatten\scan.$auto$proc_rom.cc:155:do_switch$836$rdmux[0][3][0]$b$2569 [0] $memory$flatten\scan.$auto$proc_rom.cc:155:do_switch$836$rdmux[0][3][0]$b$2569 [0] $memory$flatten\scan.$auto$proc_rom.cc:155:do_switch$836$rdmux[0][3][0]$b$2569 [0] }, B={ 1'1 $memory$flatten\scan.$auto$proc_rom.cc:155:do_switch$836$rdmux[0][3][0]$b$2569 [1] $memory$flatten\scan.$auto$proc_rom.cc:155:do_switch$836$rdmux[0][3][0]$b$2569 [1:0] 1'0 }, Y={ $memory$flatten\scan.$auto$proc_rom.cc:155:do_switch$836$rdmux[0][2][1]$b$2560 [11] $memory$flatten\scan.$auto$proc_rom.cc:155:do_switch$836$rdmux[0][2][1]$b$2560 [6:5] $memory$flatten\scan.$auto$proc_rom.cc:155:do_switch$836$rdmux[0][2][1]$b$2560 [1:0] }
      New ports: A={ $memory$flatten\scan.$auto$proc_rom.cc:155:do_switch$836$rdmux[0][3][0]$b$2569 [1] 1'0 $memory$flatten\scan.$auto$proc_rom.cc:155:do_switch$836$rdmux[0][3][0]$b$2569 [0] $memory$flatten\scan.$auto$proc_rom.cc:155:do_switch$836$rdmux[0][3][0]$b$2569 [0] }, B={ 1'1 $memory$flatten\scan.$auto$proc_rom.cc:155:do_switch$836$rdmux[0][3][0]$b$2569 [1] $memory$flatten\scan.$auto$proc_rom.cc:155:do_switch$836$rdmux[0][3][0]$b$2569 [1] 1'0 }, Y={ $memory$flatten\scan.$auto$proc_rom.cc:155:do_switch$836$rdmux[0][2][1]$b$2560 [11] $memory$flatten\scan.$auto$proc_rom.cc:155:do_switch$836$rdmux[0][2][1]$b$2560 [6:5] $memory$flatten\scan.$auto$proc_rom.cc:155:do_switch$836$rdmux[0][2][1]$b$2560 [0] }
      New connections: $memory$flatten\scan.$auto$proc_rom.cc:155:do_switch$836$rdmux[0][2][1]$b$2560 [1] = $memory$flatten\scan.$auto$proc_rom.cc:155:do_switch$836$rdmux[0][3][0]$b$2569 [0]
    Consolidated identical input bits for $mux cell $memory$flatten\scan.$auto$proc_rom.cc:155:do_switch$836$rdmux[0][3][2]$2573:
      Old ports: A={ 1'1 $memory$flatten\scan.$auto$proc_rom.cc:155:do_switch$836$rdmux[0][3][0]$b$2569 [1] 1'0 $memory$flatten\scan.$auto$proc_rom.cc:155:do_switch$836$rdmux[0][3][0]$b$2569 [1:0] }, B={ $memory$flatten\scan.$auto$proc_rom.cc:155:do_switch$836$rdmux[0][3][0]$b$2569 [0] $memory$flatten\scan.$auto$proc_rom.cc:155:do_switch$836$rdmux[0][3][0]$b$2569 [0] $memory$flatten\scan.$auto$proc_rom.cc:155:do_switch$836$rdmux[0][3][0]$b$2569 [1] 1'0 $memory$flatten\scan.$auto$proc_rom.cc:155:do_switch$836$rdmux[0][3][0]$b$2569 [0] }, Y={ $memory$flatten\scan.$auto$proc_rom.cc:155:do_switch$836$rdmux[0][2][1]$a$2559 [10:9] $memory$flatten\scan.$auto$proc_rom.cc:155:do_switch$836$rdmux[0][2][1]$a$2559 [6] $memory$flatten\scan.$auto$proc_rom.cc:155:do_switch$836$rdmux[0][2][1]$a$2559 [1:0] }
      New ports: A={ 1'1 $memory$flatten\scan.$auto$proc_rom.cc:155:do_switch$836$rdmux[0][3][0]$b$2569 [1] 1'0 $memory$flatten\scan.$auto$proc_rom.cc:155:do_switch$836$rdmux[0][3][0]$b$2569 [1] }, B={ $memory$flatten\scan.$auto$proc_rom.cc:155:do_switch$836$rdmux[0][3][0]$b$2569 [0] $memory$flatten\scan.$auto$proc_rom.cc:155:do_switch$836$rdmux[0][3][0]$b$2569 [0] $memory$flatten\scan.$auto$proc_rom.cc:155:do_switch$836$rdmux[0][3][0]$b$2569 [1] 1'0 }, Y={ $memory$flatten\scan.$auto$proc_rom.cc:155:do_switch$836$rdmux[0][2][1]$a$2559 [10:9] $memory$flatten\scan.$auto$proc_rom.cc:155:do_switch$836$rdmux[0][2][1]$a$2559 [6] $memory$flatten\scan.$auto$proc_rom.cc:155:do_switch$836$rdmux[0][2][1]$a$2559 [1] }
      New connections: $memory$flatten\scan.$auto$proc_rom.cc:155:do_switch$836$rdmux[0][2][1]$a$2559 [0] = $memory$flatten\scan.$auto$proc_rom.cc:155:do_switch$836$rdmux[0][3][0]$b$2569 [0]
    Consolidated identical input bits for $mux cell $memory$flatten\scan.$auto$proc_rom.cc:155:do_switch$836$rdmux[0][3][1]$2570:
      Old ports: A={ $memory$flatten\scan.$auto$proc_rom.cc:155:do_switch$836$rdmux[0][3][1]$a$2571 [0] $memory$flatten\scan.$auto$proc_rom.cc:155:do_switch$836$rdmux[0][3][1]$a$2571 [8] 2'00 $memory$flatten\scan.$auto$proc_rom.cc:155:do_switch$836$rdmux[0][3][1]$a$2571 [0] }, B={ $memory$flatten\scan.$auto$proc_rom.cc:155:do_switch$836$rdmux[0][3][1]$a$2571 [8] $memory$flatten\scan.$auto$proc_rom.cc:155:do_switch$836$rdmux[0][3][1]$a$2571 [8] $memory$flatten\scan.$auto$proc_rom.cc:155:do_switch$836$rdmux[0][3][1]$a$2571 [8] $memory$flatten\scan.$auto$proc_rom.cc:155:do_switch$836$rdmux[0][3][1]$a$2571 [0] 1'0 }, Y={ $memory$flatten\scan.$auto$proc_rom.cc:155:do_switch$836$rdmux[0][2][0]$b$2557 [9:8] $memory$flatten\scan.$auto$proc_rom.cc:155:do_switch$836$rdmux[0][2][0]$b$2557 [5] $memory$flatten\scan.$auto$proc_rom.cc:155:do_switch$836$rdmux[0][2][0]$b$2557 [3] $memory$flatten\scan.$auto$proc_rom.cc:155:do_switch$836$rdmux[0][2][0]$b$2557 [0] }
      New ports: A={ $memory$flatten\scan.$auto$proc_rom.cc:155:do_switch$836$rdmux[0][3][1]$a$2571 [0] 2'00 $memory$flatten\scan.$auto$proc_rom.cc:155:do_switch$836$rdmux[0][3][1]$a$2571 [0] }, B={ $memory$flatten\scan.$auto$proc_rom.cc:155:do_switch$836$rdmux[0][3][1]$a$2571 [8] $memory$flatten\scan.$auto$proc_rom.cc:155:do_switch$836$rdmux[0][3][1]$a$2571 [8] $memory$flatten\scan.$auto$proc_rom.cc:155:do_switch$836$rdmux[0][3][1]$a$2571 [0] 1'0 }, Y={ $memory$flatten\scan.$auto$proc_rom.cc:155:do_switch$836$rdmux[0][2][0]$b$2557 [9] $memory$flatten\scan.$auto$proc_rom.cc:155:do_switch$836$rdmux[0][2][0]$b$2557 [5] $memory$flatten\scan.$auto$proc_rom.cc:155:do_switch$836$rdmux[0][2][0]$b$2557 [3] $memory$flatten\scan.$auto$proc_rom.cc:155:do_switch$836$rdmux[0][2][0]$b$2557 [0] }
      New connections: $memory$flatten\scan.$auto$proc_rom.cc:155:do_switch$836$rdmux[0][2][0]$b$2557 [8] = $memory$flatten\scan.$auto$proc_rom.cc:155:do_switch$836$rdmux[0][3][1]$a$2571 [8]
  Optimizing cells in module \video.
    Consolidated identical input bits for $mux cell $memory$flatten\scan.$auto$proc_rom.cc:155:do_switch$836$rdmux[0][2][1]$2558:
      Old ports: A={ $memory$flatten\scan.$auto$proc_rom.cc:155:do_switch$836$rdmux[0][2][1]$a$2559 [6] $memory$flatten\scan.$auto$proc_rom.cc:155:do_switch$836$rdmux[0][2][1]$a$2559 [10] $memory$flatten\scan.$auto$proc_rom.cc:155:do_switch$836$rdmux[0][2][1]$a$2559 [10:9] $memory$flatten\scan.$auto$proc_rom.cc:155:do_switch$836$rdmux[0][2][1]$a$2559 [0] $memory$flatten\scan.$auto$proc_rom.cc:155:do_switch$836$rdmux[0][2][1]$a$2559 [1] $memory$flatten\scan.$auto$proc_rom.cc:155:do_switch$836$rdmux[0][2][1]$a$2559 [6] 1'0 $memory$flatten\scan.$auto$proc_rom.cc:155:do_switch$836$rdmux[0][2][1]$a$2559 [1:0] }, B={ 1'1 $memory$flatten\scan.$auto$proc_rom.cc:155:do_switch$836$rdmux[0][2][1]$b$2560 [11] $memory$flatten\scan.$auto$proc_rom.cc:155:do_switch$836$rdmux[0][2][1]$b$2560 [6] 1'0 $memory$flatten\scan.$auto$proc_rom.cc:155:do_switch$836$rdmux[0][2][1]$b$2560 [1] 1'0 $memory$flatten\scan.$auto$proc_rom.cc:155:do_switch$836$rdmux[0][2][1]$b$2560 [6:5] $memory$flatten\scan.$auto$proc_rom.cc:155:do_switch$836$rdmux[0][2][1]$b$2560 [1:0] }, Y={ $memory$flatten\scan.$auto$proc_rom.cc:155:do_switch$836$rdmux[0][1][0]$b$2551 [12:5] $memory$flatten\scan.$auto$proc_rom.cc:155:do_switch$836$rdmux[0][1][0]$b$2551 [1:0] }
      New ports: A={ $memory$flatten\scan.$auto$proc_rom.cc:155:do_switch$836$rdmux[0][2][1]$a$2559 [6] $memory$flatten\scan.$auto$proc_rom.cc:155:do_switch$836$rdmux[0][2][1]$a$2559 [10] $memory$flatten\scan.$auto$proc_rom.cc:155:do_switch$836$rdmux[0][2][1]$a$2559 [10:9] $memory$flatten\scan.$auto$proc_rom.cc:155:do_switch$836$rdmux[0][2][1]$a$2559 [1] $memory$flatten\scan.$auto$proc_rom.cc:155:do_switch$836$rdmux[0][2][1]$a$2559 [6] 1'0 $memory$flatten\scan.$auto$proc_rom.cc:155:do_switch$836$rdmux[0][2][1]$a$2559 [1] $memory$flatten\scan.$auto$proc_rom.cc:155:do_switch$836$rdmux[0][3][0]$b$2569 [0] }, B={ 1'1 $memory$flatten\scan.$auto$proc_rom.cc:155:do_switch$836$rdmux[0][2][1]$b$2560 [11] $memory$flatten\scan.$auto$proc_rom.cc:155:do_switch$836$rdmux[0][2][1]$b$2560 [6] 2'00 $memory$flatten\scan.$auto$proc_rom.cc:155:do_switch$836$rdmux[0][2][1]$b$2560 [6:5] $memory$flatten\scan.$auto$proc_rom.cc:155:do_switch$836$rdmux[0][3][0]$b$2569 [0] $memory$flatten\scan.$auto$proc_rom.cc:155:do_switch$836$rdmux[0][2][1]$b$2560 [0] }, Y={ $memory$flatten\scan.$auto$proc_rom.cc:155:do_switch$836$rdmux[0][1][0]$b$2551 [12:9] $memory$flatten\scan.$auto$proc_rom.cc:155:do_switch$836$rdmux[0][1][0]$b$2551 [7:5] $memory$flatten\scan.$auto$proc_rom.cc:155:do_switch$836$rdmux[0][1][0]$b$2551 [1:0] }
      New connections: $memory$flatten\scan.$auto$proc_rom.cc:155:do_switch$836$rdmux[0][1][0]$b$2551 [8] = $memory$flatten\scan.$auto$proc_rom.cc:155:do_switch$836$rdmux[0][3][0]$b$2569 [0]
  Optimizing cells in module \video.
Performed a total of 5 changes.

6.30.12. Executing OPT_MERGE pass (detect identical cells).
Finding identical cells in module `\video'.
Computing hashes of 542 cells of `\video'.
Finding duplicate cells in `\video'.
Removed a total of 0 cells.

6.30.13. Executing OPT_DFF pass (perform DFF optimizations).
Adding SRST signal on $auto$ff.cc:337:slice$2191 ($sdffce) from module video (D = $flatten\scan.$add$panel_scan.v:147$750_Y [2], Q = \scan.state [2], rval = 1'0).
Adding SRST signal on $auto$ff.cc:337:slice$2191 ($sdffce) from module video (D = { $flatten\scan.$procmux$1693_Y [3] $flatten\scan.$procmux$1693_Y [1] }, Q = { \scan.state [3] \scan.state [1] }, rval = 2'11).
Adding SRST signal on $auto$ff.cc:337:slice$2648 ($dffe) from module video (D = \protocol.tx_data [7], Q = \uart_tx.shift [8], rval = 1'1).

6.30.14. Executing OPT_CLEAN pass (remove unused cells and wires).
Finding unused cells or wires in module \video..
Removed 1 unused cells and 3 unused wires.
<suppressed ~2 debug messages>

6.30.15. Executing OPT_EXPR pass (perform const folding).
Optimizing module video.

6.30.16. Rerunning OPT passes. (Maybe there is more to do..)

6.30.17. Executing OPT_MUXTREE pass (detect dead branches in mux trees).
Running muxtree optimizer on module \video..
  Creating internal representation of mux trees.
  Evaluating internal representation of mux trees.
  Analyzing evaluation results.
Removed 0 multiplexer ports.
<suppressed ~342 debug messages>

6.30.18. Executing OPT_REDUCE pass (consolidate $*mux and $reduce_* inputs).
  Optimizing cells in module \video.
Performed a total of 0 changes.

6.30.19. Executing OPT_MERGE pass (detect identical cells).
Finding identical cells in module `\video'.
Computing hashes of 546 cells of `\video'.
Finding duplicate cells in `\video'.
Computing hashes of 545 cells of `\video'.
Finding duplicate cells in `\video'.
<suppressed ~3 debug messages>
Removed a total of 1 cells.

6.30.20. Executing OPT_DFF pass (perform DFF optimizations).

6.30.21. Executing OPT_CLEAN pass (remove unused cells and wires).
Finding unused cells or wires in module \video..
Removed 0 unused cells and 1 unused wires.
<suppressed ~1 debug messages>

6.30.22. Executing OPT_EXPR pass (perform const folding).
Optimizing module video.

6.30.23. Rerunning OPT passes. (Maybe there is more to do..)

6.30.24. Executing OPT_MUXTREE pass (detect dead branches in mux trees).
Running muxtree optimizer on module \video..
  Creating internal representation of mux trees.
  Evaluating internal representation of mux trees.
  Analyzing evaluation results.
Removed 0 multiplexer ports.
<suppressed ~342 debug messages>

6.30.25. Executing OPT_REDUCE pass (consolidate $*mux and $reduce_* inputs).
  Optimizing cells in module \video.
Performed a total of 0 changes.

6.30.26. Executing OPT_MERGE pass (detect identical cells).
Finding identical cells in module `\video'.
Computing hashes of 545 cells of `\video'.
Finding duplicate cells in `\video'.
Removed a total of 0 cells.

6.30.27. Executing OPT_DFF pass (perform DFF optimizations).

6.30.28. Executing OPT_CLEAN pass (remove unused cells and wires).
Finding unused cells or wires in module \video..

6.30.29. Executing OPT_EXPR pass (perform const folding).
Optimizing module video.

6.30.30. Finished fast OPT passes. (There is nothing left to do.)

6.31. Executing ICE40_WRAPCARRY pass (wrap carries).

6.32. Executing TECHMAP pass (map to technology primitives).

6.32.1. Executing Verilog-2005 frontend: C:\oss-cad-suite\bin\../share/yosys/techmap.v
Parsing Verilog input from `C:\oss-cad-suite\bin\../share/yosys/techmap.v' to AST representation.
Generating RTLIL representation for module `\_90_simplemap_bool_ops'.
Generating RTLIL representation for module `\_90_simplemap_reduce_ops'.
Generating RTLIL representation for module `\_90_simplemap_logic_ops'.
Generating RTLIL representation for module `\_90_simplemap_compare_ops'.
Generating RTLIL representation for module `\_90_simplemap_various'.
Generating RTLIL representation for module `\_90_simplemap_registers'.
Generating RTLIL representation for module `\_90_shift_ops_shr_shl_sshl_sshr'.
Generating RTLIL representation for module `\_90_shift_shiftx'.
Generating RTLIL representation for module `\_90_fa'.
Generating RTLIL representation for module `\_90_lcu_brent_kung'.
Generating RTLIL representation for module `\_90_alu'.
Generating RTLIL representation for module `\_90_macc'.
Generating RTLIL representation for module `\_90_alumacc'.
Generating RTLIL representation for module `$__div_mod_u'.
Generating RTLIL representation for module `$__div_mod_trunc'.
Generating RTLIL representation for module `\_90_div'.
Generating RTLIL representation for module `\_90_mod'.
Generating RTLIL representation for module `$__div_mod_floor'.
Generating RTLIL representation for module `\_90_divfloor'.
Generating RTLIL representation for module `\_90_modfloor'.
Generating RTLIL representation for module `\_90_pow'.
Generating RTLIL representation for module `\_90_demux'.
Generating RTLIL representation for module `\_90_lut'.
Generating RTLIL representation for module `$connect'.
Generating RTLIL representation for module `$input_port'.
Successfully finished Verilog frontend.

6.32.2. Executing Verilog-2005 frontend: C:\oss-cad-suite\bin\../share/yosys/ice40/arith_map.v
Parsing Verilog input from `C:\oss-cad-suite\bin\../share/yosys/ice40/arith_map.v' to AST representation.
Generating RTLIL representation for module `\_80_ice40_alu'.
Successfully finished Verilog frontend.

6.32.3. Continuing TECHMAP pass.
Using extmapper simplemap for cells of type $dffe.
Using extmapper simplemap for cells of type $sdffce.
Using extmapper simplemap for cells of type $reduce_or.
Using extmapper simplemap for cells of type $xor.
Using extmapper simplemap for cells of type $sdffe.
Using extmapper simplemap for cells of type $reduce_and.
Using extmapper simplemap for cells of type $ne.
Using extmapper simplemap for cells of type $not.
Using extmapper simplemap for cells of type $mux.
Using extmapper simplemap for cells of type $dff.
Using template $paramod$175e67c02b86e96b1288b9dc100122520d7240d8\_90_alu for cells of type $alu.
Using template $paramod$956e79e8f8c5e64be7438155ae50a966e615cb04\_80_ice40_alu for cells of type $alu.
Using template $paramod$d588c4475f18bc347201f0f2671d73b8c1e7b7ea\_80_ice40_alu for cells of type $alu.
Using template $paramod$3ef7d3dd227da7627a99c5e5a6a4deb817573e39\_80_ice40_alu for cells of type $alu.
Using template $paramod$025d767fc934a3e7d59a671de523743ebaa07759\_80_ice40_alu for cells of type $alu.
Using template $paramod$b18e16801adf491a64caa0542270798e5d4ac6b6\_80_ice40_alu for cells of type $alu.
Using extmapper simplemap for cells of type $or.
Using template $paramod$8742280fdebca84e1c87f2a86ed84f62d558f4cc\_80_ice40_alu for cells of type $alu.
Using template $paramod$32a7b7b86c07519b7537abc18e96f0331f97914d\_80_ice40_alu for cells of type $alu.
Using template $paramod$215440792383f7884e57d9c95f84e9552d0bf4ac\_80_ice40_alu for cells of type $alu.
Using template $paramod$672a140277c71df8314410f22acc08d55222c3c7\_80_ice40_alu for cells of type $alu.
Using template $paramod$c3cd1564c35d873179656addd6052d7ea8b6d991\_80_ice40_alu for cells of type $alu.
Using template $paramod$c6885379b74fbbf6906b35106e386e521d86cbb2\_80_ice40_alu for cells of type $alu.
Using template $paramod$32efbfac1c4dc57230cf86180788fdfd12e3b511\_80_ice40_alu for cells of type $alu.
Using template $paramod$3ef274a4ad1e446c08416d1cf6cb5ab03146d407\_80_ice40_alu for cells of type $alu.
Using template $paramod$2af30114e9bd4ccb04dad757b3f0a8f6bf0615b0\_80_ice40_alu for cells of type $alu.
Using template $paramod$ee9f135470291f7e9a702a13ca7a0f3b25d94913\_80_ice40_alu for cells of type $alu.
Using template $paramod$201d586eed2569f095ddeba6db16e40b8442bc0c\_80_ice40_alu for cells of type $alu.
Using template $paramod$e61f808441c14776646ccea05e0cf89bac53ccdb\_80_ice40_alu for cells of type $alu.
Using template $paramod$795d817be7d199881e47de72f8a46d9f056cb4cd\_80_ice40_alu for cells of type $alu.
Using template $paramod$a40b3a69ab2154dca9743e30e1e84efb03b892b4\_80_ice40_alu for cells of type $alu.
Using template $paramod$dad13a281fa6a9ffd6dd427a87dc9a952e80e9ea\_80_ice40_alu for cells of type $alu.
Using extmapper simplemap for cells of type $sdff.
Using extmapper simplemap for cells of type $reduce_bool.
Using extmapper simplemap for cells of type $logic_and.
Using extmapper simplemap for cells of type $logic_or.
Using extmapper simplemap for cells of type $pmux.
Using extmapper simplemap for cells of type $logic_not.
Using extmapper simplemap for cells of type $eq.
Using template $paramod$constmap:ed202111594f0a1b622ac8dc4bd7c990ea27025c$paramod$40ccfd5a7f1418017a9af25543d0c43a198b5946\_90_shift_shiftx for cells of type $shift.
Using extmapper simplemap for cells of type $and.
Analyzing pattern of constant bits for this cell:
  Constant input on bit 0 of port A: 1'1
Creating constmapped module `$paramod$constmap:aaa79bdfe7451deca7ae697c0784fd1c184bd8f2$paramod$40ccfd5a7f1418017a9af25543d0c43a198b5946\_90_shift_shiftx'.

6.32.52. Executing OPT_MUXTREE pass (detect dead branches in mux trees).
Running muxtree optimizer on module $paramod$constmap:aaa79bdfe7451deca7ae697c0784fd1c184bd8f2$paramod$40ccfd5a7f1418017a9af25543d0c43a198b5946\_90_shift_shiftx..
  Creating internal representation of mux trees.
  Evaluating internal representation of mux trees.
  Analyzing evaluation results.
    dead port 2/2 on $mux $procmux$3841.
    dead port 2/2 on $mux $procmux$3847.
    dead port 2/2 on $mux $procmux$3853.
Removed 3 multiplexer ports.
<suppressed ~892 debug messages>

6.32.53. Executing OPT_EXPR pass (perform const folding).
Optimizing module $paramod$constmap:aaa79bdfe7451deca7ae697c0784fd1c184bd8f2$paramod$40ccfd5a7f1418017a9af25543d0c43a198b5946\_90_shift_shiftx.
<suppressed ~2 debug messages>
Removed 0 unused cells and 9 unused wires.
Using template $paramod$constmap:aaa79bdfe7451deca7ae697c0784fd1c184bd8f2$paramod$40ccfd5a7f1418017a9af25543d0c43a198b5946\_90_shift_shiftx for cells of type $shift.
Using extmapper simplemap for cells of type $lut.
Using template $paramod$constmap:00482261d5eb17ca29819b319c2c3bf258666822$paramod$534ba9013f7b667d34f4eeb618f19cca18ce2e2b\_90_shift_shiftx for cells of type $shift.
Analyzing pattern of constant bits for this cell:
  Constant input on bit 0 of port A: 1'1
  Constant input on bit 1 of port A: 1'1
  Constant input on bit 2 of port A: 1'1
  Constant input on bit 3 of port A: 1'1
  Constant input on bit 4 of port A: 1'1
  Constant input on bit 5 of port A: 1'1
  Constant input on bit 6 of port A: 1'1
  Constant input on bit 7 of port A: 1'1
Creating constmapped module `$paramod$constmap:7307a6267aa0cde8522afa9cfbebdb07702d3528$paramod$534ba9013f7b667d34f4eeb618f19cca18ce2e2b\_90_shift_shiftx'.

6.32.59. Executing OPT_MUXTREE pass (detect dead branches in mux trees).
Running muxtree optimizer on module $paramod$constmap:7307a6267aa0cde8522afa9cfbebdb07702d3528$paramod$534ba9013f7b667d34f4eeb618f19cca18ce2e2b\_90_shift_shiftx..
  Creating internal representation of mux trees.
  Evaluating internal representation of mux trees.
  Analyzing evaluation results.
    dead port 2/2 on $mux $procmux$5608.
    dead port 2/2 on $mux $procmux$5614.
    dead port 2/2 on $mux $procmux$5620.
    dead port 2/2 on $mux $procmux$5626.
    dead port 2/2 on $mux $procmux$5632.
    dead port 2/2 on $mux $procmux$5638.
    dead port 2/2 on $mux $procmux$5644.
Removed 7 multiplexer ports.
<suppressed ~619 debug messages>

6.32.60. Executing OPT_EXPR pass (perform const folding).
Optimizing module $paramod$constmap:7307a6267aa0cde8522afa9cfbebdb07702d3528$paramod$534ba9013f7b667d34f4eeb618f19cca18ce2e2b\_90_shift_shiftx.
<suppressed ~27 debug messages>
Removed 0 unused cells and 12 unused wires.
Using template $paramod$constmap:7307a6267aa0cde8522afa9cfbebdb07702d3528$paramod$534ba9013f7b667d34f4eeb618f19cca18ce2e2b\_90_shift_shiftx for cells of type $shift.
Using template $paramod$constmap:3da7e2908527d0666de4df8d3eb9ab2898ebcab9$paramod$65db6eeb8592a0d91e4389b9a9984f5f94b5192f\_90_shift_shiftx for cells of type $shiftx.
Using extmapper simplemap for cells of type $tribuf.
Using template $paramod$constmap:ca40025d9c1c1920e4352d25d2a9ff0f55c95f6f$paramod$2abd261e58bbf3b57ed6fa6d6d94da088bf47f2d\_90_shift_shiftx for cells of type $shiftx.
Using template $paramod$constmap:2587df5f34ddd9b34820c9f2041c6b3a6cdc78b4$paramod$2946c6b859aa2752201bd458da4a1bc8333accc9\_90_shift_shiftx for cells of type $shiftx.
Using extmapper simplemap for cells of type $pos.
Using template $paramod\_90_fa\WIDTH=32'00000000000000000000000000000010 for cells of type $fa.
Using template $paramod\_90_lcu_brent_kung\WIDTH=32'00000000000000000000000000000010 for cells of type $lcu.
No more expansions possible.
<suppressed ~1363 debug messages>

6.33. Executing OPT pass (performing simple optimizations).

6.33.1. Executing OPT_EXPR pass (perform const folding).
Optimizing module video.
<suppressed ~5425 debug messages>

6.33.2. Executing OPT_MERGE pass (detect identical cells).
Finding identical cells in module `\video'.
Computing hashes of 4192 cells of `\video'.
Finding duplicate cells in `\video'.
Computing hashes of 3760 cells of `\video'.
Finding duplicate cells in `\video'.
Computing hashes of 3654 cells of `\video'.
Finding duplicate cells in `\video'.
Computing hashes of 3621 cells of `\video'.
Finding duplicate cells in `\video'.
Computing hashes of 3605 cells of `\video'.
Finding duplicate cells in `\video'.
Computing hashes of 3604 cells of `\video'.
Finding duplicate cells in `\video'.
Computing hashes of 3603 cells of `\video'.
Finding duplicate cells in `\video'.
Computing hashes of 3602 cells of `\video'.
Finding duplicate cells in `\video'.
Computing hashes of 3601 cells of `\video'.
Finding duplicate cells in `\video'.
Computing hashes of 3600 cells of `\video'.
Finding duplicate cells in `\video'.
Computing hashes of 3599 cells of `\video'.
Finding duplicate cells in `\video'.
Computing hashes of 3598 cells of `\video'.
Finding duplicate cells in `\video'.
Computing hashes of 3597 cells of `\video'.
Finding duplicate cells in `\video'.
Computing hashes of 3596 cells of `\video'.
Finding duplicate cells in `\video'.
Computing hashes of 3595 cells of `\video'.
Finding duplicate cells in `\video'.
Computing hashes of 3594 cells of `\video'.
Finding duplicate cells in `\video'.
Computing hashes of 3593 cells of `\video'.
Finding duplicate cells in `\video'.
Computing hashes of 3592 cells of `\video'.
Finding duplicate cells in `\video'.
Computing hashes of 3591 cells of `\video'.
Finding duplicate cells in `\video'.
Computing hashes of 3590 cells of `\video'.
Finding duplicate cells in `\video'.
Computing hashes of 3589 cells of `\video'.
Finding duplicate cells in `\video'.
Computing hashes of 3588 cells of `\video'.
Finding duplicate cells in `\video'.
Computing hashes of 3587 cells of `\video'.
Finding duplicate cells in `\video'.
Computing hashes of 3586 cells of `\video'.
Finding duplicate cells in `\video'.
Computing hashes of 3585 cells of `\video'.
Finding duplicate cells in `\video'.
Computing hashes of 3584 cells of `\video'.
Finding duplicate cells in `\video'.
<suppressed ~1824 debug messages>
Removed a total of 608 cells.

6.33.3. Executing OPT_DFF pass (perform DFF optimizations).
Adding SRST signal on $auto$ff.cc:337:slice$2772 ($_DFFE_PP_) from module video (D = $auto$simplemap.cc:189:logic_reduce$3752, Q = \uart_rx.timer [0], rval = 1'0).
Adding SRST signal on $auto$ff.cc:337:slice$3626 ($_DFFE_PP_) from module video (D = $auto$simplemap.cc:189:logic_reduce$3738, Q = \uart_rx.state [1], rval = 1'0).
Adding SRST signal on $auto$ff.cc:337:slice$2838 ($_DFFE_PP_) from module video (D = $auto$simplemap.cc:189:logic_reduce$3780, Q = \uart_rx.timer [4], rval = 1'0).
Adding SRST signal on $auto$ff.cc:337:slice$3012 ($_DFFE_PN_) from module video (D = $auto$simplemap.cc:189:logic_reduce$6641, Q = \scan.rgb [5], rval = 1'0).
Adding SRST signal on $auto$ff.cc:337:slice$3006 ($_DFFE_PN_) from module video (D = $auto$simplemap.cc:189:logic_reduce$6823, Q = \scan.OE, rval = 1'0).
Adding SRST signal on $auto$ff.cc:337:slice$3005 ($_DFFE_PN_) from module video (D = $auto$simplemap.cc:189:logic_reduce$6798, Q = \scan.LAT, rval = 1'0).
Adding SRST signal on $auto$ff.cc:337:slice$2835 ($_DFFE_PP_) from module video (D = $auto$simplemap.cc:189:logic_reduce$3759, Q = \uart_rx.timer [1], rval = 1'0).
Adding SRST signal on $auto$ff.cc:337:slice$2836 ($_DFFE_PP_) from module video (D = $auto$simplemap.cc:189:logic_reduce$3766, Q = \uart_rx.timer [2], rval = 1'1).
Adding SRST signal on $auto$ff.cc:337:slice$2837 ($_DFFE_PP_) from module video (D = $auto$simplemap.cc:189:logic_reduce$3773, Q = \uart_rx.timer [3], rval = 1'1).
Adding SRST signal on $auto$ff.cc:337:slice$3007 ($_DFFE_PN_) from module video (D = $auto$simplemap.cc:189:logic_reduce$6606, Q = \scan.rgb [0], rval = 1'0).
Adding SRST signal on $auto$ff.cc:337:slice$3008 ($_DFFE_PN_) from module video (D = $auto$simplemap.cc:189:logic_reduce$6613, Q = \scan.rgb [1], rval = 1'0).
Adding SRST signal on $auto$ff.cc:337:slice$3009 ($_DFFE_PN_) from module video (D = $auto$simplemap.cc:189:logic_reduce$6620, Q = \scan.rgb [2], rval = 1'0).
Adding SRST signal on $auto$ff.cc:337:slice$3010 ($_DFFE_PN_) from module video (D = $auto$simplemap.cc:189:logic_reduce$6627, Q = \scan.rgb [3], rval = 1'0).
Adding SRST signal on $auto$ff.cc:337:slice$3011 ($_DFFE_PN_) from module video (D = $auto$simplemap.cc:189:logic_reduce$6634, Q = \scan.rgb [4], rval = 1'0).
Adding SRST signal on $auto$ff.cc:337:slice$3248 ($_DFFE_PP_) from module video (D = $auto$simplemap.cc:189:logic_reduce$5304, Q = \memory.state [1], rval = 1'0).
Adding SRST signal on $auto$ff.cc:337:slice$3249 ($_DFFE_PP_) from module video (D = $auto$simplemap.cc:189:logic_reduce$5344, Q = \memory.state [2], rval = 1'0).
Adding SRST signal on $auto$ff.cc:337:slice$3250 ($_DFFE_PP_) from module video (D = $auto$simplemap.cc:189:logic_reduce$5384, Q = \memory.state [3], rval = 1'0).
Adding SRST signal on $auto$ff.cc:337:slice$3625 ($_DFFE_PP_) from module video (D = $auto$simplemap.cc:189:logic_reduce$3727, Q = \uart_rx.state [0], rval = 1'1).

6.33.4. Executing OPT_CLEAN pass (remove unused cells and wires).
Finding unused cells or wires in module \video..
Removed 496 unused cells and 1661 unused wires.
<suppressed ~497 debug messages>

6.33.5. Rerunning OPT passes. (Removed registers in this run.)

6.33.6. Executing OPT_EXPR pass (perform const folding).
Optimizing module video.
<suppressed ~9 debug messages>

6.33.7. Executing OPT_MERGE pass (detect identical cells).
Finding identical cells in module `\video'.
Computing hashes of 3079 cells of `\video'.
Finding duplicate cells in `\video'.
Removed a total of 0 cells.

6.33.8. Executing OPT_DFF pass (perform DFF optimizations).

6.33.9. Executing OPT_CLEAN pass (remove unused cells and wires).
Finding unused cells or wires in module \video..
Removed 0 unused cells and 1 unused wires.
<suppressed ~1 debug messages>

6.33.10. Finished fast OPT passes.

6.34. Executing ICE40_OPT pass (performing simple optimizations).

6.34.1. Running ICE40 specific optimizations.
Optimized $__ICE40_CARRY_WRAPPER cell back to logic (without SB_CARRY) video.$auto$alumacc.cc:548:replace_alu$2259.slice[0].carry: CO=\scan.phase [3]
Optimized $__ICE40_CARRY_WRAPPER cell back to logic (without SB_CARRY) video.$auto$alumacc.cc:548:replace_alu$2264.slice[0].carry: CO=\scan.phase [2]
Optimized $__ICE40_CARRY_WRAPPER cell back to logic (without SB_CARRY) video.$auto$alumacc.cc:548:replace_alu$2277.slice[0].carry: CO=\scan.count [0]
Optimized $__ICE40_CARRY_WRAPPER cell back to logic (without SB_CARRY) video.$auto$alumacc.cc:548:replace_alu$2290.slice[0].carry: CO=\scan.count [1]
Optimized $__ICE40_CARRY_WRAPPER cell back to logic (without SB_CARRY) video.$auto$alumacc.cc:548:replace_alu$2295.slice[0].carry: CO=\scan.count [0]
Optimized $__ICE40_CARRY_WRAPPER cell back to logic (without SB_CARRY) video.$auto$alumacc.cc:548:replace_alu$2300.slice[0].carry: CO=\scan.count [0]
Optimized $__ICE40_CARRY_WRAPPER cell back to logic (without SB_CARRY) video.$auto$alumacc.cc:548:replace_alu$2308.slice[0].carry: CO=\scan.state [0]
Optimized $__ICE40_CARRY_WRAPPER cell back to logic (without SB_CARRY) video.$auto$alumacc.cc:548:replace_alu$2311.slice[0].carry: CO=\scan.count [0]
Optimized $__ICE40_CARRY_WRAPPER cell back to logic (without SB_CARRY) video.$auto$alumacc.cc:548:replace_alu$2314.slice[0].carry: CO=\memory.boot_address [0]
Optimized $__ICE40_CARRY_WRAPPER cell back to logic (without SB_CARRY) video.$auto$alumacc.cc:548:replace_alu$2317.slice[0].carry: CO=1'1
Optimized $__ICE40_CARRY_WRAPPER cell back to logic (without SB_CARRY) video.$auto$alumacc.cc:548:replace_alu$2317.slice[1].carry: CO=$auto$alumacc.cc:548:replace_alu$2317.C [1]
Optimized $__ICE40_CARRY_WRAPPER cell back to logic (without SB_CARRY) video.$auto$alumacc.cc:548:replace_alu$2317.slice[2].carry: CO=$auto$alumacc.cc:548:replace_alu$2317.C [2]
Optimized $__ICE40_CARRY_WRAPPER cell back to logic (without SB_CARRY) video.$auto$alumacc.cc:548:replace_alu$2317.slice[6].carry: CO=$auto$alumacc.cc:548:replace_alu$2317.C [6]
Optimized $__ICE40_CARRY_WRAPPER cell back to logic (without SB_CARRY) video.$auto$alumacc.cc:548:replace_alu$2317.slice[7].carry: CO=$auto$alumacc.cc:548:replace_alu$2317.C [7]
Optimized $__ICE40_CARRY_WRAPPER cell back to logic (without SB_CARRY) video.$auto$alumacc.cc:548:replace_alu$2317.slice[8].carry: CO=$auto$alumacc.cc:548:replace_alu$2317.C [8]
Optimized $__ICE40_CARRY_WRAPPER cell back to logic (without SB_CARRY) video.$auto$alumacc.cc:548:replace_alu$2317.slice[9].carry: CO=$auto$alumacc.cc:548:replace_alu$2317.C [9]
Optimized $__ICE40_CARRY_WRAPPER cell back to logic (without SB_CARRY) video.$auto$alumacc.cc:548:replace_alu$2317.slice[10].carry: CO=$auto$alumacc.cc:548:replace_alu$2317.C [10]
Optimized $__ICE40_CARRY_WRAPPER cell back to logic (without SB_CARRY) video.$auto$alumacc.cc:548:replace_alu$2317.slice[11].carry: CO=$auto$alumacc.cc:548:replace_alu$2317.C [11]
Optimized $__ICE40_CARRY_WRAPPER cell back to logic (without SB_CARRY) video.$auto$alumacc.cc:548:replace_alu$2317.slice[12].carry: CO=$auto$alumacc.cc:548:replace_alu$2317.C [12]
Optimized $__ICE40_CARRY_WRAPPER cell back to logic (without SB_CARRY) video.$auto$alumacc.cc:548:replace_alu$2317.slice[13].carry: CO=$auto$alumacc.cc:548:replace_alu$2317.C [13]
Optimized $__ICE40_CARRY_WRAPPER cell back to logic (without SB_CARRY) video.$auto$alumacc.cc:548:replace_alu$2317.slice[14].carry: CO=$auto$alumacc.cc:548:replace_alu$2317.C [14]
Optimized $__ICE40_CARRY_WRAPPER cell back to logic (without SB_CARRY) video.$auto$alumacc.cc:548:replace_alu$2317.slice[15].carry: CO=$auto$alumacc.cc:548:replace_alu$2317.C [15]
Optimized $__ICE40_CARRY_WRAPPER cell back to logic (without SB_CARRY) video.$auto$alumacc.cc:548:replace_alu$2317.slice[16].carry: CO=$auto$alumacc.cc:548:replace_alu$2317.C [16]
Optimized $__ICE40_CARRY_WRAPPER cell back to logic (without SB_CARRY) video.$auto$alumacc.cc:548:replace_alu$2317.slice[17].carry: CO=$auto$alumacc.cc:548:replace_alu$2317.C [17]
Optimized $__ICE40_CARRY_WRAPPER cell back to logic (without SB_CARRY) video.$auto$alumacc.cc:548:replace_alu$2317.slice[18].carry: CO=$auto$alumacc.cc:548:replace_alu$2317.C [18]
Optimized $__ICE40_CARRY_WRAPPER cell back to logic (without SB_CARRY) video.$auto$alumacc.cc:548:replace_alu$2317.slice[19].carry: CO=$auto$alumacc.cc:548:replace_alu$2317.C [19]
Optimized $__ICE40_CARRY_WRAPPER cell back to logic (without SB_CARRY) video.$auto$alumacc.cc:548:replace_alu$2317.slice[20].carry: CO=$auto$alumacc.cc:548:replace_alu$2317.C [20]
Optimized $__ICE40_CARRY_WRAPPER cell back to logic (without SB_CARRY) video.$auto$alumacc.cc:548:replace_alu$2317.slice[21].carry: CO=$auto$alumacc.cc:548:replace_alu$2317.C [21]
Optimized $__ICE40_CARRY_WRAPPER cell back to logic (without SB_CARRY) video.$auto$alumacc.cc:548:replace_alu$2317.slice[22].carry: CO=$auto$alumacc.cc:548:replace_alu$2317.C [22]
Optimized $__ICE40_CARRY_WRAPPER cell back to logic (without SB_CARRY) video.$auto$alumacc.cc:548:replace_alu$2317.slice[23].carry: CO=$auto$alumacc.cc:548:replace_alu$2317.C [23]
Optimized $__ICE40_CARRY_WRAPPER cell back to logic (without SB_CARRY) video.$auto$alumacc.cc:548:replace_alu$2317.slice[24].carry: CO=$auto$alumacc.cc:548:replace_alu$2317.C [24]
Optimized $__ICE40_CARRY_WRAPPER cell back to logic (without SB_CARRY) video.$auto$alumacc.cc:548:replace_alu$2317.slice[25].carry: CO=$auto$alumacc.cc:548:replace_alu$2317.C [25]
Optimized $__ICE40_CARRY_WRAPPER cell back to logic (without SB_CARRY) video.$auto$alumacc.cc:548:replace_alu$2317.slice[26].carry: CO=$auto$alumacc.cc:548:replace_alu$2317.C [26]
Optimized $__ICE40_CARRY_WRAPPER cell back to logic (without SB_CARRY) video.$auto$alumacc.cc:548:replace_alu$2317.slice[27].carry: CO=$auto$alumacc.cc:548:replace_alu$2317.C [27]
Optimized $__ICE40_CARRY_WRAPPER cell back to logic (without SB_CARRY) video.$auto$alumacc.cc:548:replace_alu$2317.slice[28].carry: CO=$auto$alumacc.cc:548:replace_alu$2317.C [28]
Optimized $__ICE40_CARRY_WRAPPER cell back to logic (without SB_CARRY) video.$auto$alumacc.cc:548:replace_alu$2317.slice[29].carry: CO=$auto$alumacc.cc:548:replace_alu$2317.C [29]
Optimized $__ICE40_CARRY_WRAPPER cell back to logic (without SB_CARRY) video.$auto$alumacc.cc:548:replace_alu$2317.slice[30].carry: CO=$auto$alumacc.cc:548:replace_alu$2317.C [30]
Optimized $__ICE40_CARRY_WRAPPER cell back to logic (without SB_CARRY) video.$auto$alumacc.cc:548:replace_alu$2317.slice[31].carry: CO=$auto$alumacc.cc:548:replace_alu$2317.C [31]
Optimized $__ICE40_CARRY_WRAPPER cell back to logic (without SB_CARRY) video.$auto$alumacc.cc:548:replace_alu$2317.slice[32].carry: CO=$auto$alumacc.cc:548:replace_alu$2317.C [32]
Optimized $__ICE40_CARRY_WRAPPER cell back to logic (without SB_CARRY) video.$auto$alumacc.cc:548:replace_alu$2320.slice[0].carry: CO=\memory.plane [0]
Optimized $__ICE40_CARRY_WRAPPER cell back to logic (without SB_CARRY) video.$auto$alumacc.cc:548:replace_alu$2326.slice[0].carry: CO=\scan.phase [0]
Optimized $__ICE40_CARRY_WRAPPER cell back to logic (without SB_CARRY) video.$auto$alumacc.cc:548:replace_alu$2329.slice[0].carry: CO=\scan.scan_row [0]
Optimized $__ICE40_CARRY_WRAPPER cell back to logic (without SB_CARRY) video.$auto$alumacc.cc:548:replace_alu$2332.slice[0].carry: CO=\protocol.crc_steps [0]
Optimized $__ICE40_CARRY_WRAPPER cell back to logic (without SB_CARRY) video.$auto$alumacc.cc:548:replace_alu$2335.slice[0].carry: CO=\protocol.idle_ticks [0]
Optimized $__ICE40_CARRY_WRAPPER cell back to logic (without SB_CARRY) video.$auto$alumacc.cc:548:replace_alu$2341.slice[0].carry: CO=\protocol.reply_index [0]
Optimized $__ICE40_CARRY_WRAPPER cell back to logic (without SB_CARRY) video.$auto$alumacc.cc:548:replace_alu$2344.slice[0].carry: CO=\scan.tick_div [0]
Optimized $__ICE40_CARRY_WRAPPER cell back to logic (without SB_CARRY) video.$auto$alumacc.cc:548:replace_alu$2347.slice[0].carry: CO=\scan.config_index [0]
Optimized $__ICE40_CARRY_WRAPPER cell back to logic (without SB_CARRY) video.$auto$alumacc.cc:548:replace_alu$2350.slice[0].carry: CO=\protocol.offset [0]
Optimized $__ICE40_CARRY_WRAPPER cell back to logic (without SB_CARRY) video.$auto$alumacc.cc:548:replace_alu$2356.slice[0].carry: CO=\uart_tx.timer [1]
Optimized $__ICE40_CARRY_WRAPPER cell back to logic (without SB_CARRY) video.$auto$alumacc.cc:548:replace_alu$2367.slice[0].carry: CO=\uart_tx.timer [0]
Optimized $__ICE40_CARRY_WRAPPER cell back to logic (without SB_CARRY) video.$auto$alumacc.cc:548:replace_alu$2370.slice[0].carry: CO=\uart_tx.bit_index [0]
Optimized $__ICE40_CARRY_WRAPPER cell back to logic (without SB_CARRY) video.$auto$alumacc.cc:548:replace_alu$2373.slice[0].carry: CO=\uart_rx.timer [1]
Optimized $__ICE40_CARRY_WRAPPER cell back to logic (without SB_CARRY) video.$auto$alumacc.cc:548:replace_alu$2384.slice[0].carry: CO=\uart_rx.timer [0]
Optimized $__ICE40_CARRY_WRAPPER cell back to logic (without SB_CARRY) video.$auto$alumacc.cc:548:replace_alu$2387.slice[0].carry: CO=$auto$alumacc.cc:548:replace_alu$2387.BB [0]
Optimized $__ICE40_CARRY_WRAPPER cell back to logic (without SB_CARRY) video.$auto$alumacc.cc:548:replace_alu$2387.slice[3].carry: CO=$auto$alumacc.cc:548:replace_alu$2387.C [3]
Optimized $__ICE40_CARRY_WRAPPER cell back to logic (without SB_CARRY) video.$auto$alumacc.cc:548:replace_alu$2390.slice[0].carry: CO=\uart_rx.bit_index [0]
Optimized $__ICE40_CARRY_WRAPPER cell back to logic (without SB_CARRY) video.$auto$alumacc.cc:548:replace_alu$2393.slice[0].carry: CO=\scan.length [0]
Optimized $__ICE40_CARRY_WRAPPER cell back to logic (without SB_CARRY) video.$auto$alumacc.cc:548:replace_alu$2393.slice[8].carry: CO=$auto$alumacc.cc:548:replace_alu$2393.C [8]
Optimized $__ICE40_CARRY_WRAPPER cell back to logic (without SB_CARRY) video.$auto$alumacc.cc:548:replace_alu$2393.slice[10].carry: CO=$auto$alumacc.cc:548:replace_alu$2393.C [10]
Optimized $__ICE40_CARRY_WRAPPER cell back to logic (without SB_CARRY) video.$auto$alumacc.cc:548:replace_alu$2393.slice[11].carry: CO=$auto$alumacc.cc:548:replace_alu$2393.C [11]
Optimized $__ICE40_CARRY_WRAPPER cell back to logic (without SB_CARRY) video.$auto$alumacc.cc:548:replace_alu$2393.slice[12].carry: CO=$auto$alumacc.cc:548:replace_alu$2393.C [12]
Optimized $__ICE40_CARRY_WRAPPER cell back to logic (without SB_CARRY) video.$auto$alumacc.cc:548:replace_alu$2393.slice[13].carry: CO=$auto$alumacc.cc:548:replace_alu$2393.C [13]
Optimized $__ICE40_CARRY_WRAPPER cell back to logic (without SB_CARRY) video.$auto$alumacc.cc:548:replace_alu$2393.slice[16].carry: CO=$auto$alumacc.cc:548:replace_alu$2393.C [16]
Optimized $__ICE40_CARRY_WRAPPER cell back to logic (without SB_CARRY) video.$auto$alumacc.cc:548:replace_alu$2396.slice[0].carry: CO=\scan.heartbeat [0]

6.34.2. Executing OPT_EXPR pass (perform const folding).
Optimizing module video.
<suppressed ~2 debug messages>

6.34.3. Executing OPT_MERGE pass (detect identical cells).
Finding identical cells in module `\video'.
Computing hashes of 3077 cells of `\video'.
Finding duplicate cells in `\video'.
Computing hashes of 3044 cells of `\video'.
Finding duplicate cells in `\video'.
Computing hashes of 3014 cells of `\video'.
Finding duplicate cells in `\video'.
Computing hashes of 3008 cells of `\video'.
Finding duplicate cells in `\video'.
<suppressed ~207 debug messages>
Removed a total of 69 cells.

6.34.4. Executing OPT_DFF pass (perform DFF optimizations).

6.34.5. Executing OPT_CLEAN pass (remove unused cells and wires).
Finding unused cells or wires in module \video..
Removed 4 unused cells and 27 unused wires.
<suppressed ~5 debug messages>

6.34.6. Rerunning OPT passes. (Removed registers in this run.)

6.34.7. Running ICE40 specific optimizations.
Optimized $__ICE40_CARRY_WRAPPER cell back to logic (without SB_CARRY) video.$auto$alumacc.cc:548:replace_alu$2317.slice[3].carry: CO=$auto$alumacc.cc:548:replace_alu$2317.BB [3]

6.34.8. Executing OPT_EXPR pass (perform const folding).
Optimizing module video.
<suppressed ~35 debug messages>

6.34.9. Executing OPT_MERGE pass (detect identical cells).
Finding identical cells in module `\video'.
Computing hashes of 2969 cells of `\video'.
Finding duplicate cells in `\video'.
Removed a total of 0 cells.

6.34.10. Executing OPT_DFF pass (perform DFF optimizations).

6.34.11. Executing OPT_CLEAN pass (remove unused cells and wires).
Finding unused cells or wires in module \video..
Removed 0 unused cells and 27 unused wires.
<suppressed ~1 debug messages>

6.34.12. Rerunning OPT passes. (Removed registers in this run.)

6.34.13. Running ICE40 specific optimizations.

6.34.14. Executing OPT_EXPR pass (perform const folding).
Optimizing module video.

6.34.15. Executing OPT_MERGE pass (detect identical cells).
Finding identical cells in module `\video'.
Computing hashes of 2969 cells of `\video'.
Finding duplicate cells in `\video'.
Removed a total of 0 cells.

6.34.16. Executing OPT_DFF pass (perform DFF optimizations).

6.34.17. Executing OPT_CLEAN pass (remove unused cells and wires).
Finding unused cells or wires in module \video..

6.34.18. Finished OPT passes. (There is nothing left to do.)

6.35. Executing DFFLEGALIZE pass (convert FFs and LATCHes to types supported by the target).

6.36. Executing TECHMAP pass (map to technology primitives).

6.36.1. Executing Verilog-2005 frontend: C:\oss-cad-suite\bin\../share/yosys/ice40/ff_map.v
Parsing Verilog input from `C:\oss-cad-suite\bin\../share/yosys/ice40/ff_map.v' to AST representation.
Generating RTLIL representation for module `$_DFF_N_'.
Generating RTLIL representation for module `$_DFF_P_'.
Generating RTLIL representation for module `$_DFFE_NP_'.
Generating RTLIL representation for module `$_DFFE_PP_'.
Generating RTLIL representation for module `$_DFF_NP0_'.
Generating RTLIL representation for module `$_DFF_NP1_'.
Generating RTLIL representation for module `$_DFF_PP0_'.
Generating RTLIL representation for module `$_DFF_PP1_'.
Generating RTLIL representation for module `$_DFFE_NP0P_'.
Generating RTLIL representation for module `$_DFFE_NP1P_'.
Generating RTLIL representation for module `$_DFFE_PP0P_'.
Generating RTLIL representation for module `$_DFFE_PP1P_'.
Generating RTLIL representation for module `$_SDFF_NP0_'.
Generating RTLIL representation for module `$_SDFF_NP1_'.
Generating RTLIL representation for module `$_SDFF_PP0_'.
Generating RTLIL representation for module `$_SDFF_PP1_'.
Generating RTLIL representation for module `$_SDFFCE_NP0P_'.
Generating RTLIL representation for module `$_SDFFCE_NP1P_'.
Generating RTLIL representation for module `$_SDFFCE_PP0P_'.
Generating RTLIL representation for module `$_SDFFCE_PP1P_'.
Successfully finished Verilog frontend.

6.36.2. Continuing TECHMAP pass.
Using template $_SDFFCE_PP1P_ for cells of type $_SDFFCE_PP1P_.
Using template $_SDFFCE_PP0P_ for cells of type $_SDFFCE_PP0P_.
Using template $_DFF_P_ for cells of type $_DFF_P_.
Using template $_DFFE_PP_ for cells of type $_DFFE_PP_.
Using template $_SDFF_PP0_ for cells of type $_SDFF_PP0_.
No more expansions possible.
<suppressed ~450 debug messages>

6.37. Executing OPT_EXPR pass (perform const folding).
Optimizing module video.
<suppressed ~25 debug messages>

6.38. Executing SIMPLEMAP pass (map simple cells to gate primitives).
Mapping video.$auto$alumacc.cc:548:replace_alu$2308.slice[0].carry ($lut).
Mapping video.$auto$alumacc.cc:548:replace_alu$2311.slice[0].carry ($lut).
Mapping video.$auto$alumacc.cc:548:replace_alu$2314.slice[0].carry ($lut).
Mapping video.$auto$alumacc.cc:548:replace_alu$2317.slice[0].carry ($lut).
Mapping video.$auto$alumacc.cc:548:replace_alu$2317.slice[3].carry ($lut).
Mapping video.$auto$alumacc.cc:548:replace_alu$2317.slice[6].carry ($lut).
Mapping video.$auto$alumacc.cc:548:replace_alu$2320.slice[0].carry ($lut).
Mapping video.$auto$alumacc.cc:548:replace_alu$2326.slice[0].carry ($lut).
Mapping video.$auto$alumacc.cc:548:replace_alu$2329.slice[0].carry ($lut).
Mapping video.$auto$alumacc.cc:548:replace_alu$2332.slice[0].carry ($lut).
Mapping video.$auto$alumacc.cc:548:replace_alu$2335.slice[0].carry ($lut).
Mapping video.$auto$alumacc.cc:548:replace_alu$2341.slice[0].carry ($lut).
Mapping video.$auto$alumacc.cc:548:replace_alu$2344.slice[0].carry ($lut).
Mapping video.$auto$alumacc.cc:548:replace_alu$2347.slice[0].carry ($lut).
Mapping video.$auto$alumacc.cc:548:replace_alu$2350.slice[0].carry ($lut).
Mapping video.$auto$alumacc.cc:548:replace_alu$2356.slice[0].carry ($lut).
Mapping video.$auto$alumacc.cc:548:replace_alu$2367.slice[0].carry ($lut).
Mapping video.$auto$alumacc.cc:548:replace_alu$2370.slice[0].carry ($lut).
Mapping video.$auto$alumacc.cc:548:replace_alu$2373.slice[0].carry ($lut).
Mapping video.$auto$alumacc.cc:548:replace_alu$2384.slice[0].carry ($lut).
Mapping video.$auto$alumacc.cc:548:replace_alu$2387.slice[0].carry ($lut).
Mapping video.$auto$alumacc.cc:548:replace_alu$2387.slice[3].carry ($lut).
Mapping video.$auto$alumacc.cc:548:replace_alu$2390.slice[0].carry ($lut).
Mapping video.$auto$alumacc.cc:548:replace_alu$2393.slice[0].carry ($lut).
Mapping video.$auto$alumacc.cc:548:replace_alu$2393.slice[10].carry ($lut).
Mapping video.$auto$alumacc.cc:548:replace_alu$2393.slice[16].carry ($lut).
Mapping video.$auto$alumacc.cc:548:replace_alu$2393.slice[8].carry ($lut).
Mapping video.$auto$alumacc.cc:548:replace_alu$2396.slice[0].carry ($lut).

6.39. Executing ICE40_OPT pass (performing simple optimizations).

6.39.1. Running ICE40 specific optimizations.

6.39.2. Executing OPT_EXPR pass (perform const folding).
Optimizing module video.
<suppressed ~845 debug messages>

6.39.3. Executing OPT_MERGE pass (detect identical cells).
Finding identical cells in module `\video'.
Computing hashes of 2959 cells of `\video'.
Finding duplicate cells in `\video'.
Computing hashes of 2871 cells of `\video'.
Finding duplicate cells in `\video'.
Computing hashes of 2839 cells of `\video'.
Finding duplicate cells in `\video'.
Computing hashes of 2802 cells of `\video'.
Finding duplicate cells in `\video'.
Computing hashes of 2766 cells of `\video'.
Finding duplicate cells in `\video'.
Computing hashes of 2730 cells of `\video'.
Finding duplicate cells in `\video'.
<suppressed ~687 debug messages>
Removed a total of 229 cells.

6.39.4. Executing OPT_DFF pass (perform DFF optimizations).

6.39.5. Executing OPT_CLEAN pass (remove unused cells and wires).
Finding unused cells or wires in module \video..
Removed 3 unused cells and 2369 unused wires.
<suppressed ~5 debug messages>

6.39.6. Rerunning OPT passes. (Removed registers in this run.)

6.39.7. Running ICE40 specific optimizations.

6.39.8. Executing OPT_EXPR pass (perform const folding).
Optimizing module video.
<suppressed ~33 debug messages>

6.39.9. Executing OPT_MERGE pass (detect identical cells).
Finding identical cells in module `\video'.
Computing hashes of 2727 cells of `\video'.
Finding duplicate cells in `\video'.
Computing hashes of 2723 cells of `\video'.
Finding duplicate cells in `\video'.
Computing hashes of 2718 cells of `\video'.
Finding duplicate cells in `\video'.
Computing hashes of 2713 cells of `\video'.
Finding duplicate cells in `\video'.
Computing hashes of 2709 cells of `\video'.
Finding duplicate cells in `\video'.
Computing hashes of 2706 cells of `\video'.
Finding duplicate cells in `\video'.
<suppressed ~63 debug messages>
Removed a total of 21 cells.

6.39.10. Executing OPT_DFF pass (perform DFF optimizations).

6.39.11. Executing OPT_CLEAN pass (remove unused cells and wires).
Finding unused cells or wires in module \video..

6.39.12. Rerunning OPT passes. (Removed registers in this run.)

6.39.13. Running ICE40 specific optimizations.

6.39.14. Executing OPT_EXPR pass (perform const folding).
Optimizing module video.

6.39.15. Executing OPT_MERGE pass (detect identical cells).
Finding identical cells in module `\video'.
Computing hashes of 2706 cells of `\video'.
Finding duplicate cells in `\video'.
Removed a total of 0 cells.

6.39.16. Executing OPT_DFF pass (perform DFF optimizations).

6.39.17. Executing OPT_CLEAN pass (remove unused cells and wires).
Finding unused cells or wires in module \video..

6.39.18. Finished OPT passes. (There is nothing left to do.)

7. Executing TECHMAP pass (map to technology primitives).

7.1. Executing Verilog-2005 frontend: ../panel/ornot2lut.v
Parsing Verilog input from `../panel/ornot2lut.v' to AST representation.
Generating RTLIL representation for module `\map_ornot'.
Generating RTLIL representation for module `\map_andnot'.
Successfully finished Verilog frontend.

7.2. Continuing TECHMAP pass.
Using template map_ornot for cells of type $_ORNOT_.
No more expansions possible.
<suppressed ~5 debug messages>

8. Executing OPT_CLEAN pass (remove unused cells and wires).
Finding unused cells or wires in module \video..
Removed 5 unused cells and 78 unused wires.
<suppressed ~81 debug messages>

9. Executing ABC pass (technology mapping using ABC).

9.1. Summary of detected clock domains:
  2701 cells in clk={ }, en={ }, arst={ }, srst={ }

9.2. Extracting gate netlist of module `\video' to `<abc-temp-dir>/input.blif'..
No matching clock domain found. Not extracting any FF cells.

9.2.1. Executed ABC.
Extracted 2037 gates and 2479 wires to a netlist network with 440 inputs and 286 outputs.
Running ABC script: <abc-temp-dir>/abc.script
ABC: ======== ABC command line "source <abc-temp-dir>/abc.script"
ABC: + read_blif <abc-temp-dir>/input.blif 
ABC: + read_lut <abc-temp-dir>/lutdefs.txt 
ABC: + strash 
ABC: + &get -n 
ABC: + &fraig -x 
ABC: + &put 
ABC: + scorr 
ABC: Warning: The network is combinational (run "fraig" or "fraig_sweep").
ABC: + dc2 
ABC: + dretime 
ABC: + strash 
ABC: + dch -f 
ABC: + if 
ABC: + mfs2 
ABC: + lutpack -S 1 
ABC: + write_blif <abc-temp-dir>/output.blif 

9.2.2. Re-integrating ABC results.
ABC RESULTS:              $lut cells:      685
ABC RESULTS:        internal signals:     1753
ABC RESULTS:           input signals:      440
ABC RESULTS:          output signals:      286
Removing temp directory.
Removing global temp directory.

10. Executing ICE40_WRAPCARRY pass (wrap carries).

11. Executing TECHMAP pass (map to technology primitives).

11.1. Executing Verilog-2005 frontend: C:\oss-cad-suite\bin\../share/yosys/ice40/ff_map.v
Parsing Verilog input from `C:\oss-cad-suite\bin\../share/yosys/ice40/ff_map.v' to AST representation.
Generating RTLIL representation for module `$_DFF_N_'.
Generating RTLIL representation for module `$_DFF_P_'.
Generating RTLIL representation for module `$_DFFE_NP_'.
Generating RTLIL representation for module `$_DFFE_PP_'.
Generating RTLIL representation for module `$_DFF_NP0_'.
Generating RTLIL representation for module `$_DFF_NP1_'.
Generating RTLIL representation for module `$_DFF_PP0_'.
Generating RTLIL representation for module `$_DFF_PP1_'.
Generating RTLIL representation for module `$_DFFE_NP0P_'.
Generating RTLIL representation for module `$_DFFE_NP1P_'.
Generating RTLIL representation for module `$_DFFE_PP0P_'.
Generating RTLIL representation for module `$_DFFE_PP1P_'.
Generating RTLIL representation for module `$_SDFF_NP0_'.
Generating RTLIL representation for module `$_SDFF_NP1_'.
Generating RTLIL representation for module `$_SDFF_PP0_'.
Generating RTLIL representation for module `$_SDFF_PP1_'.
Generating RTLIL representation for module `$_SDFFCE_NP0P_'.
Generating RTLIL representation for module `$_SDFFCE_NP1P_'.
Generating RTLIL representation for module `$_SDFFCE_PP0P_'.
Generating RTLIL representation for module `$_SDFFCE_PP1P_'.
Successfully finished Verilog frontend.

11.2. Continuing TECHMAP pass.
No more expansions possible.
<suppressed ~22 debug messages>
Removed 94 unused cells and 1402 unused wires.

12. Executing OPT_LUT pass (optimize LUTs).
Discovering LUTs.
Number of LUTs:      836
  1-LUT               34
  2-LUT              139
  3-LUT              317
  4-LUT              346
  with \SB_CARRY    (#0)  136
  with \SB_CARRY    (#1)  133

Eliminating LUTs.
Number of LUTs:      836
  1-LUT               34
  2-LUT              139
  3-LUT              317
  4-LUT              346
  with \SB_CARRY    (#0)  136
  with \SB_CARRY    (#1)  133

Combining LUTs.
Number of LUTs:      825
  1-LUT               34
  2-LUT              128
  3-LUT              309
  4-LUT              354
  with \SB_CARRY    (#0)  136
  with \SB_CARRY    (#1)  133

Eliminated 0 LUTs.
Combined 11 LUTs.
<suppressed ~4752 debug messages>

13. Executing SYNTH_ICE40 pass.

13.1. Executing TECHMAP pass (map to technology primitives).

13.1.1. Executing Verilog-2005 frontend: C:\oss-cad-suite\bin\../share/yosys/ice40/cells_map.v
Parsing Verilog input from `C:\oss-cad-suite\bin\../share/yosys/ice40/cells_map.v' to AST representation.
Generating RTLIL representation for module `$lut'.
Successfully finished Verilog frontend.

13.1.2. Continuing TECHMAP pass.
Using template $paramod$lut\WIDTH=32'00000000000000000000000000000010\LUT=4'0100 for cells of type $lut.
Using template $paramod$lut\WIDTH=32'00000000000000000000000000000011\LUT=8'01000000 for cells of type $lut.
Using template $paramod$a59507d273cd827eb6c46c37820d50a1b717efdf$lut for cells of type $lut.
Using template $paramod$fd904e9e35cfd343a9df248824bd3f1408724879$lut for cells of type $lut.
Using template $paramod$lut\WIDTH=32'00000000000000000000000000000001\LUT=2'01 for cells of type $lut.
Using template $paramod$272652f6c6fbe9a75eff76e45cc7e2788835518b$lut for cells of type $lut.
Using template $paramod$571404c0889eaf57f492cb5e37f8acb5df5852f9$lut for cells of type $lut.
Using template $paramod$lut\WIDTH=32'00000000000000000000000000000011\LUT=8'10000000 for cells of type $lut.
Using template $paramod$332a399730bfc61adea04021a76b1c4e4030f37d$lut for cells of type $lut.
Using template $paramod$lut\WIDTH=32'00000000000000000000000000000010\LUT=4'0001 for cells of type $lut.
Using template $paramod$lut\WIDTH=32'00000000000000000000000000000011\LUT=8'11110100 for cells of type $lut.
Using template $paramod$43779580bfffd5d5a9f321249a174febf1dac288$lut for cells of type $lut.
Using template $paramod$59c595af41d4a5cce2d588c3a5f1342749ce7a77$lut for cells of type $lut.
Using template $paramod$lut\WIDTH=32'00000000000000000000000000000010\LUT=4'1000 for cells of type $lut.
Using template $paramod$d4fae2c0d9ad2966369cd4e39b81c71bcd1327c9$lut for cells of type $lut.
Using template $paramod$ba05b8a1a425003df083aea0e69541f5cbdc68f2$lut for cells of type $lut.
Using template $paramod$lut\WIDTH=32'00000000000000000000000000000010\LUT=4'1110 for cells of type $lut.
Using template $paramod$ca1d48527df516f209cb40a6149324209c84bc69$lut for cells of type $lut.
Using template $paramod$lut\WIDTH=32'00000000000000000000000000000011\LUT=8'00010000 for cells of type $lut.
Using template $paramod$lut\WIDTH=32'00000000000000000000000000000011\LUT=8'10110000 for cells of type $lut.
Using template $paramod$df196ed0a1da5c4a58c5e08a1dac304fd3fccaab$lut for cells of type $lut.
Using template $paramod$658b9ed803f0d3d335616d3858b53e0a2522f1e8$lut for cells of type $lut.
Using template $paramod$e06ab2c5532ba6ec8a1fe73f4bc565e03b079c9d$lut for cells of type $lut.
Using template $paramod$c1a19a87ccbbb03d43a72335db63f692ddf82cc1$lut for cells of type $lut.
Using template $paramod$85b779ce5ab505dbf25e5e046fb43ca2b76b878b$lut for cells of type $lut.
Using template $paramod$lut\WIDTH=32'00000000000000000000000000000011\LUT=8'00000111 for cells of type $lut.
Using template $paramod$cdc190b0ebd2871fd44da321a09eaaa34dbc9dac$lut for cells of type $lut.
Using template $paramod$96288e699aa5aef3f78113f3d61a81ccebbd5b8c$lut for cells of type $lut.
Using template $paramod$1bf62ab10e48d71d6497bccacf5c70420c470fe9$lut for cells of type $lut.
Using template $paramod$0de052767abdccc3aefc818722bdc3c7850d25d6$lut for cells of type $lut.
Using template $paramod$6d6beead1425af15cf78b27fd9b11b41b5d4bce8$lut for cells of type $lut.
Using template $paramod$762dcdf49521c1aa2145fa6746ab6d57dd5df22e$lut for cells of type $lut.
Using template $paramod$6e238df02989b317f10820a22773676e71120644$lut for cells of type $lut.
Using template $paramod$21b91398fcb06045043902e1635b9e94c2762f36$lut for cells of type $lut.
Using template $paramod$f2ae9a4085e3a3ca0a015825e5717e2429eb72fb$lut for cells of type $lut.
Using template $paramod$dd7810e465ceadc87ff5a3de58279b33310c4023$lut for cells of type $lut.
Using template $paramod$fd1e68d43235621014e35437b4508a97628b7e8f$lut for cells of type $lut.
Using template $paramod$8b24407096beec47292ddeb1567a058197a320b9$lut for cells of type $lut.
Using template $paramod$38f9bf4dd2329347b8471f0a98443dd323386889$lut for cells of type $lut.
Using template $paramod$04b674496422df8889c01c3744b94097628ccfbc$lut for cells of type $lut.
Using template $paramod$lut\WIDTH=32'00000000000000000000000000000011\LUT=8'10011111 for cells of type $lut.
Using template $paramod$lut\WIDTH=32'00000000000000000000000000000011\LUT=8'11000101 for cells of type $lut.
Using template $paramod$3039c7f41767c4672f4e3f22ad78f16d42720fbf$lut for cells of type $lut.
Using template $paramod$lut\WIDTH=32'00000000000000000000000000000011\LUT=8'00110101 for cells of type $lut.
Using template $paramod$2d8ecce5c907513cebcd38ab5efe0fc26fc03464$lut for cells of type $lut.
Using template $paramod$243c00f5eb9faa1d5ce3478fdc389a56070781f8$lut for cells of type $lut.
Using template $paramod$lut\WIDTH=32'00000000000000000000000000000011\LUT=8'11010000 for cells of type $lut.
Using template $paramod$lut\WIDTH=32'00000000000000000000000000000011\LUT=8'01110000 for cells of type $lut.
Using template $paramod$044e8b1893c94f717651c5cd428e71c892566f52$lut for cells of type $lut.
Using template $paramod$c24ed72ebb67e9ead6029e42e909ef7fc0abbb11$lut for cells of type $lut.
Using template $paramod$a4df2b5be2b644499880e088a11556935f22b401$lut for cells of type $lut.
Using template $paramod$6b0849254d6c87461fb93e37cc18f089f61eb912$lut for cells of type $lut.
Using template $paramod$11ec7271d8e6e5aeaace08c13e4c601f10e31038$lut for cells of type $lut.
Using template $paramod$179512a187da069f3b79ef6612a41e494e7d54b6$lut for cells of type $lut.
Using template $paramod$d53578aacfd93124244778d88be0e90eb09c1b1b$lut for cells of type $lut.
Using template $paramod$lut\WIDTH=32'00000000000000000000000000000011\LUT=8'11110001 for cells of type $lut.
Using template $paramod$b22e1de0c50840dcbbf24001663ffaaba9d5d7b8$lut for cells of type $lut.
Using template $paramod$c35ad3063d5038410210ddc72c1fd5fed46413b4$lut for cells of type $lut.
Using template $paramod$fccccf8bb2add7667329c686feec7546eb9a3ae3$lut for cells of type $lut.
Using template $paramod$25d6aafe0e816a77d47a1092a091c923c76e5f3c$lut for cells of type $lut.
Using template $paramod$lut\WIDTH=32'00000000000000000000000000000011\LUT=8'01011100 for cells of type $lut.
Using template $paramod$d6cf0a4b6f6ccd87588da28c41b5b6c258da2509$lut for cells of type $lut.
Using template $paramod$b93d1ea7a612a32c185108f67a153d44ffb9aac2$lut for cells of type $lut.
Using template $paramod$441de597d9318495d3225f370c9f7379b3b0fd0d$lut for cells of type $lut.
Using template $paramod$d0bf26260eea0e8530fb2e72eb38c60e28a47da8$lut for cells of type $lut.
Using template $paramod$lut\WIDTH=32'00000000000000000000000000000011\LUT=8'00001101 for cells of type $lut.
Using template $paramod$lut\WIDTH=32'00000000000000000000000000000011\LUT=8'11001010 for cells of type $lut.
Using template $paramod$lut\WIDTH=32'00000000000000000000000000000011\LUT=8'10101100 for cells of type $lut.
Using template $paramod$973818279bc95792902f3c09371fd2407d04a2a5$lut for cells of type $lut.
Using template $paramod$lut\WIDTH=32'00000000000000000000000000000011\LUT=8'11111110 for cells of type $lut.
Using template $paramod$70ebb6cf5bc7d63c5c1a98ccefefa2af79e8f2a9$lut for cells of type $lut.
Using template $paramod$lut\WIDTH=32'00000000000000000000000000000011\LUT=8'00111010 for cells of type $lut.
Using template $paramod$4da2782c2e024b3eded45331a6607870b9d0254f$lut for cells of type $lut.
Using template $paramod$774861bf9b1885d60265e6ddea1c95a32f095489$lut for cells of type $lut.
Using template $paramod$lut\WIDTH=32'00000000000000000000000000000011\LUT=8'11101111 for cells of type $lut.
Using template $paramod$bba54c1ef87367812b4c15f4aed5ac70773df775$lut for cells of type $lut.
Using template $paramod$8b5cfd51a136f15086c81819c3ac4e80128b684d$lut for cells of type $lut.
Using template $paramod$a3d9d50a26c80b5c42d9b864ac52f329113a426e$lut for cells of type $lut.
Using template $paramod$8c24dc0cdd336b7fb88bbf7eed45cec5cbae862b$lut for cells of type $lut.
Using template $paramod$lut\WIDTH=32'00000000000000000000000000000011\LUT=8'00001110 for cells of type $lut.
Using template $paramod$lut\WIDTH=32'00000000000000000000000000000011\LUT=8'10010000 for cells of type $lut.
Using template $paramod$2d07c1a6c53c7b878509360922c4fa5ebedc3011$lut for cells of type $lut.
Using template $paramod$052ca015f1400ebf950f85d5f181f7a5865c336c$lut for cells of type $lut.
Using template $paramod$81d8a60fd95b1a9f9ef71c12a774ae6988cb9fd5$lut for cells of type $lut.
Using template $paramod$f3e1547c4b47e64c590e75cf09078b2507c8cc75$lut for cells of type $lut.
Using template $paramod$baa939b0bd5b3e0c8760492528669bd58f640542$lut for cells of type $lut.
Using template $paramod$6e3b22478ca21c5590744f2e30b92938c4d90996$lut for cells of type $lut.
Using template $paramod$a50be0e6fa3a01511bb234559cb74fb8bd3e2061$lut for cells of type $lut.
Using template $paramod$71d951b20e73043168c1656217d126e617052faa$lut for cells of type $lut.
Using template $paramod$c471af5667a682bd131a5b479e58e470d1b2b7cd$lut for cells of type $lut.
Using template $paramod$ef26adabe6060e01077b576cfe34e95e55a26aef$lut for cells of type $lut.
Using template $paramod$lut\WIDTH=32'00000000000000000000000000000010\LUT=4'0111 for cells of type $lut.
Using template $paramod$lut\WIDTH=32'00000000000000000000000000000010\LUT=4'1001 for cells of type $lut.
Using template $paramod$adac5163f2ca606e303e4fcb6e4ac1a8cfe9825d$lut for cells of type $lut.
Using template $paramod$fb5ee0bdef1c4e74aaf1fd8efae98b46a2f5e564$lut for cells of type $lut.
Using template $paramod$lut\WIDTH=32'00000000000000000000000000000011\LUT=8'10001111 for cells of type $lut.
Using template $paramod$36994c96b66e9c4b03f88a6b64102f471c2e279f$lut for cells of type $lut.
Using template $paramod$8e7b442f2d5eec65d5f77efee7ed9f69f27234d6$lut for cells of type $lut.
Using template $paramod$44587907eb547902863ad65ee925d87164ab0cc4$lut for cells of type $lut.
Using template $paramod$b297295e19b03521716155b85537bbe86d6a9ae6$lut for cells of type $lut.
Using template $paramod$29efac76d051b4f358aefe0ee677d70410b9597e$lut for cells of type $lut.
Using template $paramod$a44bfc089ebe40b83c2c06bb965c500df992ecfb$lut for cells of type $lut.
Using template $paramod$164bdefb5d1c06a6528ecdb35b429071950e50d7$lut for cells of type $lut.
Using template $paramod$ad498e625474ac4669814135092d9e5967a65c4b$lut for cells of type $lut.
Using template $paramod$12879138d1e376f344e47ea40be66b776233be75$lut for cells of type $lut.
Using template $paramod$a670b08a47dd8a34f954c50cd06e9996d77e8467$lut for cells of type $lut.
Using template $paramod$348ced7bf8801e3190af0eb3d166b5ae31f33183$lut for cells of type $lut.
Using template $paramod$fd0c475e3e6f20ad225673464af09a8de603ab71$lut for cells of type $lut.
Using template $paramod$e61d278ed20261a96469fefb3825b88c192ad950$lut for cells of type $lut.
Using template $paramod$bb07aa4c6c95211b927837b9073769ffabb3aaa5$lut for cells of type $lut.
Using template $paramod$0a94662b0161fc067fc2a1123fd5ac94da2ec1db$lut for cells of type $lut.
Using template $paramod$de3d8c0ac9a85f776878d56395b6e0bf04ae72e7$lut for cells of type $lut.
Using template $paramod$bdb7f9ed72fd4f5c7ad81c376f2d8a5c72a0098d$lut for cells of type $lut.
Using template $paramod$e49f6e3576ef1a6d2f58c54414dbb786af8cc869$lut for cells of type $lut.
Using template $paramod$aff3a645bb9f572421a4f0f49cf8987ceb4bcdc5$lut for cells of type $lut.
Using template $paramod$4613ac811d54a7344e5fa56d51722e82a64ecb8c$lut for cells of type $lut.
Using template $paramod$lut\WIDTH=32'00000000000000000000000000000011\LUT=8'00000001 for cells of type $lut.
Using template $paramod$8cc1d9190eee0e7f03980e56a6daf286bc7b3911$lut for cells of type $lut.
Using template $paramod$19ec49f31a8d230a567aa44ce3ea81a03c101e2b$lut for cells of type $lut.
Using template $paramod$a8b2b0f3a3fd7b01c99e8d61bb72f602bd41af54$lut for cells of type $lut.
Using template $paramod$f6718da5409ec8636fab31113c774a3123f56b0b$lut for cells of type $lut.
Using template $paramod$1643bd680282fdf2003b943625f1c81075de7a59$lut for cells of type $lut.
Using template $paramod$lut\WIDTH=32'00000000000000000000000000000011\LUT=8'11100000 for cells of type $lut.
Using template $paramod$5fcaec7b52888f732fde731e662aaf5780c5f381$lut for cells of type $lut.
Using template $paramod$d7c58189ac9f8b5907ead96072bf116760617c71$lut for cells of type $lut.
Using template $paramod$3204210736873ef5d53b95f3dbe4714b354f9351$lut for cells of type $lut.
Using template $paramod$7a9d9396461df152f697894fa3b294ad1b285e08$lut for cells of type $lut.
Using template $paramod$lut\WIDTH=32'00000000000000000000000000000011\LUT=8'00101100 for cells of type $lut.
Using template $paramod$f954e9541d9540cae01e18826c514df45c2673dd$lut for cells of type $lut.
Using template $paramod$f63fe32f78d5f3c5de711945c592c8c5ec2303ae$lut for cells of type $lut.
Using template $paramod$9140e8778d70c73267d16a31702cb8bf43684a0c$lut for cells of type $lut.
Using template $paramod$lut\WIDTH=32'00000000000000000000000000000010\LUT=4'1011 for cells of type $lut.
Using template $paramod$da2f95476331ffa2143f8212db8aff730de806a0$lut for cells of type $lut.
Using template $paramod$ff0f972b3e6cb20e7806735af0c7f4418bd5d349$lut for cells of type $lut.
Using template $paramod$9d53d1c8974e3863645d160da18ba6deff54db12$lut for cells of type $lut.
Using template $paramod$50666a8f9d622ca1f027a4587dfd5f2a7d8810c9$lut for cells of type $lut.
Using template $paramod$lut\WIDTH=32'00000000000000000000000000000011\LUT=8'10111111 for cells of type $lut.
Using template $paramod$lut\WIDTH=32'00000000000000000000000000000011\LUT=8'11111000 for cells of type $lut.
Using template $paramod$3e27c7f584657c61690dac9538f4900ce23f9010$lut for cells of type $lut.
Using template $paramod$7d3cbfc289ec00e0691f33de08826f2254fca668$lut for cells of type $lut.
Using template $paramod$bb4fff1cc3b827238aa40993cafede1c5beecbe3$lut for cells of type $lut.
Using template $paramod$c5f3c57a6d466a2f42208bafb8985b96ce884440$lut for cells of type $lut.
Using template $paramod$f7512d1c3725e7b1ea40a1d0feb270d4c3a81964$lut for cells of type $lut.
Using template $paramod$lut\WIDTH=32'00000000000000000000000000000010\LUT=4'0110 for cells of type $lut.
Using template $paramod$lut\WIDTH=32'00000000000000000000000000000011\LUT=8'11100001 for cells of type $lut.
Using template $paramod$054ed57e5dcca76e2c3a3834b394c52525d949ec$lut for cells of type $lut.
Using template $paramod$lut\WIDTH=32'00000000000000000000000000000011\LUT=8'00011110 for cells of type $lut.
Using template $paramod$d7f4570f04f68175b1fa25c1bac92938027a2c96$lut for cells of type $lut.
Using template $paramod$8c5b7259c9d9cd17395950154a06a8b3c48fdd5f$lut for cells of type $lut.
Using template $paramod$6b6967672cddfbe12dea2c030f112bffb1ec18d1$lut for cells of type $lut.
Using template $paramod$a86299e9fbfd5faf85d540b9af0e759bc8421f9c$lut for cells of type $lut.
Using template $paramod$lut\WIDTH=32'00000000000000000000000000000011\LUT=8'01001111 for cells of type $lut.
Using template $paramod$cde3aa23c1efa60a470cf0f0281347d6ba585afa$lut for cells of type $lut.
Using template $paramod$ae9b8abdb4f811ce37985dd5106af9cd21223954$lut for cells of type $lut.
Using template $paramod$b4f85a6321a00b090afc4e21d68e7b99eb94d149$lut for cells of type $lut.
Using template $paramod$ecf9cac817e9cbb222dc9e58a122faf05f34c860$lut for cells of type $lut.
Using template $paramod$b4f15f202f50520dbc381cd0880ac94f830f05a8$lut for cells of type $lut.
Using template $paramod$05f19d9c2311a3d1ab38ece311a1bb9f96c62043$lut for cells of type $lut.
Using template $paramod$722bfd9af0ae56ca9d1d12a221cb5ede16461f26$lut for cells of type $lut.
No more expansions possible.
<suppressed ~2577 debug messages>
Removed 0 unused cells and 1815 unused wires.

13.2. Executing AUTONAME pass.
Renamed 2048 objects in module video.
<suppressed ~2048 debug messages>

13.3. Executing HIERARCHY pass (managing design hierarchy).
Attribute `top' found on module `video'. Setting top module to video.

13.3.1. Analyzing design hierarchy..
Top module:  \video

13.3.2. Analyzing design hierarchy..
Top module:  \video
Removed 0 unused modules.

13.4. Printing statistics.

=== video ===

        +----------Local Count, excluding submodules.
        | 
      675 wires
     2453 wire bits
      675 public wires
     2453 public wire bits
       22 ports
       46 port bits
       11 cells
        8   $_TBUF_
        1   SB_GB
        2   SB_RAM40_4K
     1454 submodules
      204   SB_CARRY
       61   SB_DFF
      228   SB_DFFE
       85   SB_DFFESR
       14   SB_DFFESS
       37   SB_DFFSR
      825   SB_LUT4

=== design hierarchy ===

        +----------Count including submodules.
        | 
       11 video

        +----------Count including submodules.
        | 
      675 wires
     2453 wire bits
      675 public wires
     2453 public wire bits
       22 ports
       46 port bits
        - memories
        - memory bits
        - processes
       11 cells
        8   $_TBUF_
        1   SB_GB
        2   SB_RAM40_4K
     1454 submodules
      204   SB_CARRY
       61   SB_DFF
      228   SB_DFFE
       85   SB_DFFESR
       14   SB_DFFESS
       37   SB_DFFSR
      825   SB_LUT4

13.5. Executing CHECK pass (checking for obvious problems).
Checking module video...
Found and reported 0 problems.

14. Executing JSON backend.

15. Printing statistics.

=== video ===

        +----------Local Count, excluding submodules.
        | 
      675 wires
     2453 wire bits
      675 public wires
     2453 public wire bits
       22 ports
       46 port bits
     1465 cells
        8   $_TBUF_
      204   SB_CARRY
       61   SB_DFF
      228   SB_DFFE
       85   SB_DFFESR
       14   SB_DFFESS
       37   SB_DFFSR
        1   SB_GB
      825   SB_LUT4
        2   SB_RAM40_4K

Warnings: 1 unique messages, 1 total
End of script. Logfile hash: 04aef6cb27
Yosys 0.69+71 (git sha1 150c32b03-dirty, Release, GNU /usr/bin/x86_64-w64-mingw32-g++ 15.2.1)
Time spent: 1% 44x opt_expr (0 sec), 1% 31x opt_clean (0 sec), ...
