
-- Executing script file `synth.ys' --

1. Executing Verilog-2005 frontend: panel.v
Parsing SystemVerilog input from `panel.v' to AST representation.
Generating RTLIL representation for module `\panel'.
Successfully finished Verilog frontend.

2. Executing SYNTH_ICE40 pass.

2.1. Executing Verilog-2005 frontend: C:\oss-cad-suite\bin\../share/yosys/ice40/cells_sim.v
Parsing Verilog input from `C:\oss-cad-suite\bin\../share/yosys/ice40/cells_sim.v' to AST representation.
Generating RTLIL representation for module `\SB_IO'.
Generating RTLIL representation for module `\SB_GB_IO'.
Generating RTLIL representation for module `\SB_GB'.
Generating RTLIL representation for module `\SB_LUT4'.
Generating RTLIL representation for module `\SB_CARRY'.
Generating RTLIL representation for module `\SB_DFF'.
Generating RTLIL representation for module `\SB_DFFE'.
Generating RTLIL representation for module `\SB_DFFSR'.
Generating RTLIL representation for module `\SB_DFFR'.
Generating RTLIL representation for module `\SB_DFFSS'.
Generating RTLIL representation for module `\SB_DFFS'.
Generating RTLIL representation for module `\SB_DFFESR'.
Generating RTLIL representation for module `\SB_DFFER'.
Generating RTLIL representation for module `\SB_DFFESS'.
Generating RTLIL representation for module `\SB_DFFES'.
Generating RTLIL representation for module `\SB_DFFN'.
Generating RTLIL representation for module `\SB_DFFNE'.
Generating RTLIL representation for module `\SB_DFFNSR'.
Generating RTLIL representation for module `\SB_DFFNR'.
Generating RTLIL representation for module `\SB_DFFNSS'.
Generating RTLIL representation for module `\SB_DFFNS'.
Generating RTLIL representation for module `\SB_DFFNESR'.
Generating RTLIL representation for module `\SB_DFFNER'.
Generating RTLIL representation for module `\SB_DFFNESS'.
Generating RTLIL representation for module `\SB_DFFNES'.
Generating RTLIL representation for module `\SB_RAM40_4K'.
Generating RTLIL representation for module `\SB_RAM40_4KNR'.
Generating RTLIL representation for module `\SB_RAM40_4KNW'.
Generating RTLIL representation for module `\SB_RAM40_4KNRNW'.
Generating RTLIL representation for module `\ICESTORM_LC'.
Generating RTLIL representation for module `\SB_PLL40_CORE'.
Generating RTLIL representation for module `\SB_PLL40_PAD'.
Generating RTLIL representation for module `\SB_PLL40_2_PAD'.
Generating RTLIL representation for module `\SB_PLL40_2F_CORE'.
Generating RTLIL representation for module `\SB_PLL40_2F_PAD'.
Generating RTLIL representation for module `\SB_WARMBOOT'.
Generating RTLIL representation for module `\SB_SPRAM256KA'.
Generating RTLIL representation for module `\SB_HFOSC'.
Generating RTLIL representation for module `\SB_LFOSC'.
Generating RTLIL representation for module `\SB_RGBA_DRV'.
Generating RTLIL representation for module `\SB_LED_DRV_CUR'.
Generating RTLIL representation for module `\SB_RGB_DRV'.
Generating RTLIL representation for module `\SB_I2C'.
Generating RTLIL representation for module `\SB_SPI'.
Generating RTLIL representation for module `\SB_LEDDA_IP'.
Generating RTLIL representation for module `\SB_FILTER_50NS'.
Generating RTLIL representation for module `\SB_IO_I3C'.
Generating RTLIL representation for module `\SB_IO_OD'.
Generating RTLIL representation for module `\SB_MAC16'.
Generating RTLIL representation for module `\ICESTORM_RAM'.
Successfully finished Verilog frontend.

2.2. Executing HIERARCHY pass (managing design hierarchy).

2.2.1. Analyzing design hierarchy..
Top module:  \panel

2.2.2. Analyzing design hierarchy..
Top module:  \panel
Removed 0 unused modules.

2.3. Executing PROC pass (convert processes to netlists).

2.3.1. Executing PROC_CLEAN pass (remove empty switches from decision trees).
Found and cleaned up 1 empty switch in `\panel.$proc$panel.v:154$38'.
Cleaned up 1 empty switch.

2.3.2. Executing PROC_RMDEAD pass (remove dead branches from decision trees).
Marked 1 switch rules as full_case in process $proc$panel.v:154$38 in module panel.
Marked 9 switch rules as full_case in process $proc$panel.v:118$15 in module panel.
Marked 2 switch rules as full_case in process $proc$panel.v:94$14 in module panel.
Marked 1 switch rules as full_case in process $proc$panel.v:66$13 in module panel.
Marked 1 switch rules as full_case in process $proc$panel.v:41$5 in module panel.
Removed a total of 0 dead cases.

2.3.3. Executing PROC_PRUNE pass (remove redundant assignments in processes).
Removed 2 redundant assignments.
Promoted 24 assignments to connections.

2.3.4. Executing PROC_INIT pass (extract init attributes).
Found init rule in `\panel.$proc$panel.v:60$79'.
  Set init value: \rgb = 3'000
Found init rule in `\panel.$proc$panel.v:59$78'.
  Set init value: \tick_div = 8'00000000
Found init rule in `\panel.$proc$panel.v:58$77'.
  Set init value: \scan_row = 6'000000
Found init rule in `\panel.$proc$panel.v:57$76'.
  Set init value: \phase = 8'00000000
Found init rule in `\panel.$proc$panel.v:56$75'.
  Set init value: \color = 2'00
Found init rule in `\panel.$proc$panel.v:55$74'.
  Set init value: \config_index = 5'00000
Found init rule in `\panel.$proc$panel.v:54$73'.
  Set init value: \count = 16'0000000000000000
Found init rule in `\panel.$proc$panel.v:53$72'.
  Set init value: \state = 4'0000
Found init rule in `\panel.$proc$panel.v:40$71'.
  Set init value: \uart_bit = 5'00000
Found init rule in `\panel.$proc$panel.v:39$70'.
  Set init value: \uart_div = 13'0000000000000
Found init rule in `\panel.$proc$panel.v:34$69'.
  Set init value: \configured = 1'0
Found init rule in `\panel.$proc$panel.v:33$68'.
  Set init value: \heartbeat = 27'000000000000000000000000000
Found init rule in `\panel.$proc$panel.v:24$67'.
  Set init value: \div = 2'00
Found init rule in `\panel.$proc$panel.v:20$66'.
  Set init value: \A = 1'0
  Set init value: \B = 1'0
  Set init value: \C = 1'0
  Set init value: \LAT = 1'0
  Set init value: \SCLK = 1'0
  Set init value: \OE = 1'0

2.3.5. Executing PROC_ARST pass (detect async resets in processes).

2.3.6. Executing PROC_ROM pass (convert switches to ROMs).
Converted 1 switch.
<suppressed ~19 debug messages>

2.3.7. Executing PROC_MUX pass (convert decision trees to multiplexers).
Creating decoders for process `\panel.$proc$panel.v:60$79'.
Creating decoders for process `\panel.$proc$panel.v:59$78'.
Creating decoders for process `\panel.$proc$panel.v:58$77'.
Creating decoders for process `\panel.$proc$panel.v:57$76'.
Creating decoders for process `\panel.$proc$panel.v:56$75'.
Creating decoders for process `\panel.$proc$panel.v:55$74'.
Creating decoders for process `\panel.$proc$panel.v:54$73'.
Creating decoders for process `\panel.$proc$panel.v:53$72'.
Creating decoders for process `\panel.$proc$panel.v:40$71'.
Creating decoders for process `\panel.$proc$panel.v:39$70'.
Creating decoders for process `\panel.$proc$panel.v:34$69'.
Creating decoders for process `\panel.$proc$panel.v:33$68'.
Creating decoders for process `\panel.$proc$panel.v:24$67'.
Creating decoders for process `\panel.$proc$panel.v:20$66'.
Creating decoders for process `\panel.$proc$panel.v:154$38'.
     1/6: $0\rgb[2:0]
     2/6: $0\OE[0:0]
     3/6: $0\LAT[0:0]
     4/6: $0\C[0:0]
     5/6: $0\B[0:0]
     6/6: $0\A[0:0]
Creating decoders for process `\panel.$proc$panel.v:118$15'.
     1/9: $0\tick_div[7:0]
     2/9: $0\scan_row[5:0]
     3/9: $0\phase[7:0]
     4/9: $0\color[1:0]
     5/9: $0\config_index[4:0]
     6/9: $0\count[15:0]
     7/9: $0\state[3:0]
     8/9: $0\configured[0:0]
     9/9: $0\SCLK[0:0]
Creating decoders for process `\panel.$proc$panel.v:94$14'.
     1/2: $1\word[15:0]
     2/2: $1\length[15:0]
Creating decoders for process `\panel.$proc$panel.v:66$13'.
     1/1: $1\config_word[15:0]
Creating decoders for process `\panel.$proc$panel.v:41$5'.
     1/2: $0\uart_div[12:0]
     2/2: $0\uart_bit[4:0]
Creating decoders for process `\panel.$proc$panel.v:35$3'.
Creating decoders for process `\panel.$proc$panel.v:25$1'.

2.3.8. Executing PROC_DLATCH pass (convert process syncs to latches).
No latch inferred for signal `\panel.\word' from process `\panel.$proc$panel.v:94$14'.
No latch inferred for signal `\panel.\length' from process `\panel.$proc$panel.v:94$14'.
No latch inferred for signal `\panel.\config_word' from process `\panel.$proc$panel.v:66$13'.

2.3.9. Executing PROC_DFF pass (convert process syncs to FFs).
Creating register for signal `\panel.\A' using process `\panel.$proc$panel.v:154$38'.
  created $dff cell `$procdff$672' with positive edge clock.
Creating register for signal `\panel.\B' using process `\panel.$proc$panel.v:154$38'.
  created $dff cell `$procdff$673' with positive edge clock.
Creating register for signal `\panel.\C' using process `\panel.$proc$panel.v:154$38'.
  created $dff cell `$procdff$674' with positive edge clock.
Creating register for signal `\panel.\LAT' using process `\panel.$proc$panel.v:154$38'.
  created $dff cell `$procdff$675' with positive edge clock.
Creating register for signal `\panel.\OE' using process `\panel.$proc$panel.v:154$38'.
  created $dff cell `$procdff$676' with positive edge clock.
Creating register for signal `\panel.\rgb' using process `\panel.$proc$panel.v:154$38'.
  created $dff cell `$procdff$677' with positive edge clock.
Creating register for signal `\panel.\SCLK' using process `\panel.$proc$panel.v:118$15'.
  created $dff cell `$procdff$678' with positive edge clock.
Creating register for signal `\panel.\configured' using process `\panel.$proc$panel.v:118$15'.
  created $dff cell `$procdff$679' with positive edge clock.
Creating register for signal `\panel.\state' using process `\panel.$proc$panel.v:118$15'.
  created $dff cell `$procdff$680' with positive edge clock.
Creating register for signal `\panel.\count' using process `\panel.$proc$panel.v:118$15'.
  created $dff cell `$procdff$681' with positive edge clock.
Creating register for signal `\panel.\config_index' using process `\panel.$proc$panel.v:118$15'.
  created $dff cell `$procdff$682' with positive edge clock.
Creating register for signal `\panel.\color' using process `\panel.$proc$panel.v:118$15'.
  created $dff cell `$procdff$683' with positive edge clock.
Creating register for signal `\panel.\phase' using process `\panel.$proc$panel.v:118$15'.
  created $dff cell `$procdff$684' with positive edge clock.
Creating register for signal `\panel.\scan_row' using process `\panel.$proc$panel.v:118$15'.
  created $dff cell `$procdff$685' with positive edge clock.
Creating register for signal `\panel.\tick_div' using process `\panel.$proc$panel.v:118$15'.
  created $dff cell `$procdff$686' with positive edge clock.
Creating register for signal `\panel.\uart_div' using process `\panel.$proc$panel.v:41$5'.
  created $dff cell `$procdff$687' with positive edge clock.
Creating register for signal `\panel.\uart_bit' using process `\panel.$proc$panel.v:41$5'.
  created $dff cell `$procdff$688' with positive edge clock.
Creating register for signal `\panel.\heartbeat' using process `\panel.$proc$panel.v:35$3'.
  created $dff cell `$procdff$689' with positive edge clock.
Creating register for signal `\panel.\div' using process `\panel.$proc$panel.v:25$1'.
  created $dff cell `$procdff$690' with positive edge clock.

2.3.10. Executing PROC_MEMWR pass (convert process memory writes to cells).

2.3.11. Executing PROC_CLEAN pass (remove empty switches from decision trees).
Removing empty process `panel.$proc$panel.v:60$79'.
Removing empty process `panel.$proc$panel.v:59$78'.
Removing empty process `panel.$proc$panel.v:58$77'.
Removing empty process `panel.$proc$panel.v:57$76'.
Removing empty process `panel.$proc$panel.v:56$75'.
Removing empty process `panel.$proc$panel.v:55$74'.
Removing empty process `panel.$proc$panel.v:54$73'.
Removing empty process `panel.$proc$panel.v:53$72'.
Removing empty process `panel.$proc$panel.v:40$71'.
Removing empty process `panel.$proc$panel.v:39$70'.
Removing empty process `panel.$proc$panel.v:34$69'.
Removing empty process `panel.$proc$panel.v:33$68'.
Removing empty process `panel.$proc$panel.v:24$67'.
Removing empty process `panel.$proc$panel.v:20$66'.
Found and cleaned up 5 empty switches in `\panel.$proc$panel.v:154$38'.
Removing empty process `panel.$proc$panel.v:154$38'.
Found and cleaned up 11 empty switches in `\panel.$proc$panel.v:118$15'.
Removing empty process `panel.$proc$panel.v:118$15'.
Found and cleaned up 2 empty switches in `\panel.$proc$panel.v:94$14'.
Removing empty process `panel.$proc$panel.v:94$14'.
Found and cleaned up 1 empty switch in `\panel.$proc$panel.v:66$13'.
Removing empty process `panel.$proc$panel.v:66$13'.
Found and cleaned up 1 empty switch in `\panel.$proc$panel.v:41$5'.
Removing empty process `panel.$proc$panel.v:41$5'.
Removing empty process `panel.$proc$panel.v:35$3'.
Removing empty process `panel.$proc$panel.v:25$1'.
Cleaned up 20 empty switches.

2.3.12. Executing OPT_EXPR pass (perform const folding).
Optimizing module panel.
<suppressed ~11 debug messages>

2.4. Executing CHECK pass (checking for obvious problems).
Checking module panel...
Found and reported 0 problems.

2.5. Executing FLATTEN pass (flatten design).

2.6. Executing TRIBUF pass.

2.7. Executing DEMINOUT pass (demote inout ports to input or output).

2.8. Executing OPT_EXPR pass (perform const folding).
Optimizing module panel.
<suppressed ~2 debug messages>

2.9. Executing CHECK pass (checking for obvious problems).
Checking module panel...
Found and reported 0 problems.

2.10. Executing OPT_CLEAN pass (remove unused cells and wires).
Finding unused cells or wires in module \panel..
Removed 1 unused cells and 110 unused wires.
<suppressed ~2 debug messages>

2.11. Executing OPT pass (performing simple optimizations).

2.11.1. Executing OPT_EXPR pass (perform const folding).
Optimizing module panel.

2.11.2. Executing OPT_MERGE pass (detect identical cells).
Finding identical cells in module `\panel'.
Computing hashes of 197 cells of `\panel'.
Finding duplicate cells in `\panel'.
Computing hashes of 161 cells of `\panel'.
Finding duplicate cells in `\panel'.
Computing hashes of 155 cells of `\panel'.
Finding duplicate cells in `\panel'.
<suppressed ~126 debug messages>
Removed a total of 42 cells.

2.11.3. Executing OPT_MUXTREE pass (detect dead branches in mux trees).
Running muxtree optimizer on module \panel..
  Creating internal representation of mux trees.
  Evaluating internal representation of mux trees.
  Analyzing evaluation results.
Removed 0 multiplexer ports.
<suppressed ~100 debug messages>

2.11.4. Executing OPT_REDUCE pass (consolidate $*mux and $reduce_* inputs).
  Optimizing cells in module \panel.
Performed a total of 0 changes.

2.11.5. Executing OPT_MERGE pass (detect identical cells).
Finding identical cells in module `\panel'.
Computing hashes of 155 cells of `\panel'.
Finding duplicate cells in `\panel'.
Removed a total of 0 cells.

2.11.6. Executing OPT_DFF pass (perform DFF optimizations).

2.11.7. Executing OPT_CLEAN pass (remove unused cells and wires).
Finding unused cells or wires in module \panel..
Removed 0 unused cells and 32 unused wires.
<suppressed ~1 debug messages>

2.11.8. Executing OPT_EXPR pass (perform const folding).
Optimizing module panel.

2.11.9. Rerunning OPT passes. (Maybe there is more to do..)

2.11.10. Executing OPT_MUXTREE pass (detect dead branches in mux trees).
Running muxtree optimizer on module \panel..
  Creating internal representation of mux trees.
  Evaluating internal representation of mux trees.
  Analyzing evaluation results.
Removed 0 multiplexer ports.
<suppressed ~100 debug messages>

2.11.11. Executing OPT_REDUCE pass (consolidate $*mux and $reduce_* inputs).
  Optimizing cells in module \panel.
Performed a total of 0 changes.

2.11.12. Executing OPT_MERGE pass (detect identical cells).
Finding identical cells in module `\panel'.
Computing hashes of 155 cells of `\panel'.
Finding duplicate cells in `\panel'.
Removed a total of 0 cells.

2.11.13. Executing OPT_DFF pass (perform DFF optimizations).

2.11.14. Executing OPT_CLEAN pass (remove unused cells and wires).
Finding unused cells or wires in module \panel..

2.11.15. Executing OPT_EXPR pass (perform const folding).
Optimizing module panel.

2.11.16. Finished fast OPT passes. (There is nothing left to do.)

2.12. Executing FSM pass (extract and optimize FSM).

2.12.1. Executing FSM_DETECT pass (finding FSMs in design).

2.12.2. Executing FSM_EXTRACT pass (extracting FSM from design).

2.12.3. Executing FSM_OPT pass (simple optimizations of FSMs).

2.12.4. Executing OPT_CLEAN pass (remove unused cells and wires).
Finding unused cells or wires in module \panel..

2.12.5. Executing FSM_OPT pass (simple optimizations of FSMs).

2.12.6. Executing FSM_RECODE pass (re-assigning FSM state encoding).

2.12.7. Executing FSM_INFO pass (dumping all available information on FSM cells).

2.12.8. Executing FSM_MAP pass (mapping FSMs to basic logic).

2.13. Executing OPT pass (performing simple optimizations).

2.13.1. Executing OPT_EXPR pass (perform const folding).
Optimizing module panel.

2.13.2. Executing OPT_MERGE pass (detect identical cells).
Finding identical cells in module `\panel'.
Computing hashes of 155 cells of `\panel'.
Finding duplicate cells in `\panel'.
Removed a total of 0 cells.

2.13.3. Executing OPT_MUXTREE pass (detect dead branches in mux trees).
Running muxtree optimizer on module \panel..
  Creating internal representation of mux trees.
  Evaluating internal representation of mux trees.
  Analyzing evaluation results.
Removed 0 multiplexer ports.
<suppressed ~100 debug messages>

2.13.4. Executing OPT_REDUCE pass (consolidate $*mux and $reduce_* inputs).
  Optimizing cells in module \panel.
Performed a total of 0 changes.

2.13.5. Executing OPT_MERGE pass (detect identical cells).
Finding identical cells in module `\panel'.
Computing hashes of 155 cells of `\panel'.
Finding duplicate cells in `\panel'.
Removed a total of 0 cells.

2.13.6. Executing OPT_DFF pass (perform DFF optimizations).
Adding EN signal on $procdff$672 ($dff) from module panel (D = $procmux$501_Y, Q = \A).
Adding SRST signal on $auto$ff.cc:337:slice$691 ($dffe) from module panel (D = $logic_and$panel.v:174$51_Y, Q = \A, rval = 1'0).
Adding EN signal on $procdff$673 ($dff) from module panel (D = $procmux$497_Y, Q = \B).
Adding SRST signal on $auto$ff.cc:337:slice$693 ($dffe) from module panel (D = $logic_and$panel.v:175$54_Y, Q = \B, rval = 1'0).
Adding EN signal on $procdff$674 ($dff) from module panel (D = $procmux$493_Y, Q = \C).
Adding SRST signal on $auto$ff.cc:337:slice$695 ($dffe) from module panel (D = $logic_and$panel.v:176$59_Y, Q = \C, rval = 1'0).
Adding EN signal on $procdff$675 ($dff) from module panel (D = $procmux$485_Y, Q = \LAT).
Adding EN signal on $procdff$676 ($dff) from module panel (D = $procmux$478_Y, Q = \OE).
Adding EN signal on $procdff$677 ($dff) from module panel (D = $procmux$473_Y, Q = \rgb).
Adding EN signal on $procdff$678 ($dff) from module panel (D = $procmux$645_Y, Q = \SCLK).
Adding EN signal on $procdff$679 ($dff) from module panel (D = 1'1, Q = \configured).
Adding EN signal on $procdff$680 ($dff) from module panel (D = $procmux$613_Y, Q = \state).
Adding SRST signal on $auto$ff.cc:337:slice$710 ($dffe) from module panel (D = $procmux$610_Y [0], Q = \state [0], rval = 1'1).
Adding SRST signal on $auto$ff.cc:337:slice$710 ($dffe) from module panel (D = { $procmux$607_Y [3] $procmux$607_Y [1] }, Q = { \state [3] \state [1] }, rval = 2'11).
Adding SRST signal on $auto$ff.cc:337:slice$710 ($dffe) from module panel (D = $add$panel.v:138$27_Y [2], Q = \state [2], rval = 1'0).
Adding EN signal on $procdff$681 ($dff) from module panel (D = $procmux$597_Y, Q = \count).
Adding SRST signal on $auto$ff.cc:337:slice$722 ($dffe) from module panel (D = $add$panel.v:139$28_Y, Q = \count, rval = 16'0000000000000000).
Adding EN signal on $procdff$682 ($dff) from module panel (D = $procmux$578_Y, Q = \config_index).
Adding SRST signal on $auto$ff.cc:337:slice$728 ($dffe) from module panel (D = $add$panel.v:137$26_Y, Q = \config_index, rval = 5'00000).
Adding EN signal on $procdff$683 ($dff) from module panel (D = \heartbeat [26:25], Q = \color).
Adding EN signal on $procdff$684 ($dff) from module panel (D = $procmux$549_Y, Q = \phase).
Adding EN signal on $procdff$685 ($dff) from module panel (D = $procmux$526_Y, Q = \scan_row).
Adding SRST signal on $procdff$686 ($dff) from module panel (D = $add$panel.v:150$37_Y, Q = \tick_div, rval = 8'00000000).
Adding SRST signal on $procdff$687 ($dff) from module panel (D = $add$panel.v:45$8_Y, Q = \uart_div, rval = 13'0000000000000).
Adding EN signal on $procdff$688 ($dff) from module panel (D = $add$panel.v:44$7_Y, Q = \uart_bit).

2.13.7. Executing OPT_CLEAN pass (remove unused cells and wires).
Finding unused cells or wires in module \panel..
Removed 44 unused cells and 44 unused wires.
<suppressed ~45 debug messages>

2.13.8. Executing OPT_EXPR pass (perform const folding).
Optimizing module panel.
<suppressed ~2 debug messages>

2.13.9. Rerunning OPT passes. (Maybe there is more to do..)

2.13.10. Executing OPT_MUXTREE pass (detect dead branches in mux trees).
Running muxtree optimizer on module \panel..
  Creating internal representation of mux trees.
  Evaluating internal representation of mux trees.
  Analyzing evaluation results.
Removed 0 multiplexer ports.
<suppressed ~47 debug messages>

2.13.11. Executing OPT_REDUCE pass (consolidate $*mux and $reduce_* inputs).
  Optimizing cells in module \panel.
Performed a total of 0 changes.

2.13.12. Executing OPT_MERGE pass (detect identical cells).
Finding identical cells in module `\panel'.
Computing hashes of 139 cells of `\panel'.
Finding duplicate cells in `\panel'.
Computing hashes of 128 cells of `\panel'.
Finding duplicate cells in `\panel'.
Computing hashes of 126 cells of `\panel'.
Finding duplicate cells in `\panel'.
<suppressed ~39 debug messages>
Removed a total of 13 cells.

2.13.13. Executing OPT_DFF pass (perform DFF optimizations).

2.13.14. Executing OPT_CLEAN pass (remove unused cells and wires).
Finding unused cells or wires in module \panel..
Removed 0 unused cells and 13 unused wires.
<suppressed ~1 debug messages>

2.13.15. Executing OPT_EXPR pass (perform const folding).
Optimizing module panel.

2.13.16. Rerunning OPT passes. (Maybe there is more to do..)

2.13.17. Executing OPT_MUXTREE pass (detect dead branches in mux trees).
Running muxtree optimizer on module \panel..
  Creating internal representation of mux trees.
  Evaluating internal representation of mux trees.
  Analyzing evaluation results.
Removed 0 multiplexer ports.
<suppressed ~47 debug messages>

2.13.18. Executing OPT_REDUCE pass (consolidate $*mux and $reduce_* inputs).
  Optimizing cells in module \panel.
Performed a total of 0 changes.

2.13.19. Executing OPT_MERGE pass (detect identical cells).
Finding identical cells in module `\panel'.
Computing hashes of 126 cells of `\panel'.
Finding duplicate cells in `\panel'.
Removed a total of 0 cells.

2.13.20. Executing OPT_DFF pass (perform DFF optimizations).

2.13.21. Executing OPT_CLEAN pass (remove unused cells and wires).
Finding unused cells or wires in module \panel..

2.13.22. Executing OPT_EXPR pass (perform const folding).
Optimizing module panel.

2.13.23. Finished fast OPT passes. (There is nothing left to do.)

2.14. Executing WREDUCE pass (reducing word size of cells).
Removed top 27 address bits (of 32) from memory init port panel.$auto$mem.cc:351:emit$463 ($auto$proc_rom.cc:155:do_switch$461).
Removed top 1 bits (of 2) from port B of cell panel.$auto$simple.cc:194:make_patterns_logic$753 ($ne).
Removed top 1 bits (of 2) from port B of cell panel.$auto$simple.cc:194:make_patterns_logic$751 ($ne).
Removed top 28 bits (of 32) from port B of cell panel.$lt$panel.v:48$10 ($lt).
Removed top 5 bits (of 8) from port B of cell panel.$eq$panel.v:119$16 ($eq).
Removed top 31 bits (of 32) from port B of cell panel.$sub$panel.v:125$20 ($sub).
Removed top 15 bits (of 32) from port Y of cell panel.$sub$panel.v:125$20 ($sub).
Removed top 1 bits (of 8) from port B of cell panel.$eq$panel.v:142$32 ($eq).
Removed top 1 bits (of 8) from port B of cell panel.$eq$panel.v:144$34 ($eq).
Removed top 2 bits (of 6) from port B of cell panel.$eq$panel.v:145$35 ($eq).
Removed top 30 bits (of 32) from port B of cell panel.$lt$panel.v:161$40 ($lt).
Removed top 28 bits (of 32) from port B of cell panel.$lt$panel.v:162$41 ($lt).
Removed top 28 bits (of 32) from port B of cell panel.$lt$panel.v:163$42 ($lt).
Removed top 26 bits (of 32) from port B of cell panel.$ge$panel.v:166$45 ($ge).
Removed top 25 bits (of 32) from port B of cell panel.$ge$panel.v:170$46 ($ge).
Removed top 25 bits (of 32) from port B of cell panel.$lt$panel.v:170$47 ($lt).
Removed top 25 bits (of 32) from port B of cell panel.$ge$panel.v:174$49 ($ge).
Removed top 25 bits (of 32) from port B of cell panel.$ge$panel.v:176$56 ($ge).
Removed top 25 bits (of 32) from port B of cell panel.$lt$panel.v:176$58 ($lt).
Removed top 28 bits (of 32) from port A of cell panel.$sub$panel.v:180$63 ($sub).
Removed top 27 bits (of 32) from port Y of cell panel.$sub$panel.v:180$63 ($sub).
Removed top 27 bits (of 32) from port B of cell panel.$shiftx$panel.v:180$64 ($shiftx).
Removed top 1 bits (of 2) from port B of cell panel.$procmux$467_CMP0 ($eq).
Removed top 3 bits (of 4) from mux cell panel.$procmux$610 ($mux).
Removed top 1 bits (of 4) from port B of cell panel.$procmux$651_CMP0 ($eq).
Removed top 1 bits (of 4) from port B of cell panel.$procmux$652_CMP0 ($eq).
Removed top 1 bits (of 4) from port B of cell panel.$procmux$653_CMP0 ($eq).
Removed top 1 bits (of 4) from port B of cell panel.$procmux$654_CMP0 ($eq).
Removed top 2 bits (of 4) from port B of cell panel.$procmux$655_CMP0 ($eq).
Removed top 2 bits (of 4) from port B of cell panel.$procmux$662_CMP0 ($eq).
Removed top 3 bits (of 4) from port B of cell panel.$procmux$663_CMP0 ($eq).
Removed top 27 bits (of 32) from port B of cell panel.$shiftx$panel.v:165$44 ($shiftx).
Removed top 3 bits (of 4) from wire panel.$procmux$610_Y.

2.15. Executing PEEPOPT pass (run peephole optimizers).

2.16. Executing OPT_CLEAN pass (remove unused cells and wires).
Finding unused cells or wires in module \panel..
Removed 0 unused cells and 1 unused wires.
<suppressed ~1 debug messages>

2.17. Executing SHARE pass (SAT-based resource sharing).

2.18. Executing TECHMAP pass (map to technology primitives).

2.18.1. Executing Verilog-2005 frontend: C:\oss-cad-suite\bin\../share/yosys/cmp2lut.v
Parsing Verilog input from `C:\oss-cad-suite\bin\../share/yosys/cmp2lut.v' to AST representation.
Generating RTLIL representation for module `\_90_lut_cmp_'.
Successfully finished Verilog frontend.

2.18.2. Continuing TECHMAP pass.
No more expansions possible.
<suppressed ~259 debug messages>

2.19. Executing OPT_EXPR pass (perform const folding).
Optimizing module panel.

2.20. Executing OPT_CLEAN pass (remove unused cells and wires).
Finding unused cells or wires in module \panel..

2.21. Executing ALUMACC pass (create $alu and $macc cells).
Extracting $alu and $macc cells in module panel:
  creating $macc model for $sub$panel.v:180$63 ($sub).
  creating $macc model for $add$panel.v:150$37 ($add).
  creating $macc model for $add$panel.v:146$36 ($add).
  creating $macc model for $add$panel.v:143$33 ($add).
  creating $macc model for $add$panel.v:139$28 ($add).
  creating $macc model for $add$panel.v:138$27 ($add).
  creating $macc model for $add$panel.v:137$26 ($add).
  creating $macc model for $sub$panel.v:125$20 ($sub).
  creating $macc model for $add$panel.v:45$8 ($add).
  creating $macc model for $add$panel.v:44$7 ($add).
  creating $macc model for $add$panel.v:35$4 ($add).
  creating $macc model for $add$panel.v:25$2 ($add).
  creating $alu model for $macc $add$panel.v:25$2.
  creating $alu model for $macc $add$panel.v:35$4.
  creating $alu model for $macc $add$panel.v:44$7.
  creating $alu model for $macc $add$panel.v:45$8.
  creating $alu model for $macc $sub$panel.v:125$20.
  creating $alu model for $macc $add$panel.v:137$26.
  creating $alu model for $macc $add$panel.v:138$27.
  creating $alu model for $macc $add$panel.v:139$28.
  creating $alu model for $macc $add$panel.v:143$33.
  creating $alu model for $macc $add$panel.v:146$36.
  creating $alu model for $macc $add$panel.v:150$37.
  creating $alu model for $macc $sub$panel.v:180$63.
  creating $alu model for $lt$panel.v:176$58 ($lt): new $alu
  creating $alu model for $ge$panel.v:176$56 ($ge): new $alu
  creating $alu model for $ge$panel.v:174$49 ($ge): new $alu
  creating $alu model for $lt$panel.v:170$47 ($lt): new $alu
  creating $alu model for $ge$panel.v:170$46 ($ge): new $alu
  creating $alu model for $ge$panel.v:166$45 ($ge): new $alu
  creating $alu model for $lt$panel.v:163$42 ($lt): new $alu
  creating $alu model for $lt$panel.v:162$41 ($lt): new $alu
  creating $alu model for $lt$panel.v:161$40 ($lt): new $alu
  creating $alu model for $lt$panel.v:48$10 ($lt): new $alu
  creating $alu cell for $lt$panel.v:48$10: $auto$alumacc.cc:548:replace_alu$780
  creating $alu cell for $lt$panel.v:161$40: $auto$alumacc.cc:548:replace_alu$785
  creating $alu cell for $lt$panel.v:162$41: $auto$alumacc.cc:548:replace_alu$790
  creating $alu cell for $lt$panel.v:163$42: $auto$alumacc.cc:548:replace_alu$795
  creating $alu cell for $ge$panel.v:166$45: $auto$alumacc.cc:548:replace_alu$800
  creating $alu cell for $ge$panel.v:170$46: $auto$alumacc.cc:548:replace_alu$813
  creating $alu cell for $lt$panel.v:170$47: $auto$alumacc.cc:548:replace_alu$826
  creating $alu cell for $ge$panel.v:174$49: $auto$alumacc.cc:548:replace_alu$831
  creating $alu cell for $ge$panel.v:176$56: $auto$alumacc.cc:548:replace_alu$844
  creating $alu cell for $lt$panel.v:176$58: $auto$alumacc.cc:548:replace_alu$857
  creating $alu cell for $sub$panel.v:180$63: $auto$alumacc.cc:548:replace_alu$862
  creating $alu cell for $add$panel.v:150$37: $auto$alumacc.cc:548:replace_alu$865
  creating $alu cell for $add$panel.v:146$36: $auto$alumacc.cc:548:replace_alu$868
  creating $alu cell for $add$panel.v:143$33: $auto$alumacc.cc:548:replace_alu$871
  creating $alu cell for $add$panel.v:139$28: $auto$alumacc.cc:548:replace_alu$874
  creating $alu cell for $add$panel.v:138$27: $auto$alumacc.cc:548:replace_alu$877
  creating $alu cell for $add$panel.v:137$26: $auto$alumacc.cc:548:replace_alu$880
  creating $alu cell for $sub$panel.v:125$20: $auto$alumacc.cc:548:replace_alu$883
  creating $alu cell for $add$panel.v:45$8: $auto$alumacc.cc:548:replace_alu$886
  creating $alu cell for $add$panel.v:44$7: $auto$alumacc.cc:548:replace_alu$889
  creating $alu cell for $add$panel.v:35$4: $auto$alumacc.cc:548:replace_alu$892
  creating $alu cell for $add$panel.v:25$2: $auto$alumacc.cc:548:replace_alu$895
  created 22 $alu and 0 $macc cells.

2.22. Executing OPT pass (performing simple optimizations).

2.22.1. Executing OPT_EXPR pass (perform const folding).
Optimizing module panel.
<suppressed ~1 debug messages>

2.22.2. Executing OPT_MERGE pass (detect identical cells).
Finding identical cells in module `\panel'.
Computing hashes of 152 cells of `\panel'.
Finding duplicate cells in `\panel'.
Removed a total of 0 cells.

2.22.3. Executing OPT_MUXTREE pass (detect dead branches in mux trees).
Running muxtree optimizer on module \panel..
  Creating internal representation of mux trees.
  Evaluating internal representation of mux trees.
  Analyzing evaluation results.
Removed 0 multiplexer ports.
<suppressed ~47 debug messages>

2.22.4. Executing OPT_REDUCE pass (consolidate $*mux and $reduce_* inputs).
  Optimizing cells in module \panel.
Performed a total of 0 changes.

2.22.5. Executing OPT_MERGE pass (detect identical cells).
Finding identical cells in module `\panel'.
Computing hashes of 152 cells of `\panel'.
Finding duplicate cells in `\panel'.
Removed a total of 0 cells.

2.22.6. Executing OPT_DFF pass (perform DFF optimizations).

2.22.7. Executing OPT_CLEAN pass (remove unused cells and wires).
Finding unused cells or wires in module \panel..
Removed 1 unused cells and 11 unused wires.
<suppressed ~2 debug messages>

2.22.8. Executing OPT_EXPR pass (perform const folding).
Optimizing module panel.

2.22.9. Rerunning OPT passes. (Maybe there is more to do..)

2.22.10. Executing OPT_MUXTREE pass (detect dead branches in mux trees).
Running muxtree optimizer on module \panel..
  Creating internal representation of mux trees.
  Evaluating internal representation of mux trees.
  Analyzing evaluation results.
Removed 0 multiplexer ports.
<suppressed ~47 debug messages>

2.22.11. Executing OPT_REDUCE pass (consolidate $*mux and $reduce_* inputs).
  Optimizing cells in module \panel.
Performed a total of 0 changes.

2.22.12. Executing OPT_MERGE pass (detect identical cells).
Finding identical cells in module `\panel'.
Computing hashes of 151 cells of `\panel'.
Finding duplicate cells in `\panel'.
Removed a total of 0 cells.

2.22.13. Executing OPT_DFF pass (perform DFF optimizations).

2.22.14. Executing OPT_CLEAN pass (remove unused cells and wires).
Finding unused cells or wires in module \panel..

2.22.15. Executing OPT_EXPR pass (perform const folding).
Optimizing module panel.

2.22.16. Finished fast OPT passes. (There is nothing left to do.)

2.23. Executing MEMORY pass.

2.23.1. Executing OPT_MEM pass (optimize memories).
panel.$auto$proc_rom.cc:155:do_switch$461: removing const-0 lane 15
Performed a total of 1 transformations.

2.23.2. Executing OPT_MEM_PRIORITY pass (removing unnecessary memory write priority relations).
Performed a total of 0 transformations.

2.23.3. Executing OPT_MEM_FEEDBACK pass (finding memory read-to-write feedback paths).

2.23.4. Executing MEMORY_BMUX2ROM pass (converting muxes to ROMs).

2.23.5. Executing MEMORY_DFF pass (merging $dff cells to $memrd).
Checking read port `$auto$proc_rom.cc:155:do_switch$461'[0] in module `\panel': no output FF found.
Checking read port address `$auto$proc_rom.cc:155:do_switch$461'[0] in module `\panel': address FF has fully-defined init value, not supported.

2.23.6. Executing OPT_CLEAN pass (remove unused cells and wires).
Finding unused cells or wires in module \panel..

2.23.7. Executing MEMORY_SHARE pass (consolidating $memrd/$memwr cells).

2.23.8. Executing OPT_MEM_WIDEN pass (optimize memories where all ports are wide).
Performed a total of 0 transformations.

2.23.9. Executing OPT_CLEAN pass (remove unused cells and wires).
Finding unused cells or wires in module \panel..

2.23.10. Executing MEMORY_COLLECT pass (generating $mem cells).

2.24. Executing OPT_CLEAN pass (remove unused cells and wires).
Finding unused cells or wires in module \panel..

2.25. Executing MEMORY_LIBMAP pass (mapping memories to cells).
using FF mapping for memory panel.$auto$proc_rom.cc:155:do_switch$461
<suppressed ~14 debug messages>

2.26. Executing TECHMAP pass (map to technology primitives).

2.26.1. Executing Verilog-2005 frontend: C:\oss-cad-suite\bin\../share/yosys/ice40/brams_map.v
Parsing Verilog input from `C:\oss-cad-suite\bin\../share/yosys/ice40/brams_map.v' to AST representation.
Generating RTLIL representation for module `$__ICE40_RAM4K_'.
Successfully finished Verilog frontend.

2.26.2. Executing Verilog-2005 frontend: C:\oss-cad-suite\bin\../share/yosys/ice40/spram_map.v
Parsing Verilog input from `C:\oss-cad-suite\bin\../share/yosys/ice40/spram_map.v' to AST representation.
Generating RTLIL representation for module `$__ICE40_SPRAM_'.
Successfully finished Verilog frontend.

2.26.3. Continuing TECHMAP pass.
No more expansions possible.
<suppressed ~4 debug messages>

2.27. Executing ICE40_BRAMINIT pass.

2.28. Executing OPT pass (performing simple optimizations).

2.28.1. Executing OPT_EXPR pass (perform const folding).
Optimizing module panel.
<suppressed ~17 debug messages>

2.28.2. Executing OPT_MERGE pass (detect identical cells).
Finding identical cells in module `\panel'.
Computing hashes of 161 cells of `\panel'.
Finding duplicate cells in `\panel'.
Computing hashes of 152 cells of `\panel'.
Finding duplicate cells in `\panel'.
<suppressed ~27 debug messages>
Removed a total of 9 cells.

2.28.3. Executing OPT_DFF pass (perform DFF optimizations).
Adding SRST signal on $auto$ff.cc:337:slice$747 ($dffe) from module panel (D = $add$panel.v:143$33_Y, Q = \phase, rval = 8'00000000).

2.28.4. Executing OPT_CLEAN pass (remove unused cells and wires).
Finding unused cells or wires in module \panel..
Removed 3 unused cells and 26 unused wires.
<suppressed ~4 debug messages>

2.28.5. Rerunning OPT passes. (Removed registers in this run.)

2.28.6. Executing OPT_EXPR pass (perform const folding).
Optimizing module panel.

2.28.7. Executing OPT_MERGE pass (detect identical cells).
Finding identical cells in module `\panel'.
Computing hashes of 151 cells of `\panel'.
Finding duplicate cells in `\panel'.
Removed a total of 0 cells.

2.28.8. Executing OPT_DFF pass (perform DFF optimizations).

2.28.9. Executing OPT_CLEAN pass (remove unused cells and wires).
Finding unused cells or wires in module \panel..

2.28.10. Finished fast OPT passes.

2.29. Executing MEMORY_MAP pass (converting memories to logic and flip-flops).
Mapping memory $auto$proc_rom.cc:155:do_switch$461 in module \panel:
  created 32 $dff cells and 0 static cells of width 15.
  read interface: 0 $dff and 31 $mux cells.
  write interface: 0 write mux blocks.

2.30. Executing OPT pass (performing simple optimizations).

2.30.1. Executing OPT_EXPR pass (perform const folding).
Optimizing module panel.
<suppressed ~8 debug messages>

2.30.2. Executing OPT_MERGE pass (detect identical cells).
Finding identical cells in module `\panel'.
Computing hashes of 173 cells of `\panel'.
Finding duplicate cells in `\panel'.
Removed a total of 0 cells.

2.30.3. Executing OPT_MUXTREE pass (detect dead branches in mux trees).
Running muxtree optimizer on module \panel..
  Creating internal representation of mux trees.
  Evaluating internal representation of mux trees.
  Analyzing evaluation results.
Removed 0 multiplexer ports.
<suppressed ~61 debug messages>

2.30.4. Executing OPT_REDUCE pass (consolidate $*mux and $reduce_* inputs).
  Optimizing cells in module \panel.
    Consolidated identical input bits for $mux cell $memory$auto$proc_rom.cc:155:do_switch$461$rdmux[0][4][6]$1024:
      Old ports: A=15'001000100100111, B=15'001100000000000, Y=$memory$auto$proc_rom.cc:155:do_switch$461$rdmux[0][3][3]$a$992
      New ports: A=2'01, B=2'10, Y={ $memory$auto$proc_rom.cc:155:do_switch$461$rdmux[0][3][3]$a$992 [11] $memory$auto$proc_rom.cc:155:do_switch$461$rdmux[0][3][3]$a$992 [0] }
      New connections: { $memory$auto$proc_rom.cc:155:do_switch$461$rdmux[0][3][3]$a$992 [14:12] $memory$auto$proc_rom.cc:155:do_switch$461$rdmux[0][3][3]$a$992 [10:1] } = { 5'00100 $memory$auto$proc_rom.cc:155:do_switch$461$rdmux[0][3][3]$a$992 [0] 2'00 $memory$auto$proc_rom.cc:155:do_switch$461$rdmux[0][3][3]$a$992 [0] 2'00 $memory$auto$proc_rom.cc:155:do_switch$461$rdmux[0][3][3]$a$992 [0] $memory$auto$proc_rom.cc:155:do_switch$461$rdmux[0][3][3]$a$992 [0] }
    Consolidated identical input bits for $mux cell $memory$auto$proc_rom.cc:155:do_switch$461$rdmux[0][4][5]$1021:
      Old ports: A=15'000111100000001, B=15'001000001000000, Y=$memory$auto$proc_rom.cc:155:do_switch$461$rdmux[0][3][2]$b$990
      New ports: A=2'01, B=2'10, Y={ $memory$auto$proc_rom.cc:155:do_switch$461$rdmux[0][3][2]$b$990 [6] $memory$auto$proc_rom.cc:155:do_switch$461$rdmux[0][3][2]$b$990 [0] }
      New connections: { $memory$auto$proc_rom.cc:155:do_switch$461$rdmux[0][3][2]$b$990 [14:7] $memory$auto$proc_rom.cc:155:do_switch$461$rdmux[0][3][2]$b$990 [5:1] } = { 2'00 $memory$auto$proc_rom.cc:155:do_switch$461$rdmux[0][3][2]$b$990 [6] $memory$auto$proc_rom.cc:155:do_switch$461$rdmux[0][3][2]$b$990 [0] $memory$auto$proc_rom.cc:155:do_switch$461$rdmux[0][3][2]$b$990 [0] $memory$auto$proc_rom.cc:155:do_switch$461$rdmux[0][3][2]$b$990 [0] $memory$auto$proc_rom.cc:155:do_switch$461$rdmux[0][3][2]$b$990 [0] 6'000000 }
    Consolidated identical input bits for $mux cell $memory$auto$proc_rom.cc:155:do_switch$461$rdmux[0][4][4]$1018:
      Old ports: A=15'000110100000001, B=15'000111010000110, Y=$memory$auto$proc_rom.cc:155:do_switch$461$rdmux[0][3][2]$a$989
      New ports: A=2'01, B=2'10, Y=$memory$auto$proc_rom.cc:155:do_switch$461$rdmux[0][3][2]$a$989 [1:0]
      New connections: $memory$auto$proc_rom.cc:155:do_switch$461$rdmux[0][3][2]$a$989 [14:2] = { 5'00011 $memory$auto$proc_rom.cc:155:do_switch$461$rdmux[0][3][2]$a$989 [1:0] $memory$auto$proc_rom.cc:155:do_switch$461$rdmux[0][3][2]$a$989 [1] 4'0000 $memory$auto$proc_rom.cc:155:do_switch$461$rdmux[0][3][2]$a$989 [1] }
    Consolidated identical input bits for $mux cell $memory$auto$proc_rom.cc:155:do_switch$461$rdmux[0][4][3]$1015:
      Old ports: A=15'000011100100000, B=15'000110000011000, Y=$memory$auto$proc_rom.cc:155:do_switch$461$rdmux[0][3][1]$b$987
      New ports: A=2'10, B=2'01, Y={ $memory$auto$proc_rom.cc:155:do_switch$461$rdmux[0][3][1]$b$987 [5] $memory$auto$proc_rom.cc:155:do_switch$461$rdmux[0][3][1]$b$987 [3] }
      New connections: { $memory$auto$proc_rom.cc:155:do_switch$461$rdmux[0][3][1]$b$987 [14:6] $memory$auto$proc_rom.cc:155:do_switch$461$rdmux[0][3][1]$b$987 [4] $memory$auto$proc_rom.cc:155:do_switch$461$rdmux[0][3][1]$b$987 [2:0] } = { 3'000 $memory$auto$proc_rom.cc:155:do_switch$461$rdmux[0][3][1]$b$987 [3] 1'1 $memory$auto$proc_rom.cc:155:do_switch$461$rdmux[0][3][1]$b$987 [5] $memory$auto$proc_rom.cc:155:do_switch$461$rdmux[0][3][1]$b$987 [5] 2'00 $memory$auto$proc_rom.cc:155:do_switch$461$rdmux[0][3][1]$b$987 [3] 3'000 }
    Consolidated identical input bits for $mux cell $memory$auto$proc_rom.cc:155:do_switch$461$rdmux[0][4][2]$1012:
      Old ports: A=15'000010100000000, B=15'000011000000001, Y=$memory$auto$proc_rom.cc:155:do_switch$461$rdmux[0][3][1]$a$986
      New ports: A=2'10, B=2'01, Y={ $memory$auto$proc_rom.cc:155:do_switch$461$rdmux[0][3][1]$a$986 [8] $memory$auto$proc_rom.cc:155:do_switch$461$rdmux[0][3][1]$a$986 [0] }
      New connections: { $memory$auto$proc_rom.cc:155:do_switch$461$rdmux[0][3][1]$a$986 [14:9] $memory$auto$proc_rom.cc:155:do_switch$461$rdmux[0][3][1]$a$986 [7:1] } = { 5'00001 $memory$auto$proc_rom.cc:155:do_switch$461$rdmux[0][3][1]$a$986 [0] 7'0000000 }
    Consolidated identical input bits for $mux cell $memory$auto$proc_rom.cc:155:do_switch$461$rdmux[0][4][1]$1009:
      Old ports: A=15'000001100110101, B=15'000010000010010, Y=$memory$auto$proc_rom.cc:155:do_switch$461$rdmux[0][3][0]$b$984
      New ports: A=2'01, B=2'10, Y=$memory$auto$proc_rom.cc:155:do_switch$461$rdmux[0][3][0]$b$984 [1:0]
      New connections: $memory$auto$proc_rom.cc:155:do_switch$461$rdmux[0][3][0]$b$984 [14:2] = { 4'0000 $memory$auto$proc_rom.cc:155:do_switch$461$rdmux[0][3][0]$b$984 [1:0] $memory$auto$proc_rom.cc:155:do_switch$461$rdmux[0][3][0]$b$984 [0] 2'00 $memory$auto$proc_rom.cc:155:do_switch$461$rdmux[0][3][0]$b$984 [0] 2'10 $memory$auto$proc_rom.cc:155:do_switch$461$rdmux[0][3][0]$b$984 [0] }
    Consolidated identical input bits for $mux cell $memory$auto$proc_rom.cc:155:do_switch$461$rdmux[0][4][0]$1006:
      Old ports: A=15'000000000000000, B=15'000001000001111, Y=$memory$auto$proc_rom.cc:155:do_switch$461$rdmux[0][3][0]$a$983
      New ports: A=1'0, B=1'1, Y=$memory$auto$proc_rom.cc:155:do_switch$461$rdmux[0][3][0]$a$983 [0]
      New connections: $memory$auto$proc_rom.cc:155:do_switch$461$rdmux[0][3][0]$a$983 [14:1] = { 5'00000 $memory$auto$proc_rom.cc:155:do_switch$461$rdmux[0][3][0]$a$983 [0] 5'00000 $memory$auto$proc_rom.cc:155:do_switch$461$rdmux[0][3][0]$a$983 [0] $memory$auto$proc_rom.cc:155:do_switch$461$rdmux[0][3][0]$a$983 [0] $memory$auto$proc_rom.cc:155:do_switch$461$rdmux[0][3][0]$a$983 [0] }
    Consolidated identical input bits for $mux cell $memory$auto$proc_rom.cc:155:do_switch$461$rdmux[0][4][10]$1036:
      Old ports: A=15'010001100000000, B=15'111010010100000, Y=$memory$auto$proc_rom.cc:155:do_switch$461$rdmux[0][3][5]$a$998
      New ports: A=2'10, B=2'01, Y={ $memory$auto$proc_rom.cc:155:do_switch$461$rdmux[0][3][5]$a$998 [8] $memory$auto$proc_rom.cc:155:do_switch$461$rdmux[0][3][5]$a$998 [5] }
      New connections: { $memory$auto$proc_rom.cc:155:do_switch$461$rdmux[0][3][5]$a$998 [14:9] $memory$auto$proc_rom.cc:155:do_switch$461$rdmux[0][3][5]$a$998 [7:6] $memory$auto$proc_rom.cc:155:do_switch$461$rdmux[0][3][5]$a$998 [4:0] } = { $memory$auto$proc_rom.cc:155:do_switch$461$rdmux[0][3][5]$a$998 [5] 1'1 $memory$auto$proc_rom.cc:155:do_switch$461$rdmux[0][3][5]$a$998 [5] 1'0 $memory$auto$proc_rom.cc:155:do_switch$461$rdmux[0][3][5]$a$998 [5] $memory$auto$proc_rom.cc:155:do_switch$461$rdmux[0][3][5]$a$998 [8] $memory$auto$proc_rom.cc:155:do_switch$461$rdmux[0][3][5]$a$998 [5] 6'000000 }
    Consolidated identical input bits for $mux cell $memory$auto$proc_rom.cc:155:do_switch$461$rdmux[0][4][9]$1033:
      Old ports: A=15'010000000000000, B=15'010000100000000, Y=$memory$auto$proc_rom.cc:155:do_switch$461$rdmux[0][3][4]$b$996
      New ports: A=1'0, B=1'1, Y=$memory$auto$proc_rom.cc:155:do_switch$461$rdmux[0][3][4]$b$996 [8]
      New connections: { $memory$auto$proc_rom.cc:155:do_switch$461$rdmux[0][3][4]$b$996 [14:9] $memory$auto$proc_rom.cc:155:do_switch$461$rdmux[0][3][4]$b$996 [7:0] } = 14'01000000000000
    Consolidated identical input bits for $mux cell $memory$auto$proc_rom.cc:155:do_switch$461$rdmux[0][4][7]$1027:
      Old ports: A=15'001100100000110, B=15'001110001100000, Y=$memory$auto$proc_rom.cc:155:do_switch$461$rdmux[0][3][3]$b$993
      New ports: A=2'01, B=2'10, Y={ $memory$auto$proc_rom.cc:155:do_switch$461$rdmux[0][3][3]$b$993 [5] $memory$auto$proc_rom.cc:155:do_switch$461$rdmux[0][3][3]$b$993 [1] }
      New connections: { $memory$auto$proc_rom.cc:155:do_switch$461$rdmux[0][3][3]$b$993 [14:6] $memory$auto$proc_rom.cc:155:do_switch$461$rdmux[0][3][3]$b$993 [4:2] $memory$auto$proc_rom.cc:155:do_switch$461$rdmux[0][3][3]$b$993 [0] } = { 4'0011 $memory$auto$proc_rom.cc:155:do_switch$461$rdmux[0][3][3]$b$993 [5] 1'0 $memory$auto$proc_rom.cc:155:do_switch$461$rdmux[0][3][3]$b$993 [1] 1'0 $memory$auto$proc_rom.cc:155:do_switch$461$rdmux[0][3][3]$b$993 [5] 2'00 $memory$auto$proc_rom.cc:155:do_switch$461$rdmux[0][3][3]$b$993 [1] 1'0 }
    Consolidated identical input bits for $pmux cell $procmux$657:
      Old ports: A=16'0000000001000000, B=112'0000000000010000000000000000111100000000000110000000000000001100010000000000000000000010011100011000000000000000, Y=\length
      New ports: A=9'001000000, B=63'000010000000001111000011000000001100010000000001110001100000000, Y={ \length [15:14] \length [6:0] }
      New connections: \length [13:7] = { 4'0000 \length [5] 2'00 }
    Consolidated identical input bits for $mux cell $memory$auto$proc_rom.cc:155:do_switch$461$rdmux[0][4][8]$1030:
      Old ports: A=15'001110111001010, B=15'001111001110011, Y=$memory$auto$proc_rom.cc:155:do_switch$461$rdmux[0][3][4]$a$995
      New ports: A=2'10, B=2'01, Y={ $memory$auto$proc_rom.cc:155:do_switch$461$rdmux[0][3][4]$a$995 [3] $memory$auto$proc_rom.cc:155:do_switch$461$rdmux[0][3][4]$a$995 [0] }
      New connections: { $memory$auto$proc_rom.cc:155:do_switch$461$rdmux[0][3][4]$a$995 [14:4] $memory$auto$proc_rom.cc:155:do_switch$461$rdmux[0][3][4]$a$995 [2:1] } = { 5'00111 $memory$auto$proc_rom.cc:155:do_switch$461$rdmux[0][3][4]$a$995 [0] $memory$auto$proc_rom.cc:155:do_switch$461$rdmux[0][3][4]$a$995 [3] $memory$auto$proc_rom.cc:155:do_switch$461$rdmux[0][3][4]$a$995 [3] 1'1 $memory$auto$proc_rom.cc:155:do_switch$461$rdmux[0][3][4]$a$995 [0] $memory$auto$proc_rom.cc:155:do_switch$461$rdmux[0][3][4]$a$995 [0] 2'01 }
    Consolidated identical input bits for $pmux cell $procmux$650:
      Old ports: A=16'0000000000000000, B={ 33'000000001010101000000001101010100 \config_word [14:0] 32'00000000010101010000000101010101 }, Y=\word
      New ports: A=15'000000000000000, B={ 30'000000010101010000000110101010 \config_word [14:0] 30'000000001010101000000101010101 }, Y=\word [14:0]
      New connections: \word [15] = 1'0
  Optimizing cells in module \panel.
    Consolidated identical input bits for $mux cell $memory$auto$proc_rom.cc:155:do_switch$461$rdmux[0][3][5]$997:
      Old ports: A=$memory$auto$proc_rom.cc:155:do_switch$461$rdmux[0][3][5]$a$998, B=15'111010010100000, Y=$memory$auto$proc_rom.cc:155:do_switch$461$rdmux[0][2][2]$b$978
      New ports: A={ $memory$auto$proc_rom.cc:155:do_switch$461$rdmux[0][3][5]$a$998 [8] $memory$auto$proc_rom.cc:155:do_switch$461$rdmux[0][3][5]$a$998 [5] }, B=2'01, Y={ $memory$auto$proc_rom.cc:155:do_switch$461$rdmux[0][2][2]$b$978 [8] $memory$auto$proc_rom.cc:155:do_switch$461$rdmux[0][2][2]$b$978 [5] }
      New connections: { $memory$auto$proc_rom.cc:155:do_switch$461$rdmux[0][2][2]$b$978 [14:9] $memory$auto$proc_rom.cc:155:do_switch$461$rdmux[0][2][2]$b$978 [7:6] $memory$auto$proc_rom.cc:155:do_switch$461$rdmux[0][2][2]$b$978 [4:0] } = { $memory$auto$proc_rom.cc:155:do_switch$461$rdmux[0][2][2]$b$978 [5] 1'1 $memory$auto$proc_rom.cc:155:do_switch$461$rdmux[0][2][2]$b$978 [5] 1'0 $memory$auto$proc_rom.cc:155:do_switch$461$rdmux[0][2][2]$b$978 [5] $memory$auto$proc_rom.cc:155:do_switch$461$rdmux[0][2][2]$b$978 [8] $memory$auto$proc_rom.cc:155:do_switch$461$rdmux[0][2][2]$b$978 [5] 6'000000 }
    Consolidated identical input bits for $mux cell $memory$auto$proc_rom.cc:155:do_switch$461$rdmux[0][3][4]$994:
      Old ports: A=$memory$auto$proc_rom.cc:155:do_switch$461$rdmux[0][3][4]$a$995, B=$memory$auto$proc_rom.cc:155:do_switch$461$rdmux[0][3][4]$b$996, Y=$memory$auto$proc_rom.cc:155:do_switch$461$rdmux[0][2][2]$a$977
      New ports: A={ 1'0 $memory$auto$proc_rom.cc:155:do_switch$461$rdmux[0][3][4]$a$995 [3] $memory$auto$proc_rom.cc:155:do_switch$461$rdmux[0][3][4]$a$995 [3] 1'1 $memory$auto$proc_rom.cc:155:do_switch$461$rdmux[0][3][4]$a$995 [0] }, B={ 1'1 $memory$auto$proc_rom.cc:155:do_switch$461$rdmux[0][3][4]$b$996 [8] 3'000 }, Y={ $memory$auto$proc_rom.cc:155:do_switch$461$rdmux[0][2][2]$a$977 [13] $memory$auto$proc_rom.cc:155:do_switch$461$rdmux[0][2][2]$a$977 [8] $memory$auto$proc_rom.cc:155:do_switch$461$rdmux[0][2][2]$a$977 [3] $memory$auto$proc_rom.cc:155:do_switch$461$rdmux[0][2][2]$a$977 [1:0] }
      New connections: { $memory$auto$proc_rom.cc:155:do_switch$461$rdmux[0][2][2]$a$977 [14] $memory$auto$proc_rom.cc:155:do_switch$461$rdmux[0][2][2]$a$977 [12:9] $memory$auto$proc_rom.cc:155:do_switch$461$rdmux[0][2][2]$a$977 [7:4] $memory$auto$proc_rom.cc:155:do_switch$461$rdmux[0][2][2]$a$977 [2] } = { 1'0 $memory$auto$proc_rom.cc:155:do_switch$461$rdmux[0][2][2]$a$977 [1] $memory$auto$proc_rom.cc:155:do_switch$461$rdmux[0][2][2]$a$977 [1] $memory$auto$proc_rom.cc:155:do_switch$461$rdmux[0][2][2]$a$977 [1:0] $memory$auto$proc_rom.cc:155:do_switch$461$rdmux[0][2][2]$a$977 [3] $memory$auto$proc_rom.cc:155:do_switch$461$rdmux[0][2][2]$a$977 [1:0] $memory$auto$proc_rom.cc:155:do_switch$461$rdmux[0][2][2]$a$977 [0] 1'0 }
    Consolidated identical input bits for $mux cell $memory$auto$proc_rom.cc:155:do_switch$461$rdmux[0][3][3]$991:
      Old ports: A=$memory$auto$proc_rom.cc:155:do_switch$461$rdmux[0][3][3]$a$992, B=$memory$auto$proc_rom.cc:155:do_switch$461$rdmux[0][3][3]$b$993, Y=$memory$auto$proc_rom.cc:155:do_switch$461$rdmux[0][2][1]$b$975
      New ports: A={ $memory$auto$proc_rom.cc:155:do_switch$461$rdmux[0][3][3]$a$992 [11] 1'0 $memory$auto$proc_rom.cc:155:do_switch$461$rdmux[0][3][3]$a$992 [0] $memory$auto$proc_rom.cc:155:do_switch$461$rdmux[0][3][3]$a$992 [0] $memory$auto$proc_rom.cc:155:do_switch$461$rdmux[0][3][3]$a$992 [0] }, B={ 1'1 $memory$auto$proc_rom.cc:155:do_switch$461$rdmux[0][3][3]$b$993 [5] $memory$auto$proc_rom.cc:155:do_switch$461$rdmux[0][3][3]$b$993 [5] $memory$auto$proc_rom.cc:155:do_switch$461$rdmux[0][3][3]$b$993 [1] 1'0 }, Y={ $memory$auto$proc_rom.cc:155:do_switch$461$rdmux[0][2][1]$b$975 [11] $memory$auto$proc_rom.cc:155:do_switch$461$rdmux[0][2][1]$b$975 [6:5] $memory$auto$proc_rom.cc:155:do_switch$461$rdmux[0][2][1]$b$975 [1:0] }
      New connections: { $memory$auto$proc_rom.cc:155:do_switch$461$rdmux[0][2][1]$b$975 [14:12] $memory$auto$proc_rom.cc:155:do_switch$461$rdmux[0][2][1]$b$975 [10:7] $memory$auto$proc_rom.cc:155:do_switch$461$rdmux[0][2][1]$b$975 [4:2] } = { 3'001 $memory$auto$proc_rom.cc:155:do_switch$461$rdmux[0][2][1]$b$975 [6] 1'0 $memory$auto$proc_rom.cc:155:do_switch$461$rdmux[0][2][1]$b$975 [1] 3'000 $memory$auto$proc_rom.cc:155:do_switch$461$rdmux[0][2][1]$b$975 [1] }
    Consolidated identical input bits for $mux cell $memory$auto$proc_rom.cc:155:do_switch$461$rdmux[0][3][2]$988:
      Old ports: A=$memory$auto$proc_rom.cc:155:do_switch$461$rdmux[0][3][2]$a$989, B=$memory$auto$proc_rom.cc:155:do_switch$461$rdmux[0][3][2]$b$990, Y=$memory$auto$proc_rom.cc:155:do_switch$461$rdmux[0][2][1]$a$974
      New ports: A={ 1'1 $memory$auto$proc_rom.cc:155:do_switch$461$rdmux[0][3][2]$a$989 [1] 1'0 $memory$auto$proc_rom.cc:155:do_switch$461$rdmux[0][3][2]$a$989 [1:0] }, B={ $memory$auto$proc_rom.cc:155:do_switch$461$rdmux[0][3][2]$b$990 [0] $memory$auto$proc_rom.cc:155:do_switch$461$rdmux[0][3][2]$b$990 [0] $memory$auto$proc_rom.cc:155:do_switch$461$rdmux[0][3][2]$b$990 [6] 1'0 $memory$auto$proc_rom.cc:155:do_switch$461$rdmux[0][3][2]$b$990 [0] }, Y={ $memory$auto$proc_rom.cc:155:do_switch$461$rdmux[0][2][1]$a$974 [10:9] $memory$auto$proc_rom.cc:155:do_switch$461$rdmux[0][2][1]$a$974 [6] $memory$auto$proc_rom.cc:155:do_switch$461$rdmux[0][2][1]$a$974 [1:0] }
      New connections: { $memory$auto$proc_rom.cc:155:do_switch$461$rdmux[0][2][1]$a$974 [14:11] $memory$auto$proc_rom.cc:155:do_switch$461$rdmux[0][2][1]$a$974 [8:7] $memory$auto$proc_rom.cc:155:do_switch$461$rdmux[0][2][1]$a$974 [5:2] } = { 2'00 $memory$auto$proc_rom.cc:155:do_switch$461$rdmux[0][2][1]$a$974 [6] $memory$auto$proc_rom.cc:155:do_switch$461$rdmux[0][2][1]$a$974 [10] $memory$auto$proc_rom.cc:155:do_switch$461$rdmux[0][2][1]$a$974 [0] $memory$auto$proc_rom.cc:155:do_switch$461$rdmux[0][2][1]$a$974 [1] 3'000 $memory$auto$proc_rom.cc:155:do_switch$461$rdmux[0][2][1]$a$974 [1] }
    Consolidated identical input bits for $mux cell $memory$auto$proc_rom.cc:155:do_switch$461$rdmux[0][3][1]$985:
      Old ports: A=$memory$auto$proc_rom.cc:155:do_switch$461$rdmux[0][3][1]$a$986, B=$memory$auto$proc_rom.cc:155:do_switch$461$rdmux[0][3][1]$b$987, Y=$memory$auto$proc_rom.cc:155:do_switch$461$rdmux[0][2][0]$b$972
      New ports: A={ $memory$auto$proc_rom.cc:155:do_switch$461$rdmux[0][3][1]$a$986 [0] $memory$auto$proc_rom.cc:155:do_switch$461$rdmux[0][3][1]$a$986 [8] 2'00 $memory$auto$proc_rom.cc:155:do_switch$461$rdmux[0][3][1]$a$986 [0] }, B={ $memory$auto$proc_rom.cc:155:do_switch$461$rdmux[0][3][1]$b$987 [5] $memory$auto$proc_rom.cc:155:do_switch$461$rdmux[0][3][1]$b$987 [5] $memory$auto$proc_rom.cc:155:do_switch$461$rdmux[0][3][1]$b$987 [5] $memory$auto$proc_rom.cc:155:do_switch$461$rdmux[0][3][1]$b$987 [3] 1'0 }, Y={ $memory$auto$proc_rom.cc:155:do_switch$461$rdmux[0][2][0]$b$972 [9:8] $memory$auto$proc_rom.cc:155:do_switch$461$rdmux[0][2][0]$b$972 [5] $memory$auto$proc_rom.cc:155:do_switch$461$rdmux[0][2][0]$b$972 [3] $memory$auto$proc_rom.cc:155:do_switch$461$rdmux[0][2][0]$b$972 [0] }
      New connections: { $memory$auto$proc_rom.cc:155:do_switch$461$rdmux[0][2][0]$b$972 [14:10] $memory$auto$proc_rom.cc:155:do_switch$461$rdmux[0][2][0]$b$972 [7:6] $memory$auto$proc_rom.cc:155:do_switch$461$rdmux[0][2][0]$b$972 [4] $memory$auto$proc_rom.cc:155:do_switch$461$rdmux[0][2][0]$b$972 [2:1] } = { 3'000 $memory$auto$proc_rom.cc:155:do_switch$461$rdmux[0][2][0]$b$972 [3] 3'100 $memory$auto$proc_rom.cc:155:do_switch$461$rdmux[0][2][0]$b$972 [3] 2'00 }
    Consolidated identical input bits for $mux cell $memory$auto$proc_rom.cc:155:do_switch$461$rdmux[0][3][0]$982:
      Old ports: A=$memory$auto$proc_rom.cc:155:do_switch$461$rdmux[0][3][0]$a$983, B=$memory$auto$proc_rom.cc:155:do_switch$461$rdmux[0][3][0]$b$984, Y=$memory$auto$proc_rom.cc:155:do_switch$461$rdmux[0][2][0]$a$971
      New ports: A={ 3'000 $memory$auto$proc_rom.cc:155:do_switch$461$rdmux[0][3][0]$a$983 [0] $memory$auto$proc_rom.cc:155:do_switch$461$rdmux[0][3][0]$a$983 [0] $memory$auto$proc_rom.cc:155:do_switch$461$rdmux[0][3][0]$a$983 [0] }, B={ $memory$auto$proc_rom.cc:155:do_switch$461$rdmux[0][3][0]$b$984 [1:0] 2'10 $memory$auto$proc_rom.cc:155:do_switch$461$rdmux[0][3][0]$b$984 [1:0] }, Y={ $memory$auto$proc_rom.cc:155:do_switch$461$rdmux[0][2][0]$a$971 [10] $memory$auto$proc_rom.cc:155:do_switch$461$rdmux[0][2][0]$a$971 [5:3] $memory$auto$proc_rom.cc:155:do_switch$461$rdmux[0][2][0]$a$971 [1:0] }
      New connections: { $memory$auto$proc_rom.cc:155:do_switch$461$rdmux[0][2][0]$a$971 [14:11] $memory$auto$proc_rom.cc:155:do_switch$461$rdmux[0][2][0]$a$971 [9:6] $memory$auto$proc_rom.cc:155:do_switch$461$rdmux[0][2][0]$a$971 [2] } = { 4'0000 $memory$auto$proc_rom.cc:155:do_switch$461$rdmux[0][2][0]$a$971 [0] $memory$auto$proc_rom.cc:155:do_switch$461$rdmux[0][2][0]$a$971 [5] 2'00 $memory$auto$proc_rom.cc:155:do_switch$461$rdmux[0][2][0]$a$971 [0] }
  Optimizing cells in module \panel.
    Consolidated identical input bits for $mux cell $memory$auto$proc_rom.cc:155:do_switch$461$rdmux[0][2][2]$976:
      Old ports: A=$memory$auto$proc_rom.cc:155:do_switch$461$rdmux[0][2][2]$a$977, B=$memory$auto$proc_rom.cc:155:do_switch$461$rdmux[0][2][2]$b$978, Y=$memory$auto$proc_rom.cc:155:do_switch$461$rdmux[0][1][1]$a$968
      New ports: A={ 1'0 $memory$auto$proc_rom.cc:155:do_switch$461$rdmux[0][2][2]$a$977 [13] $memory$auto$proc_rom.cc:155:do_switch$461$rdmux[0][2][2]$a$977 [1:0] $memory$auto$proc_rom.cc:155:do_switch$461$rdmux[0][2][2]$a$977 [8] $memory$auto$proc_rom.cc:155:do_switch$461$rdmux[0][2][2]$a$977 [3] $memory$auto$proc_rom.cc:155:do_switch$461$rdmux[0][2][2]$a$977 [0] $memory$auto$proc_rom.cc:155:do_switch$461$rdmux[0][2][2]$a$977 [3] $memory$auto$proc_rom.cc:155:do_switch$461$rdmux[0][2][2]$a$977 [1:0] }, B={ $memory$auto$proc_rom.cc:155:do_switch$461$rdmux[0][2][2]$b$978 [5] 1'1 $memory$auto$proc_rom.cc:155:do_switch$461$rdmux[0][2][2]$b$978 [5] $memory$auto$proc_rom.cc:155:do_switch$461$rdmux[0][2][2]$b$978 [8] $memory$auto$proc_rom.cc:155:do_switch$461$rdmux[0][2][2]$b$978 [8] $memory$auto$proc_rom.cc:155:do_switch$461$rdmux[0][2][2]$b$978 [5] $memory$auto$proc_rom.cc:155:do_switch$461$rdmux[0][2][2]$b$978 [5] 3'000 }, Y={ $memory$auto$proc_rom.cc:155:do_switch$461$rdmux[0][1][1]$a$968 [14:13] $memory$auto$proc_rom.cc:155:do_switch$461$rdmux[0][1][1]$a$968 [10:7] $memory$auto$proc_rom.cc:155:do_switch$461$rdmux[0][1][1]$a$968 [5] $memory$auto$proc_rom.cc:155:do_switch$461$rdmux[0][1][1]$a$968 [3] $memory$auto$proc_rom.cc:155:do_switch$461$rdmux[0][1][1]$a$968 [1:0] }
      New connections: { $memory$auto$proc_rom.cc:155:do_switch$461$rdmux[0][1][1]$a$968 [12:11] $memory$auto$proc_rom.cc:155:do_switch$461$rdmux[0][1][1]$a$968 [6] $memory$auto$proc_rom.cc:155:do_switch$461$rdmux[0][1][1]$a$968 [4] $memory$auto$proc_rom.cc:155:do_switch$461$rdmux[0][1][1]$a$968 [2] } = { $memory$auto$proc_rom.cc:155:do_switch$461$rdmux[0][1][1]$a$968 [10] $memory$auto$proc_rom.cc:155:do_switch$461$rdmux[0][1][1]$a$968 [1] $memory$auto$proc_rom.cc:155:do_switch$461$rdmux[0][1][1]$a$968 [1:0] 1'0 }
    Consolidated identical input bits for $mux cell $memory$auto$proc_rom.cc:155:do_switch$461$rdmux[0][2][1]$973:
      Old ports: A=$memory$auto$proc_rom.cc:155:do_switch$461$rdmux[0][2][1]$a$974, B=$memory$auto$proc_rom.cc:155:do_switch$461$rdmux[0][2][1]$b$975, Y=$memory$auto$proc_rom.cc:155:do_switch$461$rdmux[0][1][0]$b$966
      New ports: A={ $memory$auto$proc_rom.cc:155:do_switch$461$rdmux[0][2][1]$a$974 [6] $memory$auto$proc_rom.cc:155:do_switch$461$rdmux[0][2][1]$a$974 [10] $memory$auto$proc_rom.cc:155:do_switch$461$rdmux[0][2][1]$a$974 [10:9] $memory$auto$proc_rom.cc:155:do_switch$461$rdmux[0][2][1]$a$974 [0] $memory$auto$proc_rom.cc:155:do_switch$461$rdmux[0][2][1]$a$974 [1] $memory$auto$proc_rom.cc:155:do_switch$461$rdmux[0][2][1]$a$974 [6] 1'0 $memory$auto$proc_rom.cc:155:do_switch$461$rdmux[0][2][1]$a$974 [1:0] }, B={ 1'1 $memory$auto$proc_rom.cc:155:do_switch$461$rdmux[0][2][1]$b$975 [11] $memory$auto$proc_rom.cc:155:do_switch$461$rdmux[0][2][1]$b$975 [6] 1'0 $memory$auto$proc_rom.cc:155:do_switch$461$rdmux[0][2][1]$b$975 [1] 1'0 $memory$auto$proc_rom.cc:155:do_switch$461$rdmux[0][2][1]$b$975 [6:5] $memory$auto$proc_rom.cc:155:do_switch$461$rdmux[0][2][1]$b$975 [1:0] }, Y={ $memory$auto$proc_rom.cc:155:do_switch$461$rdmux[0][1][0]$b$966 [12:5] $memory$auto$proc_rom.cc:155:do_switch$461$rdmux[0][1][0]$b$966 [1:0] }
      New connections: { $memory$auto$proc_rom.cc:155:do_switch$461$rdmux[0][1][0]$b$966 [14:13] $memory$auto$proc_rom.cc:155:do_switch$461$rdmux[0][1][0]$b$966 [4:2] } = { 4'0000 $memory$auto$proc_rom.cc:155:do_switch$461$rdmux[0][1][0]$b$966 [1] }
    Consolidated identical input bits for $mux cell $memory$auto$proc_rom.cc:155:do_switch$461$rdmux[0][2][0]$970:
      Old ports: A=$memory$auto$proc_rom.cc:155:do_switch$461$rdmux[0][2][0]$a$971, B=$memory$auto$proc_rom.cc:155:do_switch$461$rdmux[0][2][0]$b$972, Y=$memory$auto$proc_rom.cc:155:do_switch$461$rdmux[0][1][0]$a$965
      New ports: A={ 1'0 $memory$auto$proc_rom.cc:155:do_switch$461$rdmux[0][2][0]$a$971 [10] $memory$auto$proc_rom.cc:155:do_switch$461$rdmux[0][2][0]$a$971 [0] $memory$auto$proc_rom.cc:155:do_switch$461$rdmux[0][2][0]$a$971 [5] $memory$auto$proc_rom.cc:155:do_switch$461$rdmux[0][2][0]$a$971 [5:3] $memory$auto$proc_rom.cc:155:do_switch$461$rdmux[0][2][0]$a$971 [0] $memory$auto$proc_rom.cc:155:do_switch$461$rdmux[0][2][0]$a$971 [1:0] }, B={ $memory$auto$proc_rom.cc:155:do_switch$461$rdmux[0][2][0]$b$972 [3] 1'1 $memory$auto$proc_rom.cc:155:do_switch$461$rdmux[0][2][0]$b$972 [9:8] $memory$auto$proc_rom.cc:155:do_switch$461$rdmux[0][2][0]$b$972 [5] $memory$auto$proc_rom.cc:155:do_switch$461$rdmux[0][2][0]$b$972 [3] $memory$auto$proc_rom.cc:155:do_switch$461$rdmux[0][2][0]$b$972 [3] 2'00 $memory$auto$proc_rom.cc:155:do_switch$461$rdmux[0][2][0]$b$972 [0] }, Y={ $memory$auto$proc_rom.cc:155:do_switch$461$rdmux[0][1][0]$a$965 [11:8] $memory$auto$proc_rom.cc:155:do_switch$461$rdmux[0][1][0]$a$965 [5:0] }
      New connections: { $memory$auto$proc_rom.cc:155:do_switch$461$rdmux[0][1][0]$a$965 [14:12] $memory$auto$proc_rom.cc:155:do_switch$461$rdmux[0][1][0]$a$965 [7:6] } = 5'00000
  Optimizing cells in module \panel.
    Consolidated identical input bits for $mux cell $memory$auto$proc_rom.cc:155:do_switch$461$rdmux[0][1][1]$967:
      Old ports: A=$memory$auto$proc_rom.cc:155:do_switch$461$rdmux[0][1][1]$a$968, B=15'111010010100000, Y=$memory$auto$proc_rom.cc:155:do_switch$461$rdmux[0][0][0]$b$963
      New ports: A={ $memory$auto$proc_rom.cc:155:do_switch$461$rdmux[0][1][1]$a$968 [14:13] $memory$auto$proc_rom.cc:155:do_switch$461$rdmux[0][1][1]$a$968 [10:7] $memory$auto$proc_rom.cc:155:do_switch$461$rdmux[0][1][1]$a$968 [5] $memory$auto$proc_rom.cc:155:do_switch$461$rdmux[0][1][1]$a$968 [3] $memory$auto$proc_rom.cc:155:do_switch$461$rdmux[0][1][1]$a$968 [1:0] }, B=10'1110011000, Y={ $memory$auto$proc_rom.cc:155:do_switch$461$rdmux[0][0][0]$b$963 [14:13] $memory$auto$proc_rom.cc:155:do_switch$461$rdmux[0][0][0]$b$963 [10:7] $memory$auto$proc_rom.cc:155:do_switch$461$rdmux[0][0][0]$b$963 [5] $memory$auto$proc_rom.cc:155:do_switch$461$rdmux[0][0][0]$b$963 [3] $memory$auto$proc_rom.cc:155:do_switch$461$rdmux[0][0][0]$b$963 [1:0] }
      New connections: { $memory$auto$proc_rom.cc:155:do_switch$461$rdmux[0][0][0]$b$963 [12:11] $memory$auto$proc_rom.cc:155:do_switch$461$rdmux[0][0][0]$b$963 [6] $memory$auto$proc_rom.cc:155:do_switch$461$rdmux[0][0][0]$b$963 [4] $memory$auto$proc_rom.cc:155:do_switch$461$rdmux[0][0][0]$b$963 [2] } = { $memory$auto$proc_rom.cc:155:do_switch$461$rdmux[0][0][0]$b$963 [10] $memory$auto$proc_rom.cc:155:do_switch$461$rdmux[0][0][0]$b$963 [1] $memory$auto$proc_rom.cc:155:do_switch$461$rdmux[0][0][0]$b$963 [1:0] 1'0 }
    Consolidated identical input bits for $mux cell $memory$auto$proc_rom.cc:155:do_switch$461$rdmux[0][1][0]$964:
      Old ports: A=$memory$auto$proc_rom.cc:155:do_switch$461$rdmux[0][1][0]$a$965, B=$memory$auto$proc_rom.cc:155:do_switch$461$rdmux[0][1][0]$b$966, Y=$memory$auto$proc_rom.cc:155:do_switch$461$rdmux[0][0][0]$a$962
      New ports: A={ 1'0 $memory$auto$proc_rom.cc:155:do_switch$461$rdmux[0][1][0]$a$965 [11:8] 2'00 $memory$auto$proc_rom.cc:155:do_switch$461$rdmux[0][1][0]$a$965 [5:0] }, B={ $memory$auto$proc_rom.cc:155:do_switch$461$rdmux[0][1][0]$b$966 [12:5] 2'00 $memory$auto$proc_rom.cc:155:do_switch$461$rdmux[0][1][0]$b$966 [1] $memory$auto$proc_rom.cc:155:do_switch$461$rdmux[0][1][0]$b$966 [1:0] }, Y=$memory$auto$proc_rom.cc:155:do_switch$461$rdmux[0][0][0]$a$962 [12:0]
      New connections: $memory$auto$proc_rom.cc:155:do_switch$461$rdmux[0][0][0]$a$962 [14:13] = 2'00
  Optimizing cells in module \panel.
Performed a total of 24 changes.

2.30.5. Executing OPT_MERGE pass (detect identical cells).
Finding identical cells in module `\panel'.
Computing hashes of 173 cells of `\panel'.
Finding duplicate cells in `\panel'.
Computing hashes of 165 cells of `\panel'.
Finding duplicate cells in `\panel'.
<suppressed ~24 debug messages>
Removed a total of 8 cells.

2.30.6. Executing OPT_DFF pass (perform DFF optimizations).

2.30.7. Executing OPT_CLEAN pass (remove unused cells and wires).
Finding unused cells or wires in module \panel..
Removed 0 unused cells and 48 unused wires.
<suppressed ~1 debug messages>

2.30.8. Executing OPT_EXPR pass (perform const folding).
Optimizing module panel.

2.30.9. Rerunning OPT passes. (Maybe there is more to do..)

2.30.10. Executing OPT_MUXTREE pass (detect dead branches in mux trees).
Running muxtree optimizer on module \panel..
  Creating internal representation of mux trees.
  Evaluating internal representation of mux trees.
  Analyzing evaluation results.
Removed 0 multiplexer ports.
<suppressed ~67 debug messages>

2.30.11. Executing OPT_REDUCE pass (consolidate $*mux and $reduce_* inputs).
  Optimizing cells in module \panel.
    Consolidated identical input bits for $mux cell $memory$auto$proc_rom.cc:155:do_switch$461$rdmux[0][3][3]$991:
      Old ports: A={ $memory$auto$proc_rom.cc:155:do_switch$461$rdmux[0][3][0]$b$984 [1] 1'0 $memory$auto$proc_rom.cc:155:do_switch$461$rdmux[0][3][0]$b$984 [0] $memory$auto$proc_rom.cc:155:do_switch$461$rdmux[0][3][0]$b$984 [0] $memory$auto$proc_rom.cc:155:do_switch$461$rdmux[0][3][0]$b$984 [0] }, B={ 1'1 $memory$auto$proc_rom.cc:155:do_switch$461$rdmux[0][3][0]$b$984 [1] $memory$auto$proc_rom.cc:155:do_switch$461$rdmux[0][3][0]$b$984 [1:0] 1'0 }, Y={ $memory$auto$proc_rom.cc:155:do_switch$461$rdmux[0][2][1]$b$975 [11] $memory$auto$proc_rom.cc:155:do_switch$461$rdmux[0][2][1]$b$975 [6:5] $memory$auto$proc_rom.cc:155:do_switch$461$rdmux[0][2][1]$b$975 [1:0] }
      New ports: A={ $memory$auto$proc_rom.cc:155:do_switch$461$rdmux[0][3][0]$b$984 [1] 1'0 $memory$auto$proc_rom.cc:155:do_switch$461$rdmux[0][3][0]$b$984 [0] $memory$auto$proc_rom.cc:155:do_switch$461$rdmux[0][3][0]$b$984 [0] }, B={ 1'1 $memory$auto$proc_rom.cc:155:do_switch$461$rdmux[0][3][0]$b$984 [1] $memory$auto$proc_rom.cc:155:do_switch$461$rdmux[0][3][0]$b$984 [1] 1'0 }, Y={ $memory$auto$proc_rom.cc:155:do_switch$461$rdmux[0][2][1]$b$975 [11] $memory$auto$proc_rom.cc:155:do_switch$461$rdmux[0][2][1]$b$975 [6:5] $memory$auto$proc_rom.cc:155:do_switch$461$rdmux[0][2][1]$b$975 [0] }
      New connections: $memory$auto$proc_rom.cc:155:do_switch$461$rdmux[0][2][1]$b$975 [1] = $memory$auto$proc_rom.cc:155:do_switch$461$rdmux[0][3][0]$b$984 [0]
    Consolidated identical input bits for $mux cell $memory$auto$proc_rom.cc:155:do_switch$461$rdmux[0][3][2]$988:
      Old ports: A={ 1'1 $memory$auto$proc_rom.cc:155:do_switch$461$rdmux[0][3][0]$b$984 [1] 1'0 $memory$auto$proc_rom.cc:155:do_switch$461$rdmux[0][3][0]$b$984 [1:0] }, B={ $memory$auto$proc_rom.cc:155:do_switch$461$rdmux[0][3][0]$b$984 [0] $memory$auto$proc_rom.cc:155:do_switch$461$rdmux[0][3][0]$b$984 [0] $memory$auto$proc_rom.cc:155:do_switch$461$rdmux[0][3][0]$b$984 [1] 1'0 $memory$auto$proc_rom.cc:155:do_switch$461$rdmux[0][3][0]$b$984 [0] }, Y={ $memory$auto$proc_rom.cc:155:do_switch$461$rdmux[0][2][1]$a$974 [10:9] $memory$auto$proc_rom.cc:155:do_switch$461$rdmux[0][2][1]$a$974 [6] $memory$auto$proc_rom.cc:155:do_switch$461$rdmux[0][2][1]$a$974 [1:0] }
      New ports: A={ 1'1 $memory$auto$proc_rom.cc:155:do_switch$461$rdmux[0][3][0]$b$984 [1] 1'0 $memory$auto$proc_rom.cc:155:do_switch$461$rdmux[0][3][0]$b$984 [1] }, B={ $memory$auto$proc_rom.cc:155:do_switch$461$rdmux[0][3][0]$b$984 [0] $memory$auto$proc_rom.cc:155:do_switch$461$rdmux[0][3][0]$b$984 [0] $memory$auto$proc_rom.cc:155:do_switch$461$rdmux[0][3][0]$b$984 [1] 1'0 }, Y={ $memory$auto$proc_rom.cc:155:do_switch$461$rdmux[0][2][1]$a$974 [10:9] $memory$auto$proc_rom.cc:155:do_switch$461$rdmux[0][2][1]$a$974 [6] $memory$auto$proc_rom.cc:155:do_switch$461$rdmux[0][2][1]$a$974 [1] }
      New connections: $memory$auto$proc_rom.cc:155:do_switch$461$rdmux[0][2][1]$a$974 [0] = $memory$auto$proc_rom.cc:155:do_switch$461$rdmux[0][3][0]$b$984 [0]
    Consolidated identical input bits for $mux cell $memory$auto$proc_rom.cc:155:do_switch$461$rdmux[0][3][1]$985:
      Old ports: A={ $memory$auto$proc_rom.cc:155:do_switch$461$rdmux[0][3][1]$a$986 [0] $memory$auto$proc_rom.cc:155:do_switch$461$rdmux[0][3][1]$a$986 [8] 2'00 $memory$auto$proc_rom.cc:155:do_switch$461$rdmux[0][3][1]$a$986 [0] }, B={ $memory$auto$proc_rom.cc:155:do_switch$461$rdmux[0][3][1]$a$986 [8] $memory$auto$proc_rom.cc:155:do_switch$461$rdmux[0][3][1]$a$986 [8] $memory$auto$proc_rom.cc:155:do_switch$461$rdmux[0][3][1]$a$986 [8] $memory$auto$proc_rom.cc:155:do_switch$461$rdmux[0][3][1]$a$986 [0] 1'0 }, Y={ $memory$auto$proc_rom.cc:155:do_switch$461$rdmux[0][2][0]$b$972 [9:8] $memory$auto$proc_rom.cc:155:do_switch$461$rdmux[0][2][0]$b$972 [5] $memory$auto$proc_rom.cc:155:do_switch$461$rdmux[0][2][0]$b$972 [3] $memory$auto$proc_rom.cc:155:do_switch$461$rdmux[0][2][0]$b$972 [0] }
      New ports: A={ $memory$auto$proc_rom.cc:155:do_switch$461$rdmux[0][3][1]$a$986 [0] 2'00 $memory$auto$proc_rom.cc:155:do_switch$461$rdmux[0][3][1]$a$986 [0] }, B={ $memory$auto$proc_rom.cc:155:do_switch$461$rdmux[0][3][1]$a$986 [8] $memory$auto$proc_rom.cc:155:do_switch$461$rdmux[0][3][1]$a$986 [8] $memory$auto$proc_rom.cc:155:do_switch$461$rdmux[0][3][1]$a$986 [0] 1'0 }, Y={ $memory$auto$proc_rom.cc:155:do_switch$461$rdmux[0][2][0]$b$972 [9] $memory$auto$proc_rom.cc:155:do_switch$461$rdmux[0][2][0]$b$972 [5] $memory$auto$proc_rom.cc:155:do_switch$461$rdmux[0][2][0]$b$972 [3] $memory$auto$proc_rom.cc:155:do_switch$461$rdmux[0][2][0]$b$972 [0] }
      New connections: $memory$auto$proc_rom.cc:155:do_switch$461$rdmux[0][2][0]$b$972 [8] = $memory$auto$proc_rom.cc:155:do_switch$461$rdmux[0][3][1]$a$986 [8]
  Optimizing cells in module \panel.
    Consolidated identical input bits for $mux cell $memory$auto$proc_rom.cc:155:do_switch$461$rdmux[0][2][1]$973:
      Old ports: A={ $memory$auto$proc_rom.cc:155:do_switch$461$rdmux[0][2][1]$a$974 [6] $memory$auto$proc_rom.cc:155:do_switch$461$rdmux[0][2][1]$a$974 [10] $memory$auto$proc_rom.cc:155:do_switch$461$rdmux[0][2][1]$a$974 [10:9] $memory$auto$proc_rom.cc:155:do_switch$461$rdmux[0][2][1]$a$974 [0] $memory$auto$proc_rom.cc:155:do_switch$461$rdmux[0][2][1]$a$974 [1] $memory$auto$proc_rom.cc:155:do_switch$461$rdmux[0][2][1]$a$974 [6] 1'0 $memory$auto$proc_rom.cc:155:do_switch$461$rdmux[0][2][1]$a$974 [1:0] }, B={ 1'1 $memory$auto$proc_rom.cc:155:do_switch$461$rdmux[0][2][1]$b$975 [11] $memory$auto$proc_rom.cc:155:do_switch$461$rdmux[0][2][1]$b$975 [6] 1'0 $memory$auto$proc_rom.cc:155:do_switch$461$rdmux[0][2][1]$b$975 [1] 1'0 $memory$auto$proc_rom.cc:155:do_switch$461$rdmux[0][2][1]$b$975 [6:5] $memory$auto$proc_rom.cc:155:do_switch$461$rdmux[0][2][1]$b$975 [1:0] }, Y={ $memory$auto$proc_rom.cc:155:do_switch$461$rdmux[0][1][0]$b$966 [12:5] $memory$auto$proc_rom.cc:155:do_switch$461$rdmux[0][1][0]$b$966 [1:0] }
      New ports: A={ $memory$auto$proc_rom.cc:155:do_switch$461$rdmux[0][2][1]$a$974 [6] $memory$auto$proc_rom.cc:155:do_switch$461$rdmux[0][2][1]$a$974 [10] $memory$auto$proc_rom.cc:155:do_switch$461$rdmux[0][2][1]$a$974 [10:9] $memory$auto$proc_rom.cc:155:do_switch$461$rdmux[0][2][1]$a$974 [1] $memory$auto$proc_rom.cc:155:do_switch$461$rdmux[0][2][1]$a$974 [6] 1'0 $memory$auto$proc_rom.cc:155:do_switch$461$rdmux[0][2][1]$a$974 [1] $memory$auto$proc_rom.cc:155:do_switch$461$rdmux[0][3][0]$b$984 [0] }, B={ 1'1 $memory$auto$proc_rom.cc:155:do_switch$461$rdmux[0][2][1]$b$975 [11] $memory$auto$proc_rom.cc:155:do_switch$461$rdmux[0][2][1]$b$975 [6] 2'00 $memory$auto$proc_rom.cc:155:do_switch$461$rdmux[0][2][1]$b$975 [6:5] $memory$auto$proc_rom.cc:155:do_switch$461$rdmux[0][3][0]$b$984 [0] $memory$auto$proc_rom.cc:155:do_switch$461$rdmux[0][2][1]$b$975 [0] }, Y={ $memory$auto$proc_rom.cc:155:do_switch$461$rdmux[0][1][0]$b$966 [12:9] $memory$auto$proc_rom.cc:155:do_switch$461$rdmux[0][1][0]$b$966 [7:5] $memory$auto$proc_rom.cc:155:do_switch$461$rdmux[0][1][0]$b$966 [1:0] }
      New connections: $memory$auto$proc_rom.cc:155:do_switch$461$rdmux[0][1][0]$b$966 [8] = $memory$auto$proc_rom.cc:155:do_switch$461$rdmux[0][3][0]$b$984 [0]
  Optimizing cells in module \panel.
Performed a total of 4 changes.

2.30.12. Executing OPT_MERGE pass (detect identical cells).
Finding identical cells in module `\panel'.
Computing hashes of 165 cells of `\panel'.
Finding duplicate cells in `\panel'.
Removed a total of 0 cells.

2.30.13. Executing OPT_DFF pass (perform DFF optimizations).

2.30.14. Executing OPT_CLEAN pass (remove unused cells and wires).
Finding unused cells or wires in module \panel..

2.30.15. Executing OPT_EXPR pass (perform const folding).
Optimizing module panel.

2.30.16. Rerunning OPT passes. (Maybe there is more to do..)

2.30.17. Executing OPT_MUXTREE pass (detect dead branches in mux trees).
Running muxtree optimizer on module \panel..
  Creating internal representation of mux trees.
  Evaluating internal representation of mux trees.
  Analyzing evaluation results.
Removed 0 multiplexer ports.
<suppressed ~63 debug messages>

2.30.18. Executing OPT_REDUCE pass (consolidate $*mux and $reduce_* inputs).
  Optimizing cells in module \panel.
Performed a total of 0 changes.

2.30.19. Executing OPT_MERGE pass (detect identical cells).
Finding identical cells in module `\panel'.
Computing hashes of 165 cells of `\panel'.
Finding duplicate cells in `\panel'.
Removed a total of 0 cells.

2.30.20. Executing OPT_DFF pass (perform DFF optimizations).

2.30.21. Executing OPT_CLEAN pass (remove unused cells and wires).
Finding unused cells or wires in module \panel..

2.30.22. Executing OPT_EXPR pass (perform const folding).
Optimizing module panel.

2.30.23. Finished fast OPT passes. (There is nothing left to do.)

2.31. Executing ICE40_WRAPCARRY pass (wrap carries).

2.32. Executing TECHMAP pass (map to technology primitives).

2.32.1. Executing Verilog-2005 frontend: C:\oss-cad-suite\bin\../share/yosys/techmap.v
Parsing Verilog input from `C:\oss-cad-suite\bin\../share/yosys/techmap.v' to AST representation.
Generating RTLIL representation for module `\_90_simplemap_bool_ops'.
Generating RTLIL representation for module `\_90_simplemap_reduce_ops'.
Generating RTLIL representation for module `\_90_simplemap_logic_ops'.
Generating RTLIL representation for module `\_90_simplemap_compare_ops'.
Generating RTLIL representation for module `\_90_simplemap_various'.
Generating RTLIL representation for module `\_90_simplemap_registers'.
Generating RTLIL representation for module `\_90_shift_ops_shr_shl_sshl_sshr'.
Generating RTLIL representation for module `\_90_shift_shiftx'.
Generating RTLIL representation for module `\_90_fa'.
Generating RTLIL representation for module `\_90_lcu_brent_kung'.
Generating RTLIL representation for module `\_90_alu'.
Generating RTLIL representation for module `\_90_macc'.
Generating RTLIL representation for module `\_90_alumacc'.
Generating RTLIL representation for module `$__div_mod_u'.
Generating RTLIL representation for module `$__div_mod_trunc'.
Generating RTLIL representation for module `\_90_div'.
Generating RTLIL representation for module `\_90_mod'.
Generating RTLIL representation for module `$__div_mod_floor'.
Generating RTLIL representation for module `\_90_divfloor'.
Generating RTLIL representation for module `\_90_modfloor'.
Generating RTLIL representation for module `\_90_pow'.
Generating RTLIL representation for module `\_90_demux'.
Generating RTLIL representation for module `\_90_lut'.
Generating RTLIL representation for module `$connect'.
Generating RTLIL representation for module `$input_port'.
Successfully finished Verilog frontend.

2.32.2. Executing Verilog-2005 frontend: C:\oss-cad-suite\bin\../share/yosys/ice40/arith_map.v
Parsing Verilog input from `C:\oss-cad-suite\bin\../share/yosys/ice40/arith_map.v' to AST representation.
Generating RTLIL representation for module `\_80_ice40_alu'.
Successfully finished Verilog frontend.

2.32.3. Continuing TECHMAP pass.
Using extmapper simplemap for cells of type $reduce_or.
Using extmapper simplemap for cells of type $not.
Using extmapper simplemap for cells of type $sdffce.
Using template $paramod$175e67c02b86e96b1288b9dc100122520d7240d8\_90_alu for cells of type $alu.
Using template $paramod$956e79e8f8c5e64be7438155ae50a966e615cb04\_80_ice40_alu for cells of type $alu.
Using template $paramod$672a140277c71df8314410f22acc08d55222c3c7\_80_ice40_alu for cells of type $alu.
Using template $paramod$215440792383f7884e57d9c95f84e9552d0bf4ac\_80_ice40_alu for cells of type $alu.
Using template $paramod$d588c4475f18bc347201f0f2671d73b8c1e7b7ea\_80_ice40_alu for cells of type $alu.
Using template $paramod$32a7b7b86c07519b7537abc18e96f0331f97914d\_80_ice40_alu for cells of type $alu.
Using template $paramod$2af30114e9bd4ccb04dad757b3f0a8f6bf0615b0\_80_ice40_alu for cells of type $alu.
Using template $paramod$c3cd1564c35d873179656addd6052d7ea8b6d991\_80_ice40_alu for cells of type $alu.
Using template $paramod$32efbfac1c4dc57230cf86180788fdfd12e3b511\_80_ice40_alu for cells of type $alu.
Using template $paramod$a40b3a69ab2154dca9743e30e1e84efb03b892b4\_80_ice40_alu for cells of type $alu.
Using extmapper simplemap for cells of type $or.
Using extmapper simplemap for cells of type $reduce_and.
Using template $paramod$f956edc9fe4df758d9fdb10bfc518a364c99e75e\_80_ice40_alu for cells of type $alu.
Using template $paramod$d597a1d02e4b78ac244cbe0a6bc64f098a6f19e7\_80_ice40_alu for cells of type $alu.
Using template $paramod$dad13a281fa6a9ffd6dd427a87dc9a952e80e9ea\_80_ice40_alu for cells of type $alu.
Using template $paramod$cfe6dd4a41e79700a3d5db42c551bb068206d925\_80_ice40_alu for cells of type $alu.
Using template $paramod$e61f808441c14776646ccea05e0cf89bac53ccdb\_80_ice40_alu for cells of type $alu.
Using template $paramod$201d586eed2569f095ddeba6db16e40b8442bc0c\_80_ice40_alu for cells of type $alu.
Using template $paramod$ee9f135470291f7e9a702a13ca7a0f3b25d94913\_80_ice40_alu for cells of type $alu.
Using extmapper simplemap for cells of type $dffe.
Using extmapper simplemap for cells of type $sdff.
Using extmapper simplemap for cells of type $reduce_bool.
Using extmapper simplemap for cells of type $ne.
Using extmapper simplemap for cells of type $eq.
Using extmapper simplemap for cells of type $mux.
Using extmapper simplemap for cells of type $logic_not.
Using extmapper simplemap for cells of type $logic_and.
Using extmapper simplemap for cells of type $logic_or.
Using template $paramod$constmap:4fc0770b5cd3815b34b14ac08b61f6f3109d353d$paramod$d3856cf1a0cfcc1321b9bac1e0a6f7eb27fd6a9d\_90_shift_shiftx for cells of type $shiftx.
Analyzing pattern of constant bits for this cell:
  Constant input on bit 4 of port B: 1'0
  Constant input on bit 0 of port A: 1'0
  Constant input on bit 1 of port A: 1'0
  Constant input on bit 2 of port A: 1'0
  Constant input on bit 3 of port A: 1'0
  Constant input on bit 4 of port A: 1'0
  Constant input on bit 5 of port A: 1'0
  Constant input on bit 6 of port A: 1'0
  Constant input on bit 7 of port A: 1'0
  Constant input on bit 8 of port A: 1'1
  Constant input on bit 9 of port A: 1'0
  Constant input on bit 10 of port A: 1'0
  Constant input on bit 11 of port A: 1'0
  Constant input on bit 12 of port A: 1'0
  Constant input on bit 13 of port A: 1'0
  Constant input on bit 14 of port A: 1'0
  Constant input on bit 15 of port A: 1'0
Creating constmapped module `$paramod$constmap:1c867c60d9638417ef0979dcd3e701d30114ca3e$paramod$d3856cf1a0cfcc1321b9bac1e0a6f7eb27fd6a9d\_90_shift_shiftx'.

2.32.44. Executing OPT_MUXTREE pass (detect dead branches in mux trees).
Running muxtree optimizer on module $paramod$constmap:1c867c60d9638417ef0979dcd3e701d30114ca3e$paramod$d3856cf1a0cfcc1321b9bac1e0a6f7eb27fd6a9d\_90_shift_shiftx..
  Creating internal representation of mux trees.
  Evaluating internal representation of mux trees.
  Analyzing evaluation results.
    dead port 2/2 on $mux $procmux$1629.
    dead port 2/2 on $mux $procmux$1635.
    dead port 2/2 on $mux $procmux$1641.
    dead port 2/2 on $mux $procmux$1647.
Removed 4 multiplexer ports.
<suppressed ~732 debug messages>

2.32.45. Executing OPT_EXPR pass (perform const folding).
Optimizing module $paramod$constmap:1c867c60d9638417ef0979dcd3e701d30114ca3e$paramod$d3856cf1a0cfcc1321b9bac1e0a6f7eb27fd6a9d\_90_shift_shiftx.
<suppressed ~3 debug messages>
Removed 0 unused cells and 11 unused wires.
Using template $paramod$constmap:1c867c60d9638417ef0979dcd3e701d30114ca3e$paramod$d3856cf1a0cfcc1321b9bac1e0a6f7eb27fd6a9d\_90_shift_shiftx for cells of type $shiftx.
Using extmapper simplemap for cells of type $pmux.
Using extmapper simplemap for cells of type $dff.
Using extmapper simplemap for cells of type $pos.
Using template $paramod\_90_fa\WIDTH=32'00000000000000000000000000000010 for cells of type $fa.
Using template $paramod\_90_lcu_brent_kung\WIDTH=32'00000000000000000000000000000010 for cells of type $lcu.
Using extmapper simplemap for cells of type $xor.
Using extmapper simplemap for cells of type $and.
No more expansions possible.
<suppressed ~268 debug messages>

2.33. Executing OPT pass (performing simple optimizations).

2.33.1. Executing OPT_EXPR pass (perform const folding).
Optimizing module panel.
<suppressed ~1346 debug messages>

2.33.2. Executing OPT_MERGE pass (detect identical cells).
Finding identical cells in module `\panel'.
Computing hashes of 1175 cells of `\panel'.
Finding duplicate cells in `\panel'.
Computing hashes of 993 cells of `\panel'.
Finding duplicate cells in `\panel'.
Computing hashes of 965 cells of `\panel'.
Finding duplicate cells in `\panel'.
Computing hashes of 962 cells of `\panel'.
Finding duplicate cells in `\panel'.
Computing hashes of 961 cells of `\panel'.
Finding duplicate cells in `\panel'.
<suppressed ~642 debug messages>
Removed a total of 214 cells.

2.33.3. Executing OPT_DFF pass (perform DFF optimizations).
Adding SRST signal on $auto$ff.cc:337:slice$1396 ($_DFFE_PN_) from module panel (D = $auto$simplemap.cc:189:logic_reduce$1846, Q = \LAT, rval = 1'0).
Adding SRST signal on $auto$ff.cc:337:slice$1395 ($_DFFE_PN_) from module panel (D = $auto$simplemap.cc:189:logic_reduce$1820, Q = \OE, rval = 1'0).
Adding SRST signal on $auto$ff.cc:337:slice$1394 ($_DFFE_PN_) from module panel (D = $auto$simplemap.cc:189:logic_reduce$1811, Q = \rgb [2], rval = 1'0).
Adding SRST signal on $auto$ff.cc:337:slice$1392 ($_DFFE_PN_) from module panel (D = $auto$simplemap.cc:189:logic_reduce$1797, Q = \rgb [0], rval = 1'0).
Adding SRST signal on $auto$ff.cc:337:slice$1393 ($_DFFE_PN_) from module panel (D = $auto$simplemap.cc:189:logic_reduce$1804, Q = \rgb [1], rval = 1'0).

2.33.4. Executing OPT_CLEAN pass (remove unused cells and wires).
Finding unused cells or wires in module \panel..
Removed 146 unused cells and 780 unused wires.
<suppressed ~147 debug messages>

2.33.5. Rerunning OPT passes. (Removed registers in this run.)

2.33.6. Executing OPT_EXPR pass (perform const folding).
Optimizing module panel.
<suppressed ~3 debug messages>

2.33.7. Executing OPT_MERGE pass (detect identical cells).
Finding identical cells in module `\panel'.
Computing hashes of 812 cells of `\panel'.
Finding duplicate cells in `\panel'.
Removed a total of 0 cells.

2.33.8. Executing OPT_DFF pass (perform DFF optimizations).

2.33.9. Executing OPT_CLEAN pass (remove unused cells and wires).
Finding unused cells or wires in module \panel..

2.33.10. Finished fast OPT passes.

2.34. Executing ICE40_OPT pass (performing simple optimizations).

2.34.1. Running ICE40 specific optimizations.
Optimized $__ICE40_CARRY_WRAPPER cell back to logic (without SB_CARRY) panel.$auto$alumacc.cc:548:replace_alu$780.slice[0].carry: CO=\uart_bit [0]
Optimized $__ICE40_CARRY_WRAPPER cell back to logic (without SB_CARRY) panel.$auto$alumacc.cc:548:replace_alu$785.slice[0].carry: CO=\count [0]
Optimized $__ICE40_CARRY_WRAPPER cell back to logic (without SB_CARRY) panel.$auto$alumacc.cc:548:replace_alu$790.slice[0].carry: CO=\count [0]
Optimized $__ICE40_CARRY_WRAPPER cell back to logic (without SB_CARRY) panel.$auto$alumacc.cc:548:replace_alu$795.slice[0].carry: CO=\count [1]
Optimized $__ICE40_CARRY_WRAPPER cell back to logic (without SB_CARRY) panel.$auto$alumacc.cc:548:replace_alu$800.slice[0].carry: CO=\count [0]
Optimized $__ICE40_CARRY_WRAPPER cell back to logic (without SB_CARRY) panel.$auto$alumacc.cc:548:replace_alu$813.slice[0].carry: CO=\phase [2]
Optimized $__ICE40_CARRY_WRAPPER cell back to logic (without SB_CARRY) panel.$auto$alumacc.cc:548:replace_alu$826.slice[0].carry: CO=\phase [3]
Optimized $__ICE40_CARRY_WRAPPER cell back to logic (without SB_CARRY) panel.$auto$alumacc.cc:548:replace_alu$831.slice[0].carry: CO=\phase [1]
Optimized $__ICE40_CARRY_WRAPPER cell back to logic (without SB_CARRY) panel.$auto$alumacc.cc:548:replace_alu$844.slice[0].carry: CO=\phase [4]
Optimized $__ICE40_CARRY_WRAPPER cell back to logic (without SB_CARRY) panel.$auto$alumacc.cc:548:replace_alu$857.slice[0].carry: CO=\phase [2]
Optimized $__ICE40_CARRY_WRAPPER cell back to logic (without SB_CARRY) panel.$auto$alumacc.cc:548:replace_alu$865.slice[0].carry: CO=\tick_div [0]
Optimized $__ICE40_CARRY_WRAPPER cell back to logic (without SB_CARRY) panel.$auto$alumacc.cc:548:replace_alu$868.slice[0].carry: CO=\scan_row [0]
Optimized $__ICE40_CARRY_WRAPPER cell back to logic (without SB_CARRY) panel.$auto$alumacc.cc:548:replace_alu$871.slice[0].carry: CO=\phase [0]
Optimized $__ICE40_CARRY_WRAPPER cell back to logic (without SB_CARRY) panel.$auto$alumacc.cc:548:replace_alu$874.slice[0].carry: CO=\count [0]
Optimized $__ICE40_CARRY_WRAPPER cell back to logic (without SB_CARRY) panel.$auto$alumacc.cc:548:replace_alu$877.slice[0].carry: CO=\state [0]
Optimized $__ICE40_CARRY_WRAPPER cell back to logic (without SB_CARRY) panel.$auto$alumacc.cc:548:replace_alu$880.slice[0].carry: CO=\config_index [0]
Optimized $__ICE40_CARRY_WRAPPER cell back to logic (without SB_CARRY) panel.$auto$alumacc.cc:548:replace_alu$883.slice[0].carry: CO=\length [0]
Optimized $__ICE40_CARRY_WRAPPER cell back to logic (without SB_CARRY) panel.$auto$alumacc.cc:548:replace_alu$883.slice[7].carry: CO=$auto$alumacc.cc:548:replace_alu$883.C [7]
Optimized $__ICE40_CARRY_WRAPPER cell back to logic (without SB_CARRY) panel.$auto$alumacc.cc:548:replace_alu$883.slice[8].carry: CO=$auto$alumacc.cc:548:replace_alu$883.C [8]
Optimized $__ICE40_CARRY_WRAPPER cell back to logic (without SB_CARRY) panel.$auto$alumacc.cc:548:replace_alu$883.slice[10].carry: CO=$auto$alumacc.cc:548:replace_alu$883.C [10]
Optimized $__ICE40_CARRY_WRAPPER cell back to logic (without SB_CARRY) panel.$auto$alumacc.cc:548:replace_alu$883.slice[11].carry: CO=$auto$alumacc.cc:548:replace_alu$883.C [11]
Optimized $__ICE40_CARRY_WRAPPER cell back to logic (without SB_CARRY) panel.$auto$alumacc.cc:548:replace_alu$883.slice[12].carry: CO=$auto$alumacc.cc:548:replace_alu$883.C [12]
Optimized $__ICE40_CARRY_WRAPPER cell back to logic (without SB_CARRY) panel.$auto$alumacc.cc:548:replace_alu$883.slice[13].carry: CO=$auto$alumacc.cc:548:replace_alu$883.C [13]
Optimized $__ICE40_CARRY_WRAPPER cell back to logic (without SB_CARRY) panel.$auto$alumacc.cc:548:replace_alu$883.slice[16].carry: CO=$auto$alumacc.cc:548:replace_alu$883.C [16]
Optimized $__ICE40_CARRY_WRAPPER cell back to logic (without SB_CARRY) panel.$auto$alumacc.cc:548:replace_alu$886.slice[0].carry: CO=\uart_div [0]
Optimized $__ICE40_CARRY_WRAPPER cell back to logic (without SB_CARRY) panel.$auto$alumacc.cc:548:replace_alu$889.slice[0].carry: CO=\uart_bit [0]
Optimized $__ICE40_CARRY_WRAPPER cell back to logic (without SB_CARRY) panel.$auto$alumacc.cc:548:replace_alu$892.slice[0].carry: CO=\heartbeat [0]

2.34.2. Executing OPT_EXPR pass (perform const folding).
Optimizing module panel.

2.34.3. Executing OPT_MERGE pass (detect identical cells).
Finding identical cells in module `\panel'.
Computing hashes of 812 cells of `\panel'.
Finding duplicate cells in `\panel'.
Computing hashes of 805 cells of `\panel'.
Finding duplicate cells in `\panel'.
<suppressed ~21 debug messages>
Removed a total of 7 cells.

2.34.4. Executing OPT_DFF pass (perform DFF optimizations).

2.34.5. Executing OPT_CLEAN pass (remove unused cells and wires).
Finding unused cells or wires in module \panel..
Removed 7 unused cells and 1 unused wires.
<suppressed ~8 debug messages>

2.34.6. Rerunning OPT passes. (Removed registers in this run.)

2.34.7. Running ICE40 specific optimizations.

2.34.8. Executing OPT_EXPR pass (perform const folding).
Optimizing module panel.

2.34.9. Executing OPT_MERGE pass (detect identical cells).
Finding identical cells in module `\panel'.
Computing hashes of 798 cells of `\panel'.
Finding duplicate cells in `\panel'.
Removed a total of 0 cells.

2.34.10. Executing OPT_DFF pass (perform DFF optimizations).

2.34.11. Executing OPT_CLEAN pass (remove unused cells and wires).
Finding unused cells or wires in module \panel..

2.34.12. Finished OPT passes. (There is nothing left to do.)

3. Executing TECHMAP pass (map to technology primitives).

3.1. Executing Verilog-2005 frontend: ornot2lut.v
Parsing Verilog input from `ornot2lut.v' to AST representation.
Generating RTLIL representation for module `\map_ornot'.
Generating RTLIL representation for module `\map_andnot'.
Successfully finished Verilog frontend.

3.2. Continuing TECHMAP pass.
No more expansions possible.
<suppressed ~4 debug messages>

4. Executing OPT_CLEAN pass (remove unused cells and wires).
Finding unused cells or wires in module \panel..
Removed 0 unused cells and 2 unused wires.
<suppressed ~2 debug messages>

5. Executing SYNTH_ICE40 pass.

5.1. Executing DFFLEGALIZE pass (convert FFs and LATCHes to types supported by the target).

5.2. Executing TECHMAP pass (map to technology primitives).

5.2.1. Executing Verilog-2005 frontend: C:\oss-cad-suite\bin\../share/yosys/ice40/ff_map.v
Parsing Verilog input from `C:\oss-cad-suite\bin\../share/yosys/ice40/ff_map.v' to AST representation.
Generating RTLIL representation for module `$_DFF_N_'.
Generating RTLIL representation for module `$_DFF_P_'.
Generating RTLIL representation for module `$_DFFE_NP_'.
Generating RTLIL representation for module `$_DFFE_PP_'.
Generating RTLIL representation for module `$_DFF_NP0_'.
Generating RTLIL representation for module `$_DFF_NP1_'.
Generating RTLIL representation for module `$_DFF_PP0_'.
Generating RTLIL representation for module `$_DFF_PP1_'.
Generating RTLIL representation for module `$_DFFE_NP0P_'.
Generating RTLIL representation for module `$_DFFE_NP1P_'.
Generating RTLIL representation for module `$_DFFE_PP0P_'.
Generating RTLIL representation for module `$_DFFE_PP1P_'.
Generating RTLIL representation for module `$_SDFF_NP0_'.
Generating RTLIL representation for module `$_SDFF_NP1_'.
Generating RTLIL representation for module `$_SDFF_PP0_'.
Generating RTLIL representation for module `$_SDFF_PP1_'.
Generating RTLIL representation for module `$_SDFFCE_NP0P_'.
Generating RTLIL representation for module `$_SDFFCE_NP1P_'.
Generating RTLIL representation for module `$_SDFFCE_PP0P_'.
Generating RTLIL representation for module `$_SDFFCE_PP1P_'.
Successfully finished Verilog frontend.

5.2.2. Continuing TECHMAP pass.
Using template $_SDFFCE_PP0P_ for cells of type $_SDFFCE_PP0P_.
Using template $_DFF_P_ for cells of type $_DFF_P_.
Using template $_DFFE_PP_ for cells of type $_DFFE_PP_.
Using template $_SDFFCE_PP1P_ for cells of type $_SDFFCE_PP1P_.
Using template $_SDFF_PP0_ for cells of type $_SDFF_PP0_.
No more expansions possible.
<suppressed ~128 debug messages>

5.3. Executing OPT_EXPR pass (perform const folding).
Optimizing module panel.

5.4. Executing SIMPLEMAP pass (map simple cells to gate primitives).
Mapping panel.$auto$alumacc.cc:548:replace_alu$865.slice[0].carry ($lut).
Mapping panel.$auto$alumacc.cc:548:replace_alu$868.slice[0].carry ($lut).
Mapping panel.$auto$alumacc.cc:548:replace_alu$871.slice[0].carry ($lut).
Mapping panel.$auto$alumacc.cc:548:replace_alu$874.slice[0].carry ($lut).
Mapping panel.$auto$alumacc.cc:548:replace_alu$877.slice[0].carry ($lut).
Mapping panel.$auto$alumacc.cc:548:replace_alu$880.slice[0].carry ($lut).
Mapping panel.$auto$alumacc.cc:548:replace_alu$883.slice[0].carry ($lut).
Mapping panel.$auto$alumacc.cc:548:replace_alu$883.slice[10].carry ($lut).
Mapping panel.$auto$alumacc.cc:548:replace_alu$883.slice[16].carry ($lut).
Mapping panel.$auto$alumacc.cc:548:replace_alu$883.slice[7].carry ($lut).
Mapping panel.$auto$alumacc.cc:548:replace_alu$886.slice[0].carry ($lut).
Mapping panel.$auto$alumacc.cc:548:replace_alu$889.slice[0].carry ($lut).
Mapping panel.$auto$alumacc.cc:548:replace_alu$892.slice[0].carry ($lut).

5.5. Executing ICE40_OPT pass (performing simple optimizations).

5.5.1. Running ICE40 specific optimizations.

5.5.2. Executing OPT_EXPR pass (perform const folding).
Optimizing module panel.
<suppressed ~248 debug messages>

5.5.3. Executing OPT_MERGE pass (detect identical cells).
Finding identical cells in module `\panel'.
Computing hashes of 815 cells of `\panel'.
Finding duplicate cells in `\panel'.
Computing hashes of 793 cells of `\panel'.
Finding duplicate cells in `\panel'.
<suppressed ~66 debug messages>
Removed a total of 22 cells.

5.5.4. Executing OPT_DFF pass (perform DFF optimizations).

5.5.5. Executing OPT_CLEAN pass (remove unused cells and wires).
Finding unused cells or wires in module \panel..
Removed 0 unused cells and 608 unused wires.
<suppressed ~1 debug messages>

5.5.6. Rerunning OPT passes. (Removed registers in this run.)

5.5.7. Running ICE40 specific optimizations.

5.5.8. Executing OPT_EXPR pass (perform const folding).
Optimizing module panel.

5.5.9. Executing OPT_MERGE pass (detect identical cells).
Finding identical cells in module `\panel'.
Computing hashes of 793 cells of `\panel'.
Finding duplicate cells in `\panel'.
Removed a total of 0 cells.

5.5.10. Executing OPT_DFF pass (perform DFF optimizations).

5.5.11. Executing OPT_CLEAN pass (remove unused cells and wires).
Finding unused cells or wires in module \panel..

5.5.12. Finished OPT passes. (There is nothing left to do.)

5.6. Executing CHECK pass (checking for obvious problems).
Checking module panel...
Found and reported 0 problems.

5.7. Executing TECHMAP pass (map to technology primitives).

5.7.1. Executing Verilog-2005 frontend: C:\oss-cad-suite\bin\../share/yosys/ice40/latches_map.v
Parsing Verilog input from `C:\oss-cad-suite\bin\../share/yosys/ice40/latches_map.v' to AST representation.
Generating RTLIL representation for module `$_DLATCH_N_'.
Generating RTLIL representation for module `$_DLATCH_P_'.
Successfully finished Verilog frontend.

5.7.2. Continuing TECHMAP pass.
No more expansions possible.
<suppressed ~4 debug messages>

5.8. Executing SIMPLEMAP pass (map simple cells to gate primitives).

5.9. Executing TECHMAP pass (map to technology primitives).

5.9.1. Executing Verilog-2005 frontend: C:\oss-cad-suite\bin\../share/yosys/gate2lut.v
Parsing Verilog input from `C:\oss-cad-suite\bin\../share/yosys/gate2lut.v' to AST representation.
Generating RTLIL representation for module `\_90_lut_not'.
Generating RTLIL representation for module `\_90_lut_or'.
Generating RTLIL representation for module `\_90_lut_and'.
Generating RTLIL representation for module `\_90_lut_xor'.
Generating RTLIL representation for module `\_90_lut_mux'.
Successfully finished Verilog frontend.

5.9.2. Continuing TECHMAP pass.
Using template _90_lut_not for cells of type $_NOT_.
Using template _90_lut_or for cells of type $_OR_.
Using template _90_lut_and for cells of type $_AND_.
Using template _90_lut_mux for cells of type $_MUX_.
Using template _90_lut_xor for cells of type $_XOR_.
No more expansions possible.
<suppressed ~515 debug messages>

5.10. Executing ICE40_WRAPCARRY pass (wrap carries).

5.11. Executing TECHMAP pass (map to technology primitives).

5.11.1. Executing Verilog-2005 frontend: C:\oss-cad-suite\bin\../share/yosys/ice40/ff_map.v
Parsing Verilog input from `C:\oss-cad-suite\bin\../share/yosys/ice40/ff_map.v' to AST representation.
Generating RTLIL representation for module `$_DFF_N_'.
Generating RTLIL representation for module `$_DFF_P_'.
Generating RTLIL representation for module `$_DFFE_NP_'.
Generating RTLIL representation for module `$_DFFE_PP_'.
Generating RTLIL representation for module `$_DFF_NP0_'.
Generating RTLIL representation for module `$_DFF_NP1_'.
Generating RTLIL representation for module `$_DFF_PP0_'.
Generating RTLIL representation for module `$_DFF_PP1_'.
Generating RTLIL representation for module `$_DFFE_NP0P_'.
Generating RTLIL representation for module `$_DFFE_NP1P_'.
Generating RTLIL representation for module `$_DFFE_PP0P_'.
Generating RTLIL representation for module `$_DFFE_PP1P_'.
Generating RTLIL representation for module `$_SDFF_NP0_'.
Generating RTLIL representation for module `$_SDFF_NP1_'.
Generating RTLIL representation for module `$_SDFF_PP0_'.
Generating RTLIL representation for module `$_SDFF_PP1_'.
Generating RTLIL representation for module `$_SDFFCE_NP0P_'.
Generating RTLIL representation for module `$_SDFFCE_NP1P_'.
Generating RTLIL representation for module `$_SDFFCE_PP0P_'.
Generating RTLIL representation for module `$_SDFFCE_PP1P_'.
Successfully finished Verilog frontend.

5.11.2. Continuing TECHMAP pass.
No more expansions possible.
<suppressed ~22 debug messages>
Removed 95 unused cells and 1986 unused wires.

5.12. Executing OPT_LUT pass (optimize LUTs).
Discovering LUTs.
Number of LUTs:      600
  1-LUT               97
  2-LUT              341
  3-LUT              162
  with \SB_CARRY    (#0)   83
  with \SB_CARRY    (#1)   82

Eliminating LUTs.
Number of LUTs:      600
  1-LUT               97
  2-LUT              341
  3-LUT              162
  with \SB_CARRY    (#0)   83
  with \SB_CARRY    (#1)   82

Combining LUTs.
Number of LUTs:      346
  1-LUT               31
  2-LUT               94
  3-LUT              125
  4-LUT               96
  with \SB_CARRY    (#0)   83
  with \SB_CARRY    (#1)   82

Eliminated 0 LUTs.
Combined 254 LUTs.
<suppressed ~6698 debug messages>

5.13. Executing TECHMAP pass (map to technology primitives).

5.13.1. Executing Verilog-2005 frontend: C:\oss-cad-suite\bin\../share/yosys/ice40/cells_map.v
Parsing Verilog input from `C:\oss-cad-suite\bin\../share/yosys/ice40/cells_map.v' to AST representation.
Generating RTLIL representation for module `$lut'.
Successfully finished Verilog frontend.

5.13.2. Continuing TECHMAP pass.
Using template $paramod$fd904e9e35cfd343a9df248824bd3f1408724879$lut for cells of type $lut.
Using template $paramod$lut\WIDTH=s32'00000000000000000000000000000100\LUT=4'0001 for cells of type $lut.
Using template $paramod$lut\WIDTH=s32'00000000000000000000000000000100\LUT=4'1110 for cells of type $lut.
Using template $paramod$078443e0e8b302a49ac79789e0fc02b41f07be4c$lut for cells of type $lut.
Using template $paramod$995ba512a447d27709010e6e3906195ddd4dff0a$lut for cells of type $lut.
Using template $paramod$7125b224d5920c893c2dd3de98a266451c2ebe7d$lut for cells of type $lut.
Using template $paramod$lut\WIDTH=s32'00000000000000000000000000000100\LUT=4'1000 for cells of type $lut.
Using template $paramod$lut\WIDTH=s32'00000000000000000000000000000100\LUT=8'11001010 for cells of type $lut.
Using template $paramod$82c0b13701acdc886aede9c55a2dc36d21ba97a1$lut for cells of type $lut.
Using template $paramod$14672a0c0bf57d504a958d6cd17a29203ebe7ad1$lut for cells of type $lut.
Using template $paramod$990f0fb2b3d003f8b16e47a6e2203c03f05c2581$lut for cells of type $lut.
Using template $paramod$f6aa725215a1450c05e9668c72bfbe2e6267dfc7$lut for cells of type $lut.
Using template $paramod$b0921904cd0556b160571789093bb927ff74536c$lut for cells of type $lut.
Using template $paramod$05bb6b467fb98a0bc5f2fcdc10c19875585f6f2b$lut for cells of type $lut.
Using template $paramod$9e59c5d219363f480ed59c38c2d654c6e80338f8$lut for cells of type $lut.
Using template $paramod$a613b9fef3cc9774cac6b23709fb15a5abfb223a$lut for cells of type $lut.
Using template $paramod$e60b68dda858c16a200321e7570e7a283c81d57c$lut for cells of type $lut.
Using template $paramod$e0f3fcac9c7bc39414d0e39da2f8263916ca2212$lut for cells of type $lut.
Using template $paramod$b5790a76aeb953a266484fa873703c44bc670a95$lut for cells of type $lut.
Using template $paramod$e1e0860bc66b0ec3f1528c4ebf1eebcd83d23576$lut for cells of type $lut.
Using template $paramod$dcc21784e78c87ae1da6dbcac2b27a3ac5c4d394$lut for cells of type $lut.
Using template $paramod$f0e242f93bdcf05fab8dc769c34695f5c243e9b3$lut for cells of type $lut.
Using template $paramod$28d07f25c3f724c7772d8abfb9144e8c7168eee9$lut for cells of type $lut.
Using template $paramod$6aa498f357ba98b8be1c0c40af1767e91ef1e792$lut for cells of type $lut.
Using template $paramod$d310e3e0694af6248e651e404a50cc6035667efa$lut for cells of type $lut.
Using template $paramod$86c3d45faf78c83fe65e2e1f5354cc2f704582d4$lut for cells of type $lut.
Using template $paramod$53b847536e1ff4dc67cb6ffcc2a1b96794ccdbab$lut for cells of type $lut.
Using template $paramod$cc07ab514b971880119f9fe9b1aa7ceb19c26d08$lut for cells of type $lut.
Using template $paramod$641765d19b07224ee3905d13b3845bf933f6c51d$lut for cells of type $lut.
Using template $paramod$29492e4b689210ff3fe11e9e43fbf1d64bce115d$lut for cells of type $lut.
Using template $paramod$86e4ac392b89fc0cba75f5d7a03d15d56a120fdd$lut for cells of type $lut.
Using template $paramod$f12f5c320f33b032a5d8e9643b181e1c187aab62$lut for cells of type $lut.
Using template $paramod$baee406d84fe0a8ab3e46482a4f51900848b9595$lut for cells of type $lut.
Using template $paramod$d1753b1145dd81674b772b6c0e41c88ea50cbbbc$lut for cells of type $lut.
Using template $paramod$lut\WIDTH=s32'00000000000000000000000000000100\LUT=4'0110 for cells of type $lut.
Using template $paramod$71025da9fda189919bcd99d0c678523a2f3f77e1$lut for cells of type $lut.
Using template $paramod$45ad14593d516f6be4c5df20f7af4ad8f960753d$lut for cells of type $lut.
Using template $paramod$7e3bf395a077c5d1777809b088b36347c3a994e3$lut for cells of type $lut.
Using template $paramod$c0670f2aab73eea2cd5c91d3b03ce85be7de1148$lut for cells of type $lut.
Using template $paramod$3a56ef8ec85bdd8f264f27a9bafa0a81d604f010$lut for cells of type $lut.
Using template $paramod$739d1a5523ae8f620086ad6ac7ed696692cb1969$lut for cells of type $lut.
Using template $paramod$6d0d05788a4bfe02738d7ab1ff03cff4baff275c$lut for cells of type $lut.
Using template $paramod$4518d24fec38775f282096f22ad6cfb50f51384f$lut for cells of type $lut.
Using template $paramod$893a2d12b22003de091303ae130ec3e6b450bef2$lut for cells of type $lut.
Using template $paramod$682fb525e28526aa2b14d0a7620dca8eb11c5730$lut for cells of type $lut.
Using template $paramod$92b691340760c0585f421be09ef45d4f4fc1dd35$lut for cells of type $lut.
Using template $paramod$941e42d23e43e87d4bd9b0315166a8585c065ed7$lut for cells of type $lut.
Using template $paramod$d6c1fc082cd90cd2d6891c8cdf00852e1c858ca2$lut for cells of type $lut.
Using template $paramod$aade40e1b0a5b3408cc736afed3dc13c86408f61$lut for cells of type $lut.
Using template $paramod$1698bb7350a5ea3a06024e84bfe74a9a89c07fad$lut for cells of type $lut.
Using template $paramod$c17f783b2672ece4ec8753c85600d76537d11ec4$lut for cells of type $lut.
Using template $paramod$42253ec393aa297b297af920a318aa999ce61565$lut for cells of type $lut.
Using template $paramod$2274a105a4a0f2ee10298ac11fa23fbea35642e1$lut for cells of type $lut.
Using template $paramod$59ffe52bab897387925001b1e3f9a4683865bc3e$lut for cells of type $lut.
Using template $paramod$843f494e2a9308d7cb1a725c8865c6de0fc2cd36$lut for cells of type $lut.
Using template $paramod$d1374dd64afd8f03c51bc71ea5f77235e72d5eab$lut for cells of type $lut.
Using template $paramod$8f6bec787a3337fac89493b032dcc42ab6787b76$lut for cells of type $lut.
Using template $paramod$84ab56f4afb2ccb2fa99d6ee8f74b2ab7c2a8a78$lut for cells of type $lut.
Using template $paramod$5adc0744972d412a87bad377fc9b6173013074e5$lut for cells of type $lut.
Using template $paramod$2ec3479a8ef24ffe95410c9b2fbddfeda9f104eb$lut for cells of type $lut.
No more expansions possible.
<suppressed ~1009 debug messages>
Removed 0 unused cells and 884 unused wires.

5.14. Executing AUTONAME pass.
Renamed 805 objects in module panel.
<suppressed ~805 debug messages>

5.15. Executing HIERARCHY pass (managing design hierarchy).
Attribute `top' found on module `panel'. Setting top module to panel.

5.15.1. Analyzing design hierarchy..
Top module:  \panel

5.15.2. Analyzing design hierarchy..
Top module:  \panel
Removed 0 unused modules.

5.16. Printing statistics.

=== panel ===

        +----------Local Count, excluding submodules.
        | 
      215 wires
     1141 wire bits
      215 public wires
     1141 public wire bits
       16 ports
       16 port bits
        1 cells
        1   SB_GB
      621 submodules
      169   SB_CARRY
       29   SB_DFF
       15   SB_DFFE
       38   SB_DFFESR
        3   SB_DFFESS
       21   SB_DFFSR
      346   SB_LUT4

=== design hierarchy ===

        +----------Count including submodules.
        | 
        1 panel

        +----------Count including submodules.
        | 
      215 wires
     1141 wire bits
      215 public wires
     1141 public wire bits
       16 ports
       16 port bits
        - memories
        - memory bits
        - processes
        1 cells
        1   SB_GB
      621 submodules
      169   SB_CARRY
       29   SB_DFF
       15   SB_DFFE
       38   SB_DFFESR
        3   SB_DFFESS
       21   SB_DFFSR
      346   SB_LUT4

5.17. Executing CHECK pass (checking for obvious problems).
Checking module panel...
Found and reported 0 problems.

6. Executing TECHMAP pass (map to technology primitives).

6.1. Executing Verilog-2005 frontend: ornot2lut.v
Parsing Verilog input from `ornot2lut.v' to AST representation.
Generating RTLIL representation for module `\map_ornot'.
Generating RTLIL representation for module `\map_andnot'.
Successfully finished Verilog frontend.

6.2. Continuing TECHMAP pass.
No more expansions possible.
<suppressed ~4 debug messages>

7. Executing OPT_CLEAN pass (remove unused cells and wires).
Finding unused cells or wires in module \panel..
Removed 0 unused cells and 29 unused wires.
<suppressed ~29 debug messages>

8. Executing SYNTH_ICE40 pass.

8.1. Executing CHECK pass (checking for obvious problems).
Checking module panel...
Found and reported 0 problems.

8.2. Executing TECHMAP pass (map to technology primitives).

8.2.1. Executing Verilog-2005 frontend: C:\oss-cad-suite\bin\../share/yosys/ice40/latches_map.v
Parsing Verilog input from `C:\oss-cad-suite\bin\../share/yosys/ice40/latches_map.v' to AST representation.
Generating RTLIL representation for module `$_DLATCH_N_'.
Generating RTLIL representation for module `$_DLATCH_P_'.
Successfully finished Verilog frontend.

8.2.2. Continuing TECHMAP pass.
No more expansions possible.
<suppressed ~4 debug messages>

8.3. Executing SIMPLEMAP pass (map simple cells to gate primitives).

8.4. Executing TECHMAP pass (map to technology primitives).

8.4.1. Executing Verilog-2005 frontend: C:\oss-cad-suite\bin\../share/yosys/gate2lut.v
Parsing Verilog input from `C:\oss-cad-suite\bin\../share/yosys/gate2lut.v' to AST representation.
Generating RTLIL representation for module `\_90_lut_not'.
Generating RTLIL representation for module `\_90_lut_or'.
Generating RTLIL representation for module `\_90_lut_and'.
Generating RTLIL representation for module `\_90_lut_xor'.
Generating RTLIL representation for module `\_90_lut_mux'.
Successfully finished Verilog frontend.

8.4.2. Continuing TECHMAP pass.
No more expansions possible.
<suppressed ~7 debug messages>

8.5. Executing ICE40_WRAPCARRY pass (wrap carries).

8.6. Executing TECHMAP pass (map to technology primitives).

8.6.1. Executing Verilog-2005 frontend: C:\oss-cad-suite\bin\../share/yosys/ice40/ff_map.v
Parsing Verilog input from `C:\oss-cad-suite\bin\../share/yosys/ice40/ff_map.v' to AST representation.
Generating RTLIL representation for module `$_DFF_N_'.
Generating RTLIL representation for module `$_DFF_P_'.
Generating RTLIL representation for module `$_DFFE_NP_'.
Generating RTLIL representation for module `$_DFFE_PP_'.
Generating RTLIL representation for module `$_DFF_NP0_'.
Generating RTLIL representation for module `$_DFF_NP1_'.
Generating RTLIL representation for module `$_DFF_PP0_'.
Generating RTLIL representation for module `$_DFF_PP1_'.
Generating RTLIL representation for module `$_DFFE_NP0P_'.
Generating RTLIL representation for module `$_DFFE_NP1P_'.
Generating RTLIL representation for module `$_DFFE_PP0P_'.
Generating RTLIL representation for module `$_DFFE_PP1P_'.
Generating RTLIL representation for module `$_SDFF_NP0_'.
Generating RTLIL representation for module `$_SDFF_NP1_'.
Generating RTLIL representation for module `$_SDFF_PP0_'.
Generating RTLIL representation for module `$_SDFF_PP1_'.
Generating RTLIL representation for module `$_SDFFCE_NP0P_'.
Generating RTLIL representation for module `$_SDFFCE_NP1P_'.
Generating RTLIL representation for module `$_SDFFCE_PP0P_'.
Generating RTLIL representation for module `$_SDFFCE_PP1P_'.
Successfully finished Verilog frontend.

8.6.2. Continuing TECHMAP pass.
No more expansions possible.
<suppressed ~22 debug messages>

8.7. Executing OPT_LUT pass (optimize LUTs).
Discovering LUTs.
Number of LUTs:        0
  with \SB_CARRY    (#0)    0
  with \SB_CARRY    (#1)    0

Eliminating LUTs.
Number of LUTs:        0
  with \SB_CARRY    (#0)    0
  with \SB_CARRY    (#1)    0

Combining LUTs.
Number of LUTs:        0
  with \SB_CARRY    (#0)    0
  with \SB_CARRY    (#1)    0

Eliminated 0 LUTs.
Combined 0 LUTs.

8.8. Executing TECHMAP pass (map to technology primitives).

8.8.1. Executing Verilog-2005 frontend: C:\oss-cad-suite\bin\../share/yosys/ice40/cells_map.v
Parsing Verilog input from `C:\oss-cad-suite\bin\../share/yosys/ice40/cells_map.v' to AST representation.
Generating RTLIL representation for module `$lut'.
Successfully finished Verilog frontend.

8.8.2. Continuing TECHMAP pass.
No more expansions possible.
<suppressed ~3 debug messages>

9. Executing JSON backend.

10. Printing statistics.

=== panel ===

        +----------Local Count, excluding submodules.
        | 
      186 wires
      927 wire bits
      186 public wires
      927 public wire bits
       16 ports
       16 port bits
      622 cells
      169   SB_CARRY
       29   SB_DFF
       15   SB_DFFE
       38   SB_DFFESR
        3   SB_DFFESS
       21   SB_DFFSR
        1   SB_GB
      346   SB_LUT4

End of script. Logfile hash: 240695aa8c
Yosys 0.69+71 (git sha1 150c32b03-dirty, Release, GNU /usr/bin/x86_64-w64-mingw32-g++ 15.2.1)
Time spent: 1% 31x opt_expr (0 sec), 1% 28x opt_clean (0 sec), ...
Info: constrained 'CLK' to bel 'X0/Y8/io1'
Info: constrained 'R1' to bel 'X0/Y13/io1'
Info: constrained 'G1' to bel 'X0/Y13/io0'
Info: constrained 'B1' to bel 'X0/Y12/io0'
Info: constrained 'R2' to bel 'X0/Y10/io1'
Info: constrained 'G2' to bel 'X0/Y10/io0'
Info: constrained 'B2' to bel 'X0/Y9/io1'
Info: constrained 'A' to bel 'X0/Y9/io0'
Info: constrained 'B' to bel 'X0/Y8/io0'
Info: constrained 'C' to bel 'X0/Y6/io1'
Info: constrained 'SCLK' to bel 'X0/Y6/io0'
Info: constrained 'LAT' to bel 'X0/Y4/io1'
Info: constrained 'OE' to bel 'X0/Y4/io0'
Info: constrained 'LED1' to bel 'X9/Y0/io1'
Info: constrained 'LED2' to bel 'X13/Y3/io1'
Info: constrained 'TX' to bel 'X0/Y12/io1'
Info: constraining clock net 'CLK' to 100.00 MHz
Info: constraining clock net 'clk' to 25.00 MHz

Info: Packing constants..
Info: Packing IOs..
Info: Packing LUT-FFs..
Info:      249 LCs used as LUT4 only
Info:       97 LCs used as LUT4 and DFF
Info: Packing non-LUT FFs..
Info:        9 LCs used as DFF only
Info: Packing carries..
Info:       87 LCs used as CARRY only
Info: Packing indirect carry+LUT pairs...
Info:        1 LUTs merged into carry LCs
Info: Packing RAMs..
Info: Placing PLLs..
Info: Packing special functions..
Info: Packing PLLs..
Info: Promoting globals..
Info: promoting CLK$SB_IO_IN (fanout 2)
Info: Constraining chains...
Info:       32 LCs used to legalise carry chains.
Info: Checksum: 0xa77a9d19

Info: Device utilisation:
Info: 	         ICESTORM_LC:     477/   1280    37%
Info: 	        ICESTORM_RAM:       0/     16     0%
Info: 	               SB_IO:      16/     72    22%
Info: 	               SB_GB:       2/      8    25%
Info: 	         SB_WARMBOOT:       0/      1     0%

Info: Placed 16 cells based on constraints.
Info: Creating initial analytic placement for 286 cells, random placement wirelen = 4625.
Info:     at initial placer iter 0, wirelen = 153
Info:     at initial placer iter 1, wirelen = 141
Info:     at initial placer iter 2, wirelen = 134
Info:     at initial placer iter 3, wirelen = 142
Info: Running main analytical placer, max placement attempts per cell = 30628.
Info:     at iteration #1, type ALL: wirelen solved = 134, spread = 1524, legal = 1588; time = 0.01s
Info:     at iteration #2, type ALL: wirelen solved = 166, spread = 1303, legal = 1390; time = 0.01s
Info:     at iteration #3, type ALL: wirelen solved = 210, spread = 1203, legal = 1285; time = 0.01s
Info:     at iteration #4, type ALL: wirelen solved = 215, spread = 1219, legal = 1304; time = 0.01s
Info:     at iteration #5, type ALL: wirelen solved = 252, spread = 1212, legal = 1349; time = 0.01s
Info:     at iteration #6, type ALL: wirelen solved = 291, spread = 1141, legal = 1355; time = 0.01s
Info:     at iteration #7, type ALL: wirelen solved = 329, spread = 1053, legal = 1145; time = 0.01s
Info:     at iteration #8, type ALL: wirelen solved = 377, spread = 1037, legal = 1126; time = 0.01s
Info:     at iteration #9, type ALL: wirelen solved = 411, spread = 1118, legal = 1232; time = 0.01s
Info:     at iteration #10, type ALL: wirelen solved = 385, spread = 976, legal = 1100; time = 0.01s
Info:     at iteration #11, type ALL: wirelen solved = 449, spread = 972, legal = 1062; time = 0.01s
Info:     at iteration #12, type ALL: wirelen solved = 430, spread = 950, legal = 1047; time = 0.01s
Info:     at iteration #13, type ALL: wirelen solved = 442, spread = 931, legal = 1067; time = 0.01s
Info:     at iteration #14, type ALL: wirelen solved = 450, spread = 937, legal = 1098; time = 0.01s
Info:     at iteration #15, type ALL: wirelen solved = 476, spread = 996, legal = 1050; time = 0.01s
Info:     at iteration #16, type ALL: wirelen solved = 509, spread = 1092, legal = 1120; time = 0.01s
Info:     at iteration #17, type ALL: wirelen solved = 535, spread = 874, legal = 1070; time = 0.01s
Info: HeAP Placer Time: 0.22s
Info:   of which solving equations: 0.17s
Info:   of which spreading cells: 0.01s
Info:   of which strict legalisation: 0.01s

Info: Running simulated annealing placer for refinement.
Info:   at iteration #1: temp = 0.000000, timing cost = 86, wirelen = 1047
Info:   at iteration #5: temp = 0.000000, timing cost = 74, wirelen = 853
Info:   at iteration #10: temp = 0.000000, timing cost = 72, wirelen = 786
Info:   at iteration #15: temp = 0.000000, timing cost = 72, wirelen = 755
Info:   at iteration #20: temp = 0.000000, timing cost = 72, wirelen = 737
Info:   at iteration #22: temp = 0.000000, timing cost = 72, wirelen = 731 
Info: SA placement time 0.26s

Info: Max frequency for clock                   'clk': 49.65 MHz (PASS at 25.00 MHz)
Info: Max frequency for clock 'CLK$SB_IO_IN_$glb_clk': 626.57 MHz (PASS at 100.00 MHz)

Info: Max delay posedge clk -> <async>: 3.82 ns

Info: Slack histogram:
Info:  legend: * represents 1 endpoint(s)
Info:          + represents [1,1) endpoint(s)
Info: [  8404,   9915) |*+
Info: [  9915,  11426) | 
Info: [ 11426,  12937) | 
Info: [ 12937,  14448) | 
Info: [ 14448,  15959) | 
Info: [ 15959,  17470) | 
Info: [ 17470,  18981) | 
Info: [ 18981,  20492) |*********+
Info: [ 20492,  22003) |**+
Info: [ 22003,  23514) |**********+
Info: [ 23514,  25025) |**+
Info: [ 25025,  26536) | 
Info: [ 26536,  28047) |*+
Info: [ 28047,  29558) | 
Info: [ 29558,  31069) |*******+
Info: [ 31069,  32580) |**************+
Info: [ 32580,  34091) |****************+
Info: [ 34091,  35602) |****************************** 
Info: [ 35602,  37113) |**********************************************+
Info: [ 37113,  38624) |************************************************************ 
Info: Checksum: 0x588cfbf7

Info: Routing..
Info: Setting up routing queue.
Info: Routing 1378 arcs.
Info:            |   (re-)routed arcs  |   delta    | remaining|       time spent     |
Info:    IterCnt |  w/ripup   wo/ripup |  w/r  wo/r |      arcs| batch(sec) total(sec)|
Info:       1000 |      153        783 |  153   783 |       563|       0.09       0.09|
Info:       1598 |      186       1243 |   33   460 |         0|       0.04       0.13|
Info: Routing complete.
Info: Router1 time 0.13s
Info: Checksum: 0x828c1930

Info: Critical path report for clock 'clk' (posedge -> posedge):
Info:       type curr  total name
Info:   clk-to-q  0.54  0.54 Source state_SB_DFFESS_Q_D_SB_LUT4_O_LC.O
Info:    routing  0.59  1.13 Net state_SB_DFFESR_Q_D_SB_LUT4_O_I3[1] (4,7) -> (4,7)
Info:                          Sink state_SB_DFFESS_Q_D_SB_LUT4_O_I1_SB_LUT4_O_LC.I0
Info:                          Defined in:
Info:                               panel.v:138.39-138.51
Info:                               C:\oss-cad-suite\bin\../share/yosys/ice40/arith_map.v:51.21-51.22
Info:      logic  0.45  1.58 Source state_SB_DFFESS_Q_D_SB_LUT4_O_I1_SB_LUT4_O_LC.O
Info:    routing  0.59  2.16 Net state_SB_DFFESR_Q_D[0] (4,7) -> (5,7)
Info:                          Sink state_SB_DFFESS_Q_D_SB_LUT4_O_I1_SB_LUT4_I0_LC.I0
Info:                          Defined in:
Info:                               panel.v:109.32-109.32
Info:                               panel.v:105.9-112.16
Info:                               C:\oss-cad-suite\bin\../share/yosys/gate2lut.v:29.7-32.6
Info:                               C:\oss-cad-suite\bin\../share/yosys/ice40/cells_map.v:6.21-6.22
Info:      logic  0.45  2.61 Source state_SB_DFFESS_Q_D_SB_LUT4_O_I1_SB_LUT4_I0_LC.O
Info:    routing  0.59  3.20 Net state_SB_DFFESS_Q_D_SB_LUT4_O_I1_SB_LUT4_I0_O[0] (5,7) -> (4,7)
Info:                          Sink state_SB_DFFESS_Q_D_SB_LUT4_O_I1_SB_LUT4_I0_O_SB_LUT4_I1_LC.I0
Info:                          Defined in:
Info:                               panel.v:101.31-101.31
Info:                               panel.v:95.9-104.16
Info:                               C:\oss-cad-suite\bin\../share/yosys/gate2lut.v:29.7-32.6
Info:                               C:\oss-cad-suite\bin\../share/yosys/ice40/cells_map.v:6.21-6.22
Info:      logic  0.45  3.65 Source state_SB_DFFESS_Q_D_SB_LUT4_O_I1_SB_LUT4_I0_O_SB_LUT4_I1_LC.O
Info:    routing  0.59  4.24 Net state_SB_DFFESR_Q_R[0] (4,7) -> (4,7)
Info:                          Sink state_SB_DFFESS_Q_D_SB_LUT4_O_I1_SB_LUT4_I0_O_SB_LUT4_I1_O_SB_LUT4_I0_LC.I0
Info:                          Defined in:
Info:                               C:\oss-cad-suite\bin\../share/yosys/gate2lut.v:29.7-32.6
Info:                               C:\oss-cad-suite\bin\../share/yosys/ice40/cells_map.v:6.21-6.22
Info:      logic  0.45  4.68 Source state_SB_DFFESS_Q_D_SB_LUT4_O_I1_SB_LUT4_I0_O_SB_LUT4_I1_O_SB_LUT4_I0_LC.O
Info:    routing  0.59  5.27 Net state_SB_DFFESS_Q_D_SB_LUT4_O_I1_SB_LUT4_I0_O_SB_LUT4_I1_O_SB_LUT4_I0_O[0] (4,7) -> (4,6)
Info:                          Sink state_SB_DFFESS_Q_D_SB_LUT4_O_I1_SB_LUT4_I0_1_O_SB_LUT4_I0_2_I1_SB_LUT4_I1_O_SB_LUT4_O_1_LC.I0
Info:                          Defined in:
Info:                               panel.v:101.31-101.31
Info:                               panel.v:95.9-104.16
Info:                               C:\oss-cad-suite\bin\../share/yosys/gate2lut.v:29.7-32.6
Info:                               C:\oss-cad-suite\bin\../share/yosys/ice40/cells_map.v:6.21-6.22
Info:      logic  0.45  5.72 Source state_SB_DFFESS_Q_D_SB_LUT4_O_I1_SB_LUT4_I0_1_O_SB_LUT4_I0_2_I1_SB_LUT4_I1_O_SB_LUT4_O_1_LC.O
Info:    routing  0.59  6.31 Net state_SB_DFFESS_Q_D_SB_LUT4_O_I1_SB_LUT4_I0_1_O_SB_LUT4_I0_2_I1_SB_LUT4_I1_O[0] (4,6) -> (4,6)
Info:                          Sink length_SB_LUT4_O_I2_SB_LUT4_O_LC.I0
Info:                          Defined in:
Info:                               panel.v:101.31-101.31
Info:                               panel.v:95.9-104.16
Info:                               C:\oss-cad-suite\bin\../share/yosys/gate2lut.v:29.7-32.6
Info:                               C:\oss-cad-suite\bin\../share/yosys/ice40/cells_map.v:6.21-6.22
Info:      logic  0.45  6.76 Source length_SB_LUT4_O_I2_SB_LUT4_O_LC.O
Info:    routing  0.59  7.34 Net length_SB_LUT4_O_I2[0] (4,6) -> (4,5)
Info:                          Sink length_SB_LUT4_O_LC.I2
Info:                          Defined in:
Info:                               panel.v:101.31-101.31
Info:                               panel.v:95.9-104.16
Info:                               C:\oss-cad-suite\bin\../share/yosys/gate2lut.v:46.7-49.6
Info:                               C:\oss-cad-suite\bin\../share/yosys/ice40/cells_map.v:6.21-6.22
Info:      logic  0.38  7.72 Source length_SB_LUT4_O_LC.O
Info:    routing  1.27  9.00 Net C_SB_DFFESR_Q_D_SB_LUT4_O_I1_SB_LUT4_O_1_I0_SB_LUT4_I1_O_SB_LUT4_O_I3_SB_LUT4_O_I3[1] (4,5) -> (2,4)
Info:                          Sink $nextpnr_ICESTORM_LC_24.I1
Info:                          Defined in:
Info:                               panel.v:93.16-93.22
Info:      logic  0.26  9.26 Source $nextpnr_ICESTORM_LC_24.COUT
Info:    routing  0.00  9.26 Net $nextpnr_ICESTORM_LC_24$O (2,4) -> (2,4)
Info:                          Sink C_SB_DFFESR_Q_D_SB_LUT4_O_I1_SB_LUT4_O_1_I0_SB_LUT4_I1_O_SB_LUT4_O_I3_SB_LUT4_O_I2_SB_LUT4_O_I3_SB_LUT4_O_I3_SB_LUT4_O_LC.CIN
Info:      logic  0.13  9.38 Source C_SB_DFFESR_Q_D_SB_LUT4_O_I1_SB_LUT4_O_1_I0_SB_LUT4_I1_O_SB_LUT4_O_I3_SB_LUT4_O_I2_SB_LUT4_O_I3_SB_LUT4_O_I3_SB_LUT4_O_LC.COUT
Info:    routing  0.00  9.38 Net C_SB_DFFESR_Q_D_SB_LUT4_O_I1_SB_LUT4_O_1_I0_SB_LUT4_I1_O_SB_LUT4_O_I3_SB_LUT4_O_I3[2] (2,4) -> (2,4)
Info:                          Sink C_SB_DFFESR_Q_D_SB_LUT4_O_I1_SB_LUT4_O_1_I0_SB_LUT4_I1_O_SB_LUT4_O_I3_SB_LUT4_O_I2_SB_LUT4_O_I3_SB_LUT4_O_I3_SB_LUT4_O_6_LC.CIN
Info:                          Defined in:
Info:                               panel.v:125.30-125.40
Info:                               C:\oss-cad-suite\bin\../share/yosys/ice40/arith_map.v:51.21-51.22
Info:      logic  0.13  9.51 Source C_SB_DFFESR_Q_D_SB_LUT4_O_I1_SB_LUT4_O_1_I0_SB_LUT4_I1_O_SB_LUT4_O_I3_SB_LUT4_O_I2_SB_LUT4_O_I3_SB_LUT4_O_I3_SB_LUT4_O_6_LC.COUT
Info:    routing  0.00  9.51 Net C_SB_DFFESR_Q_D_SB_LUT4_O_I1_SB_LUT4_O_1_I0_SB_LUT4_I1_O_SB_LUT4_O_I3_SB_LUT4_O_I3[3] (2,4) -> (2,4)
Info:                          Sink C_SB_DFFESR_Q_D_SB_LUT4_O_I1_SB_LUT4_O_1_I0_SB_LUT4_I1_O_SB_LUT4_O_I3_SB_LUT4_O_I2_SB_LUT4_O_I3_SB_LUT4_O_I3_SB_LUT4_O_5_LC.CIN
Info:                          Defined in:
Info:                               panel.v:125.30-125.40
Info:                               C:\oss-cad-suite\bin\../share/yosys/ice40/arith_map.v:51.21-51.22
Info:      logic  0.13  9.63 Source C_SB_DFFESR_Q_D_SB_LUT4_O_I1_SB_LUT4_O_1_I0_SB_LUT4_I1_O_SB_LUT4_O_I3_SB_LUT4_O_I2_SB_LUT4_O_I3_SB_LUT4_O_I3_SB_LUT4_O_5_LC.COUT
Info:    routing  0.00  9.63 Net C_SB_DFFESR_Q_D_SB_LUT4_O_I1_SB_LUT4_O_1_I0_SB_LUT4_I1_O_SB_LUT4_O_I3_SB_LUT4_O_I3[4] (2,4) -> (2,4)
Info:                          Sink C_SB_DFFESR_Q_D_SB_LUT4_O_I1_SB_LUT4_O_1_I0_SB_LUT4_I1_O_SB_LUT4_O_I3_SB_LUT4_O_I2_SB_LUT4_O_I3_SB_LUT4_O_I3_SB_LUT4_O_4_LC.CIN
Info:                          Defined in:
Info:                               panel.v:125.30-125.40
Info:                               C:\oss-cad-suite\bin\../share/yosys/ice40/arith_map.v:51.21-51.22
Info:      logic  0.13  9.76 Source C_SB_DFFESR_Q_D_SB_LUT4_O_I1_SB_LUT4_O_1_I0_SB_LUT4_I1_O_SB_LUT4_O_I3_SB_LUT4_O_I2_SB_LUT4_O_I3_SB_LUT4_O_I3_SB_LUT4_O_4_LC.COUT
Info:    routing  0.00  9.76 Net C_SB_DFFESR_Q_D_SB_LUT4_O_I1_SB_LUT4_O_1_I0_SB_LUT4_I1_O_SB_LUT4_O_I3_SB_LUT4_O_I3[5] (2,4) -> (2,4)
Info:                          Sink C_SB_DFFESR_Q_D_SB_LUT4_O_I1_SB_LUT4_O_1_I0_SB_LUT4_I1_O_SB_LUT4_O_I3_SB_LUT4_O_I2_SB_LUT4_O_I3_SB_LUT4_O_I3_SB_LUT4_O_3_LC.CIN
Info:                          Defined in:
Info:                               panel.v:125.30-125.40
Info:                               C:\oss-cad-suite\bin\../share/yosys/ice40/arith_map.v:51.21-51.22
Info:      logic  0.13  9.89 Source C_SB_DFFESR_Q_D_SB_LUT4_O_I1_SB_LUT4_O_1_I0_SB_LUT4_I1_O_SB_LUT4_O_I3_SB_LUT4_O_I2_SB_LUT4_O_I3_SB_LUT4_O_I3_SB_LUT4_O_3_LC.COUT
Info:    routing  0.00  9.89 Net C_SB_DFFESR_Q_D_SB_LUT4_O_I1_SB_LUT4_O_1_I0_SB_LUT4_I1_O_SB_LUT4_O_I3_SB_LUT4_O_I3[6] (2,4) -> (2,4)
Info:                          Sink C_SB_DFFESR_Q_D_SB_LUT4_O_I1_SB_LUT4_O_1_I0_SB_LUT4_I1_O_SB_LUT4_O_I3_SB_LUT4_O_I2_SB_LUT4_O_I3_SB_LUT4_O_I3_SB_LUT4_O_7_LC.CIN
Info:                          Defined in:
Info:                               panel.v:125.30-125.40
Info:                               C:\oss-cad-suite\bin\../share/yosys/ice40/arith_map.v:51.21-51.22
Info:      logic  0.13  10.01 Source C_SB_DFFESR_Q_D_SB_LUT4_O_I1_SB_LUT4_O_1_I0_SB_LUT4_I1_O_SB_LUT4_O_I3_SB_LUT4_O_I2_SB_LUT4_O_I3_SB_LUT4_O_I3_SB_LUT4_O_7_LC.COUT
Info:    routing  0.00  10.01 Net $nextpnr_ICESTORM_LC_25$I3 (2,4) -> (2,4)
Info:                          Sink $nextpnr_ICESTORM_LC_25.CIN
Info:      logic  0.13  10.14 Source $nextpnr_ICESTORM_LC_25.COUT
Info:    routing  0.20  10.33 Net $nextpnr_ICESTORM_LC_25$COUT (2,4) -> (2,5)
Info:                          Sink C_SB_DFFESR_Q_D_SB_LUT4_O_I1_SB_LUT4_O_1_I0_SB_LUT4_I1_O_SB_LUT4_O_I3_SB_LUT4_O_I2_SB_LUT4_O_2_I3_SB_LUT4_O_LC.CIN
Info:      logic  0.13  10.46 Source C_SB_DFFESR_Q_D_SB_LUT4_O_I1_SB_LUT4_O_1_I0_SB_LUT4_I1_O_SB_LUT4_O_I3_SB_LUT4_O_I2_SB_LUT4_O_2_I3_SB_LUT4_O_LC.COUT
Info:    routing  0.26  10.72 Net $nextpnr_ICESTORM_LC_26$I3 (2,5) -> (2,5)
Info:                          Sink $nextpnr_ICESTORM_LC_26.I3
Info:      logic  0.31  11.03 Source $nextpnr_ICESTORM_LC_26.O
Info:    routing  0.59  11.62 Net C_SB_DFFESR_Q_D_SB_LUT4_O_I1_SB_LUT4_O_1_I0_SB_LUT4_I1_O_SB_LUT4_O_I3_SB_LUT4_O_I3[10] (2,5) -> (2,6)
Info:                          Sink C_SB_DFFESR_Q_D_SB_LUT4_O_I1_SB_LUT4_O_1_I0_SB_LUT4_I1_O_SB_LUT4_O_I3_SB_LUT4_O_I2_SB_LUT4_O_I3_SB_LUT4_O_I3_SB_LUT4_O_2_LC.I0
Info:                          Defined in:
Info:                               panel.v:125.30-125.40
Info:                               C:\oss-cad-suite\bin\../share/yosys/ice40/arith_map.v:51.21-51.22
Info:      logic  0.45  12.07 Source C_SB_DFFESR_Q_D_SB_LUT4_O_I1_SB_LUT4_O_1_I0_SB_LUT4_I1_O_SB_LUT4_O_I3_SB_LUT4_O_I2_SB_LUT4_O_I3_SB_LUT4_O_I3_SB_LUT4_O_2_LC.O
Info:    routing  0.59  12.66 Net C_SB_DFFESR_Q_D_SB_LUT4_O_I1_SB_LUT4_O_1_I0_SB_LUT4_I1_O_SB_LUT4_O_I3_SB_LUT4_O_I2_SB_LUT4_O_I3_SB_LUT4_O_I3[10] (2,6) -> (2,6)
Info:                          Sink C_SB_DFFESR_Q_D_SB_LUT4_O_I1_SB_LUT4_O_1_I0_SB_LUT4_I1_O_SB_LUT4_O_I3_SB_LUT4_O_I2_SB_LUT4_O_1_I3_SB_LUT4_O_1_LC.I1
Info:                          Defined in:
Info:                               panel.v:125.30-125.40
Info:                               C:\oss-cad-suite\bin\../share/yosys/ice40/arith_map.v:33.26-33.27
Info:      logic  0.40  13.06 Source C_SB_DFFESR_Q_D_SB_LUT4_O_I1_SB_LUT4_O_1_I0_SB_LUT4_I1_O_SB_LUT4_O_I3_SB_LUT4_O_I2_SB_LUT4_O_1_I3_SB_LUT4_O_1_LC.O
Info:    routing  0.59  13.64 Net C_SB_DFFESR_Q_D_SB_LUT4_O_I1_SB_LUT4_O_1_I0_SB_LUT4_I1_O_SB_LUT4_O_I3_SB_LUT4_O_I2_SB_LUT4_O_1_I3[0] (2,6) -> (2,6)
Info:                          Sink C_SB_DFFESR_Q_D_SB_LUT4_O_I1_SB_LUT4_O_1_I0_SB_LUT4_I1_O_SB_LUT4_O_I3_SB_LUT4_O_I2_SB_LUT4_O_1_LC.I0
Info:                          Defined in:
Info:                               panel.v:125.21-125.40
Info:                               C:\oss-cad-suite\bin\../share/yosys/gate2lut.v:29.7-32.6
Info:                               C:\oss-cad-suite\bin\../share/yosys/ice40/cells_map.v:6.21-6.22
Info:      logic  0.45  14.09 Source C_SB_DFFESR_Q_D_SB_LUT4_O_I1_SB_LUT4_O_1_I0_SB_LUT4_I1_O_SB_LUT4_O_I3_SB_LUT4_O_I2_SB_LUT4_O_1_LC.O
Info:    routing  0.59  14.68 Net C_SB_DFFESR_Q_D_SB_LUT4_O_I1_SB_LUT4_O_1_I0_SB_LUT4_I1_O_SB_LUT4_O_I3_SB_LUT4_O_I2[1] (2,6) -> (2,5)
Info:                          Sink C_SB_DFFESR_Q_D_SB_LUT4_O_I1_SB_LUT4_O_1_I0_SB_LUT4_I1_O_SB_LUT4_O_I3_SB_LUT4_O_LC.I1
Info:                          Defined in:
Info:                               panel.v:125.21-125.40
Info:                               C:\oss-cad-suite\bin\../share/yosys/gate2lut.v:29.7-32.6
Info:                               C:\oss-cad-suite\bin\../share/yosys/ice40/cells_map.v:6.21-6.22
Info:      logic  0.40  15.08 Source C_SB_DFFESR_Q_D_SB_LUT4_O_I1_SB_LUT4_O_1_I0_SB_LUT4_I1_O_SB_LUT4_O_I3_SB_LUT4_O_LC.O
Info:    routing  1.27  16.35 Net C_SB_DFFESR_Q_D_SB_LUT4_O_I1_SB_LUT4_O_1_I0_SB_LUT4_I1_O_SB_LUT4_I1_O_SB_LUT4_O_2_I1_SB_LUT4_O_I1[3] (2,5) -> (4,3)
Info:                          Sink C_SB_DFFESR_Q_D_SB_LUT4_O_I1_SB_LUT4_O_1_I0_SB_LUT4_I1_O_SB_LUT4_O_I3_SB_LUT4_I0_LC.I0
Info:                          Defined in:
Info:                               panel.v:127.25-127.35
Info:                               panel.v:127.21-138.52
Info:                               C:\oss-cad-suite\bin\../share/yosys/gate2lut.v:83.7-86.6
Info:                               C:\oss-cad-suite\bin\../share/yosys/ice40/cells_map.v:6.21-6.22
Info:      logic  0.45  16.80 Source C_SB_DFFESR_Q_D_SB_LUT4_O_I1_SB_LUT4_O_1_I0_SB_LUT4_I1_O_SB_LUT4_O_I3_SB_LUT4_I0_LC.O
Info:    routing  1.13  17.93 Net C_SB_DFFESR_Q_D_SB_LUT4_O_I1_SB_LUT4_O_1_I0_SB_LUT4_I1_O_SB_LUT4_O_I3_SB_LUT4_I0_O[0] (4,3) -> (4,8)
Info:                          Sink state_SB_DFFESR_Q_R_SB_LUT4_I2_O_SB_LUT4_O_LC.I2
Info:                          Defined in:
Info:                               C:\oss-cad-suite\bin\../share/yosys/gate2lut.v:46.7-49.6
Info:                               C:\oss-cad-suite\bin\../share/yosys/ice40/cells_map.v:6.21-6.22
Info:      logic  0.38  18.31 Source state_SB_DFFESR_Q_R_SB_LUT4_I2_O_SB_LUT4_O_LC.O
Info:    routing  0.59  18.90 Net state_SB_DFFESR_Q_R_SB_LUT4_I2_O[1] (4,8) -> (4,9)
Info:                          Sink state_SB_DFFESR_Q_R_SB_LUT4_I2_O_SB_LUT4_I1_LC.I1
Info:                          Defined in:
Info:                               C:\oss-cad-suite\bin\../share/yosys/gate2lut.v:46.7-49.6
Info:                               C:\oss-cad-suite\bin\../share/yosys/ice40/cells_map.v:6.21-6.22
Info:      logic  0.40  19.29 Source state_SB_DFFESR_Q_R_SB_LUT4_I2_O_SB_LUT4_I1_LC.O
Info:    routing  1.62  20.91 Net state_SB_DFFESR_Q_R_SB_LUT4_I2_O_SB_LUT4_I1_O (4,9) -> (4,9)
Info:                          Sink phase_SB_DFFESR_Q_7_DFFLC.CEN
Info:      setup  0.10  21.01 Source phase_SB_DFFESR_Q_7_DFFLC.CEN
Info: 8.21 ns logic, 12.81 ns routing

Info: Critical path report for clock 'CLK$SB_IO_IN_$glb_clk' (posedge -> posedge):
Info:       type curr  total name
Info:   clk-to-q  0.54  0.54 Source div_SB_DFF_Q_1_D_SB_LUT4_O_LC.O
Info:    routing  0.59  1.13 Net div[0] (6,16) -> (6,16)
Info:                          Sink div_SB_DFF_Q_1_D_SB_LUT4_O_LC.I0
Info:                          Defined in:
Info:                               panel.v:24.15-24.18
Info:      setup  0.47  1.60 Source div_SB_DFF_Q_1_D_SB_LUT4_O_LC.I0
Info: 1.01 ns logic, 0.59 ns routing

Info: Critical path report for cross-domain path 'posedge clk' -> '<async>':
Info:       type curr  total name
Info:   clk-to-q  0.54  0.54 Source uart_bit_SB_DFFE_Q_D_SB_LUT4_O_LC.O
Info:    routing  0.59  1.13 Net TX_SB_LUT4_O_I0[2] (2,12) -> (2,13)
Info:                          Sink TX_SB_LUT4_O_I0_SB_LUT4_O_LC.I0
Info:                          Defined in:
Info:                               panel.v:44.25-44.40
Info:                               C:\oss-cad-suite\bin\../share/yosys/ice40/arith_map.v:51.21-51.22
Info:      logic  0.45  1.58 Source TX_SB_LUT4_O_I0_SB_LUT4_O_LC.O
Info:    routing  0.59  2.16 Net TX_SB_LUT4_O_I0[0] (2,13) -> (2,13)
Info:                          Sink TX_SB_LUT4_O_LC.I0
Info:                          Defined in:
Info:                               panel.v:47.18-47.31
Info:                               C:\oss-cad-suite\bin\../share/yosys/gate2lut.v:29.7-32.6
Info:                               C:\oss-cad-suite\bin\../share/yosys/ice40/cells_map.v:6.21-6.22
Info:      logic  0.45  2.61 Source TX_SB_LUT4_O_LC.O
Info:    routing  1.33  3.94 Net TX$SB_IO_OUT (2,13) -> (0,12)
Info:                          Sink TX$sb_io.D_OUT_0
Info:                          Defined in:
Info:                               panel.v:18.12-18.14
Info: 1.44 ns logic, 2.51 ns routing

Info: Max frequency for clock                   'clk': 47.59 MHz (PASS at 25.00 MHz)
Info: Max frequency for clock 'CLK$SB_IO_IN_$glb_clk': 626.57 MHz (PASS at 100.00 MHz)

Info: Max delay posedge clk -> <async>: 3.94 ns

Info: Slack histogram:
Info:  legend: * represents 1 endpoint(s)
Info:          + represents [1,1) endpoint(s)
Info: [  8404,   9911) |*+
Info: [  9911,  11418) | 
Info: [ 11418,  12925) | 
Info: [ 12925,  14432) | 
Info: [ 14432,  15939) | 
Info: [ 15939,  17446) | 
Info: [ 17446,  18953) | 
Info: [ 18953,  20460) |************+
Info: [ 20460,  21967) |*********+
Info: [ 21967,  23474) |***+
Info: [ 23474,  24981) | 
Info: [ 24981,  26488) | 
Info: [ 26488,  27995) | 
Info: [ 27995,  29502) |*+
Info: [ 29502,  31009) |*******+
Info: [ 31009,  32516) |*****************+
Info: [ 32516,  34023) |***************+
Info: [ 34023,  35530) |*******************************************+
Info: [ 35530,  37037) |************************************+
Info: [ 37037,  38544) |************************************************************ 

Info: Program finished normally.

Algorithm       Hash                                                                   Path
---------       ----                                                                   ----
SHA256          5A7233112E1AA24E5CEB7DF4C31320AB26AB8FFEB151E88EA7A6C429205C7BD7       C:\Users\user\Documents\fpga\pan…

