
-- Executing script file `synth.ys' --

1. Executing Verilog-2005 frontend: panel.v
Parsing SystemVerilog input from `panel.v' to AST representation.
Generating RTLIL representation for module `\panel'.
Successfully finished Verilog frontend.

2. Executing SYNTH_ICE40 pass.

2.1. Executing Verilog-2005 frontend: C:\oss-cad-suite\bin\../share/yosys/ice40/cells_sim.v
Parsing Verilog input from `C:\oss-cad-suite\bin\../share/yosys/ice40/cells_sim.v' to AST representation.
Generating RTLIL representation for module `\SB_IO'.
Generating RTLIL representation for module `\SB_GB_IO'.
Generating RTLIL representation for module `\SB_GB'.
Generating RTLIL representation for module `\SB_LUT4'.
Generating RTLIL representation for module `\SB_CARRY'.
Generating RTLIL representation for module `\SB_DFF'.
Generating RTLIL representation for module `\SB_DFFE'.
Generating RTLIL representation for module `\SB_DFFSR'.
Generating RTLIL representation for module `\SB_DFFR'.
Generating RTLIL representation for module `\SB_DFFSS'.
Generating RTLIL representation for module `\SB_DFFS'.
Generating RTLIL representation for module `\SB_DFFESR'.
Generating RTLIL representation for module `\SB_DFFER'.
Generating RTLIL representation for module `\SB_DFFESS'.
Generating RTLIL representation for module `\SB_DFFES'.
Generating RTLIL representation for module `\SB_DFFN'.
Generating RTLIL representation for module `\SB_DFFNE'.
Generating RTLIL representation for module `\SB_DFFNSR'.
Generating RTLIL representation for module `\SB_DFFNR'.
Generating RTLIL representation for module `\SB_DFFNSS'.
Generating RTLIL representation for module `\SB_DFFNS'.
Generating RTLIL representation for module `\SB_DFFNESR'.
Generating RTLIL representation for module `\SB_DFFNER'.
Generating RTLIL representation for module `\SB_DFFNESS'.
Generating RTLIL representation for module `\SB_DFFNES'.
Generating RTLIL representation for module `\SB_RAM40_4K'.
Generating RTLIL representation for module `\SB_RAM40_4KNR'.
Generating RTLIL representation for module `\SB_RAM40_4KNW'.
Generating RTLIL representation for module `\SB_RAM40_4KNRNW'.
Generating RTLIL representation for module `\ICESTORM_LC'.
Generating RTLIL representation for module `\SB_PLL40_CORE'.
Generating RTLIL representation for module `\SB_PLL40_PAD'.
Generating RTLIL representation for module `\SB_PLL40_2_PAD'.
Generating RTLIL representation for module `\SB_PLL40_2F_CORE'.
Generating RTLIL representation for module `\SB_PLL40_2F_PAD'.
Generating RTLIL representation for module `\SB_WARMBOOT'.
Generating RTLIL representation for module `\SB_SPRAM256KA'.
Generating RTLIL representation for module `\SB_HFOSC'.
Generating RTLIL representation for module `\SB_LFOSC'.
Generating RTLIL representation for module `\SB_RGBA_DRV'.
Generating RTLIL representation for module `\SB_LED_DRV_CUR'.
Generating RTLIL representation for module `\SB_RGB_DRV'.
Generating RTLIL representation for module `\SB_I2C'.
Generating RTLIL representation for module `\SB_SPI'.
Generating RTLIL representation for module `\SB_LEDDA_IP'.
Generating RTLIL representation for module `\SB_FILTER_50NS'.
Generating RTLIL representation for module `\SB_IO_I3C'.
Generating RTLIL representation for module `\SB_IO_OD'.
Generating RTLIL representation for module `\SB_MAC16'.
Generating RTLIL representation for module `\ICESTORM_RAM'.
Successfully finished Verilog frontend.

2.2. Executing HIERARCHY pass (managing design hierarchy).

2.2.1. Analyzing design hierarchy..
Top module:  \panel

2.2.2. Analyzing design hierarchy..
Top module:  \panel
Removed 0 unused modules.

2.3. Executing PROC pass (convert processes to netlists).

2.3.1. Executing PROC_CLEAN pass (remove empty switches from decision trees).
Removing empty process `panel.$proc$panel.v:64$72'.
Found and cleaned up 1 empty switch in `\panel.$proc$panel.v:157$40'.
Cleaned up 1 empty switch.

2.3.2. Executing PROC_RMDEAD pass (remove dead branches from decision trees).
Marked 9 switch rules as full_case in process $proc$panel.v:122$17 in module panel.
Marked 2 switch rules as full_case in process $proc$panel.v:98$16 in module panel.
Marked 1 switch rules as full_case in process $proc$panel.v:70$15 in module panel.
Marked 1 switch rules as full_case in process $proc$panel.v:41$5 in module panel.
Removed a total of 0 dead cases.

2.3.3. Executing PROC_PRUNE pass (remove redundant assignments in processes).
Removed 2 redundant assignments.
Promoted 25 assignments to connections.

2.3.4. Executing PROC_INIT pass (extract init attributes).
Found init rule in `\panel.$proc$panel.v:63$71'.
  Set init value: \pattern_rgb = 6'000000
Found init rule in `\panel.$proc$panel.v:59$70'.
  Set init value: \rgb = 6'000000
Found init rule in `\panel.$proc$panel.v:58$69'.
  Set init value: \tick_div = 8'00000000
Found init rule in `\panel.$proc$panel.v:57$68'.
  Set init value: \scan_row = 6'000000
Found init rule in `\panel.$proc$panel.v:56$67'.
  Set init value: \phase = 8'00000000
Found init rule in `\panel.$proc$panel.v:55$66'.
  Set init value: \config_index = 5'00000
Found init rule in `\panel.$proc$panel.v:54$65'.
  Set init value: \count = 16'0000000000000000
Found init rule in `\panel.$proc$panel.v:53$64'.
  Set init value: \state = 4'0000
Found init rule in `\panel.$proc$panel.v:40$63'.
  Set init value: \uart_bit = 5'00000
Found init rule in `\panel.$proc$panel.v:39$62'.
  Set init value: \uart_div = 13'0000000000000
Found init rule in `\panel.$proc$panel.v:34$61'.
  Set init value: \configured = 1'0
Found init rule in `\panel.$proc$panel.v:33$60'.
  Set init value: \heartbeat = 27'000000000000000000000000000
Found init rule in `\panel.$proc$panel.v:24$59'.
  Set init value: \div = 2'00
Found init rule in `\panel.$proc$panel.v:20$58'.
  Set init value: \A = 1'0
  Set init value: \B = 1'0
  Set init value: \C = 1'0
  Set init value: \LAT = 1'0
  Set init value: \SCLK = 1'0
  Set init value: \OE = 1'0

2.3.5. Executing PROC_ARST pass (detect async resets in processes).

2.3.6. Executing PROC_ROM pass (convert switches to ROMs).
Converted 1 switch.
<suppressed ~18 debug messages>

2.3.7. Executing PROC_MUX pass (convert decision trees to multiplexers).
Creating decoders for process `\panel.$proc$panel.v:63$71'.
Creating decoders for process `\panel.$proc$panel.v:59$70'.
Creating decoders for process `\panel.$proc$panel.v:58$69'.
Creating decoders for process `\panel.$proc$panel.v:57$68'.
Creating decoders for process `\panel.$proc$panel.v:56$67'.
Creating decoders for process `\panel.$proc$panel.v:55$66'.
Creating decoders for process `\panel.$proc$panel.v:54$65'.
Creating decoders for process `\panel.$proc$panel.v:53$64'.
Creating decoders for process `\panel.$proc$panel.v:40$63'.
Creating decoders for process `\panel.$proc$panel.v:39$62'.
Creating decoders for process `\panel.$proc$panel.v:34$61'.
Creating decoders for process `\panel.$proc$panel.v:33$60'.
Creating decoders for process `\panel.$proc$panel.v:24$59'.
Creating decoders for process `\panel.$proc$panel.v:20$58'.
Creating decoders for process `\panel.$proc$panel.v:157$40'.
     1/6: $0\C[0:0]
     2/6: $0\OE[0:0]
     3/6: $0\LAT[0:0]
     4/6: $0\B[0:0]
     5/6: $0\A[0:0]
     6/6: $0\rgb[5:0]
Creating decoders for process `\panel.$proc$panel.v:122$17'.
     1/8: $0\tick_div[7:0]
     2/8: $0\scan_row[5:0]
     3/8: $0\phase[7:0]
     4/8: $0\config_index[4:0]
     5/8: $0\count[15:0]
     6/8: $0\state[3:0]
     7/8: $0\configured[0:0]
     8/8: $0\SCLK[0:0]
Creating decoders for process `\panel.$proc$panel.v:98$16'.
     1/2: $1\word[15:0]
     2/2: $1\length[15:0]
Creating decoders for process `\panel.$proc$panel.v:70$15'.
     1/1: $1\config_word[15:0]
Creating decoders for process `\panel.$proc$panel.v:65$13'.
Creating decoders for process `\panel.$proc$panel.v:41$5'.
     1/2: $0\uart_div[12:0]
     2/2: $0\uart_bit[4:0]
Creating decoders for process `\panel.$proc$panel.v:35$3'.
Creating decoders for process `\panel.$proc$panel.v:25$1'.

2.3.8. Executing PROC_DLATCH pass (convert process syncs to latches).
No latch inferred for signal `\panel.\word' from process `\panel.$proc$panel.v:98$16'.
No latch inferred for signal `\panel.\length' from process `\panel.$proc$panel.v:98$16'.
No latch inferred for signal `\panel.\config_word' from process `\panel.$proc$panel.v:70$15'.

2.3.9. Executing PROC_DFF pass (convert process syncs to FFs).
Creating register for signal `\panel.\A' using process `\panel.$proc$panel.v:157$40'.
  created $dff cell `$procdff$642' with positive edge clock.
Creating register for signal `\panel.\B' using process `\panel.$proc$panel.v:157$40'.
  created $dff cell `$procdff$643' with positive edge clock.
Creating register for signal `\panel.\C' using process `\panel.$proc$panel.v:157$40'.
  created $dff cell `$procdff$644' with positive edge clock.
Creating register for signal `\panel.\LAT' using process `\panel.$proc$panel.v:157$40'.
  created $dff cell `$procdff$645' with positive edge clock.
Creating register for signal `\panel.\OE' using process `\panel.$proc$panel.v:157$40'.
  created $dff cell `$procdff$646' with positive edge clock.
Creating register for signal `\panel.\rgb' using process `\panel.$proc$panel.v:157$40'.
  created $dff cell `$procdff$647' with positive edge clock.
Creating register for signal `\panel.\SCLK' using process `\panel.$proc$panel.v:122$17'.
  created $dff cell `$procdff$648' with positive edge clock.
Creating register for signal `\panel.\configured' using process `\panel.$proc$panel.v:122$17'.
  created $dff cell `$procdff$649' with positive edge clock.
Creating register for signal `\panel.\state' using process `\panel.$proc$panel.v:122$17'.
  created $dff cell `$procdff$650' with positive edge clock.
Creating register for signal `\panel.\count' using process `\panel.$proc$panel.v:122$17'.
  created $dff cell `$procdff$651' with positive edge clock.
Creating register for signal `\panel.\config_index' using process `\panel.$proc$panel.v:122$17'.
  created $dff cell `$procdff$652' with positive edge clock.
Creating register for signal `\panel.\phase' using process `\panel.$proc$panel.v:122$17'.
  created $dff cell `$procdff$653' with positive edge clock.
Creating register for signal `\panel.\scan_row' using process `\panel.$proc$panel.v:122$17'.
  created $dff cell `$procdff$654' with positive edge clock.
Creating register for signal `\panel.\tick_div' using process `\panel.$proc$panel.v:122$17'.
  created $dff cell `$procdff$655' with positive edge clock.
Creating register for signal `\panel.\pattern_rgb' using process `\panel.$proc$panel.v:65$13'.
  created $dff cell `$procdff$656' with positive edge clock.
Creating register for signal `\panel.\uart_div' using process `\panel.$proc$panel.v:41$5'.
  created $dff cell `$procdff$657' with positive edge clock.
Creating register for signal `\panel.\uart_bit' using process `\panel.$proc$panel.v:41$5'.
  created $dff cell `$procdff$658' with positive edge clock.
Creating register for signal `\panel.\heartbeat' using process `\panel.$proc$panel.v:35$3'.
  created $dff cell `$procdff$659' with positive edge clock.
Creating register for signal `\panel.\div' using process `\panel.$proc$panel.v:25$1'.
  created $dff cell `$procdff$660' with positive edge clock.

2.3.10. Executing PROC_MEMWR pass (convert process memory writes to cells).

2.3.11. Executing PROC_CLEAN pass (remove empty switches from decision trees).
Removing empty process `panel.$proc$panel.v:63$71'.
Removing empty process `panel.$proc$panel.v:59$70'.
Removing empty process `panel.$proc$panel.v:58$69'.
Removing empty process `panel.$proc$panel.v:57$68'.
Removing empty process `panel.$proc$panel.v:56$67'.
Removing empty process `panel.$proc$panel.v:55$66'.
Removing empty process `panel.$proc$panel.v:54$65'.
Removing empty process `panel.$proc$panel.v:53$64'.
Removing empty process `panel.$proc$panel.v:40$63'.
Removing empty process `panel.$proc$panel.v:39$62'.
Removing empty process `panel.$proc$panel.v:34$61'.
Removing empty process `panel.$proc$panel.v:33$60'.
Removing empty process `panel.$proc$panel.v:24$59'.
Removing empty process `panel.$proc$panel.v:20$58'.
Found and cleaned up 4 empty switches in `\panel.$proc$panel.v:157$40'.
Removing empty process `panel.$proc$panel.v:157$40'.
Found and cleaned up 11 empty switches in `\panel.$proc$panel.v:122$17'.
Removing empty process `panel.$proc$panel.v:122$17'.
Found and cleaned up 2 empty switches in `\panel.$proc$panel.v:98$16'.
Removing empty process `panel.$proc$panel.v:98$16'.
Found and cleaned up 1 empty switch in `\panel.$proc$panel.v:70$15'.
Removing empty process `panel.$proc$panel.v:70$15'.
Removing empty process `panel.$proc$panel.v:65$13'.
Found and cleaned up 1 empty switch in `\panel.$proc$panel.v:41$5'.
Removing empty process `panel.$proc$panel.v:41$5'.
Removing empty process `panel.$proc$panel.v:35$3'.
Removing empty process `panel.$proc$panel.v:25$1'.
Cleaned up 19 empty switches.

2.3.12. Executing OPT_EXPR pass (perform const folding).
Optimizing module panel.
<suppressed ~9 debug messages>

2.4. Executing CHECK pass (checking for obvious problems).
Checking module panel...
Found and reported 0 problems.

2.5. Executing FLATTEN pass (flatten design).

2.6. Executing TRIBUF pass.

2.7. Executing DEMINOUT pass (demote inout ports to input or output).

2.8. Executing OPT_EXPR pass (perform const folding).
Optimizing module panel.
<suppressed ~2 debug messages>

2.9. Executing CHECK pass (checking for obvious problems).
Checking module panel...
Found and reported 0 problems.

2.10. Executing OPT_CLEAN pass (remove unused cells and wires).
Finding unused cells or wires in module \panel..
Removed 1 unused cells and 104 unused wires.
<suppressed ~2 debug messages>

2.11. Executing OPT pass (performing simple optimizations).

2.11.1. Executing OPT_EXPR pass (perform const folding).
Optimizing module panel.

2.11.2. Executing OPT_MERGE pass (detect identical cells).
Finding identical cells in module `\panel'.
Computing hashes of 177 cells of `\panel'.
Finding duplicate cells in `\panel'.
Computing hashes of 144 cells of `\panel'.
Finding duplicate cells in `\panel'.
Computing hashes of 138 cells of `\panel'.
Finding duplicate cells in `\panel'.
<suppressed ~117 debug messages>
Removed a total of 39 cells.

2.11.3. Executing OPT_MUXTREE pass (detect dead branches in mux trees).
Running muxtree optimizer on module \panel..
  Creating internal representation of mux trees.
  Evaluating internal representation of mux trees.
  Analyzing evaluation results.
Removed 0 multiplexer ports.
<suppressed ~92 debug messages>

2.11.4. Executing OPT_REDUCE pass (consolidate $*mux and $reduce_* inputs).
  Optimizing cells in module \panel.
Performed a total of 0 changes.

2.11.5. Executing OPT_MERGE pass (detect identical cells).
Finding identical cells in module `\panel'.
Computing hashes of 138 cells of `\panel'.
Finding duplicate cells in `\panel'.
Removed a total of 0 cells.

2.11.6. Executing OPT_DFF pass (perform DFF optimizations).

2.11.7. Executing OPT_CLEAN pass (remove unused cells and wires).
Finding unused cells or wires in module \panel..
Removed 0 unused cells and 29 unused wires.
<suppressed ~1 debug messages>

2.11.8. Executing OPT_EXPR pass (perform const folding).
Optimizing module panel.

2.11.9. Rerunning OPT passes. (Maybe there is more to do..)

2.11.10. Executing OPT_MUXTREE pass (detect dead branches in mux trees).
Running muxtree optimizer on module \panel..
  Creating internal representation of mux trees.
  Evaluating internal representation of mux trees.
  Analyzing evaluation results.
Removed 0 multiplexer ports.
<suppressed ~92 debug messages>

2.11.11. Executing OPT_REDUCE pass (consolidate $*mux and $reduce_* inputs).
  Optimizing cells in module \panel.
Performed a total of 0 changes.

2.11.12. Executing OPT_MERGE pass (detect identical cells).
Finding identical cells in module `\panel'.
Computing hashes of 138 cells of `\panel'.
Finding duplicate cells in `\panel'.
Removed a total of 0 cells.

2.11.13. Executing OPT_DFF pass (perform DFF optimizations).

2.11.14. Executing OPT_CLEAN pass (remove unused cells and wires).
Finding unused cells or wires in module \panel..

2.11.15. Executing OPT_EXPR pass (perform const folding).
Optimizing module panel.

2.11.16. Finished fast OPT passes. (There is nothing left to do.)

2.12. Executing FSM pass (extract and optimize FSM).

2.12.1. Executing FSM_DETECT pass (finding FSMs in design).

2.12.2. Executing FSM_EXTRACT pass (extracting FSM from design).

2.12.3. Executing FSM_OPT pass (simple optimizations of FSMs).

2.12.4. Executing OPT_CLEAN pass (remove unused cells and wires).
Finding unused cells or wires in module \panel..

2.12.5. Executing FSM_OPT pass (simple optimizations of FSMs).

2.12.6. Executing FSM_RECODE pass (re-assigning FSM state encoding).

2.12.7. Executing FSM_INFO pass (dumping all available information on FSM cells).

2.12.8. Executing FSM_MAP pass (mapping FSMs to basic logic).

2.13. Executing OPT pass (performing simple optimizations).

2.13.1. Executing OPT_EXPR pass (perform const folding).
Optimizing module panel.

2.13.2. Executing OPT_MERGE pass (detect identical cells).
Finding identical cells in module `\panel'.
Computing hashes of 138 cells of `\panel'.
Finding duplicate cells in `\panel'.
Removed a total of 0 cells.

2.13.3. Executing OPT_MUXTREE pass (detect dead branches in mux trees).
Running muxtree optimizer on module \panel..
  Creating internal representation of mux trees.
  Evaluating internal representation of mux trees.
  Analyzing evaluation results.
Removed 0 multiplexer ports.
<suppressed ~92 debug messages>

2.13.4. Executing OPT_REDUCE pass (consolidate $*mux and $reduce_* inputs).
  Optimizing cells in module \panel.
Performed a total of 0 changes.

2.13.5. Executing OPT_MERGE pass (detect identical cells).
Finding identical cells in module `\panel'.
Computing hashes of 138 cells of `\panel'.
Finding duplicate cells in `\panel'.
Removed a total of 0 cells.

2.13.6. Executing OPT_DFF pass (perform DFF optimizations).
Adding EN signal on $procdff$642 ($dff) from module panel (D = $procmux$480_Y, Q = \A).
Adding SRST signal on $auto$ff.cc:337:slice$661 ($dffe) from module panel (D = \scan_row [0], Q = \A, rval = 1'0).
Adding EN signal on $procdff$643 ($dff) from module panel (D = $procmux$476_Y, Q = \B).
Adding SRST signal on $auto$ff.cc:337:slice$663 ($dffe) from module panel (D = \scan_row [1], Q = \B, rval = 1'0).
Adding EN signal on $procdff$644 ($dff) from module panel (D = $procmux$457_Y, Q = \C).
Adding SRST signal on $auto$ff.cc:337:slice$665 ($dffe) from module panel (D = \scan_row [2], Q = \C, rval = 1'0).
Adding EN signal on $procdff$645 ($dff) from module panel (D = $procmux$468_Y, Q = \LAT).
Adding EN signal on $procdff$646 ($dff) from module panel (D = $procmux$461_Y, Q = \OE).
Adding EN signal on $procdff$647 ($dff) from module panel (D = $procmux$488_Y, Q = \rgb).
Adding EN signal on $procdff$648 ($dff) from module panel (D = $procmux$615_Y, Q = \SCLK).
Adding EN signal on $procdff$649 ($dff) from module panel (D = 1'1, Q = \configured).
Adding EN signal on $procdff$650 ($dff) from module panel (D = $procmux$583_Y, Q = \state).
Adding SRST signal on $auto$ff.cc:337:slice$680 ($dffe) from module panel (D = $procmux$580_Y [0], Q = \state [0], rval = 1'1).
Adding SRST signal on $auto$ff.cc:337:slice$680 ($dffe) from module panel (D = { $procmux$577_Y [3] $procmux$577_Y [1] }, Q = { \state [3] \state [1] }, rval = 2'11).
Adding SRST signal on $auto$ff.cc:337:slice$680 ($dffe) from module panel (D = $add$panel.v:141$29_Y [2], Q = \state [2], rval = 1'0).
Adding EN signal on $procdff$651 ($dff) from module panel (D = $procmux$567_Y, Q = \count).
Adding SRST signal on $auto$ff.cc:337:slice$692 ($dffe) from module panel (D = $add$panel.v:142$30_Y, Q = \count, rval = 16'0000000000000000).
Adding EN signal on $procdff$652 ($dff) from module panel (D = $procmux$548_Y, Q = \config_index).
Adding SRST signal on $auto$ff.cc:337:slice$698 ($dffe) from module panel (D = $add$panel.v:140$28_Y, Q = \config_index, rval = 5'00000).
Adding EN signal on $procdff$653 ($dff) from module panel (D = $procmux$537_Y, Q = \phase).
Adding EN signal on $procdff$654 ($dff) from module panel (D = $procmux$514_Y, Q = \scan_row).
Adding SRST signal on $procdff$655 ($dff) from module panel (D = $add$panel.v:153$39_Y, Q = \tick_div, rval = 8'00000000).
Adding SRST signal on $procdff$657 ($dff) from module panel (D = $add$panel.v:45$8_Y, Q = \uart_div, rval = 13'0000000000000).
Adding EN signal on $procdff$658 ($dff) from module panel (D = $add$panel.v:44$7_Y, Q = \uart_bit).

2.13.7. Executing OPT_CLEAN pass (remove unused cells and wires).
Finding unused cells or wires in module \panel..
Removed 38 unused cells and 38 unused wires.
<suppressed ~39 debug messages>

2.13.8. Executing OPT_EXPR pass (perform const folding).
Optimizing module panel.
<suppressed ~2 debug messages>

2.13.9. Rerunning OPT passes. (Maybe there is more to do..)

2.13.10. Executing OPT_MUXTREE pass (detect dead branches in mux trees).
Running muxtree optimizer on module \panel..
  Creating internal representation of mux trees.
  Evaluating internal representation of mux trees.
  Analyzing evaluation results.
Removed 0 multiplexer ports.
<suppressed ~46 debug messages>

2.13.11. Executing OPT_REDUCE pass (consolidate $*mux and $reduce_* inputs).
  Optimizing cells in module \panel.
Performed a total of 0 changes.

2.13.12. Executing OPT_MERGE pass (detect identical cells).
Finding identical cells in module `\panel'.
Computing hashes of 124 cells of `\panel'.
Finding duplicate cells in `\panel'.
Computing hashes of 116 cells of `\panel'.
Finding duplicate cells in `\panel'.
Computing hashes of 115 cells of `\panel'.
Finding duplicate cells in `\panel'.
<suppressed ~27 debug messages>
Removed a total of 9 cells.

2.13.13. Executing OPT_DFF pass (perform DFF optimizations).

2.13.14. Executing OPT_CLEAN pass (remove unused cells and wires).
Finding unused cells or wires in module \panel..
Removed 0 unused cells and 9 unused wires.
<suppressed ~1 debug messages>

2.13.15. Executing OPT_EXPR pass (perform const folding).
Optimizing module panel.

2.13.16. Rerunning OPT passes. (Maybe there is more to do..)

2.13.17. Executing OPT_MUXTREE pass (detect dead branches in mux trees).
Running muxtree optimizer on module \panel..
  Creating internal representation of mux trees.
  Evaluating internal representation of mux trees.
  Analyzing evaluation results.
Removed 0 multiplexer ports.
<suppressed ~46 debug messages>

2.13.18. Executing OPT_REDUCE pass (consolidate $*mux and $reduce_* inputs).
  Optimizing cells in module \panel.
Performed a total of 0 changes.

2.13.19. Executing OPT_MERGE pass (detect identical cells).
Finding identical cells in module `\panel'.
Computing hashes of 115 cells of `\panel'.
Finding duplicate cells in `\panel'.
Removed a total of 0 cells.

2.13.20. Executing OPT_DFF pass (perform DFF optimizations).

2.13.21. Executing OPT_CLEAN pass (remove unused cells and wires).
Finding unused cells or wires in module \panel..

2.13.22. Executing OPT_EXPR pass (perform const folding).
Optimizing module panel.

2.13.23. Finished fast OPT passes. (There is nothing left to do.)

2.14. Executing WREDUCE pass (reducing word size of cells).
Removed top 27 address bits (of 32) from memory init port panel.$auto$mem.cc:351:emit$456 ($auto$proc_rom.cc:155:do_switch$454).
Removed top 22 address bits (of 32) from memory init port panel.$meminit$\pattern$panel.v:64$57 (pattern).
Removed top 1 bits (of 2) from port B of cell panel.$auto$simple.cc:194:make_patterns_logic$714 ($ne).
Removed top 1 bits (of 2) from port B of cell panel.$auto$simple.cc:194:make_patterns_logic$712 ($ne).
Removed top 28 bits (of 32) from port B of cell panel.$lt$panel.v:48$10 ($lt).
Removed top 5 bits (of 8) from port B of cell panel.$eq$panel.v:123$18 ($eq).
Removed top 31 bits (of 32) from port B of cell panel.$sub$panel.v:129$22 ($sub).
Removed top 15 bits (of 32) from port Y of cell panel.$sub$panel.v:129$22 ($sub).
Removed top 1 bits (of 8) from port B of cell panel.$eq$panel.v:145$34 ($eq).
Removed top 1 bits (of 8) from port B of cell panel.$eq$panel.v:147$36 ($eq).
Removed top 3 bits (of 6) from port B of cell panel.$eq$panel.v:148$37 ($eq).
Removed top 30 bits (of 32) from port B of cell panel.$lt$panel.v:164$42 ($lt).
Removed top 28 bits (of 32) from port B of cell panel.$lt$panel.v:165$43 ($lt).
Removed top 28 bits (of 32) from port B of cell panel.$lt$panel.v:166$44 ($lt).
Removed top 25 bits (of 32) from port B of cell panel.$ge$panel.v:169$47 ($ge).
Removed top 25 bits (of 32) from port B of cell panel.$ge$panel.v:173$48 ($ge).
Removed top 25 bits (of 32) from port B of cell panel.$lt$panel.v:173$49 ($lt).
Removed top 28 bits (of 32) from port A of cell panel.$sub$panel.v:183$54 ($sub).
Removed top 27 bits (of 32) from port Y of cell panel.$sub$panel.v:183$54 ($sub).
Removed top 27 bits (of 32) from port B of cell panel.$shiftx$panel.v:183$55 ($shiftx).
Removed top 3 bits (of 4) from mux cell panel.$procmux$580 ($mux).
Removed top 1 bits (of 4) from port B of cell panel.$procmux$621_CMP0 ($eq).
Removed top 1 bits (of 4) from port B of cell panel.$procmux$622_CMP0 ($eq).
Removed top 1 bits (of 4) from port B of cell panel.$procmux$623_CMP0 ($eq).
Removed top 1 bits (of 4) from port B of cell panel.$procmux$624_CMP0 ($eq).
Removed top 2 bits (of 4) from port B of cell panel.$procmux$625_CMP0 ($eq).
Removed top 2 bits (of 4) from port B of cell panel.$procmux$632_CMP0 ($eq).
Removed top 3 bits (of 4) from port B of cell panel.$procmux$633_CMP0 ($eq).
Removed top 27 bits (of 32) from port B of cell panel.$shiftx$panel.v:168$46 ($shiftx).
Removed top 3 bits (of 4) from wire panel.$procmux$580_Y.

2.15. Executing PEEPOPT pass (run peephole optimizers).

2.16. Executing OPT_CLEAN pass (remove unused cells and wires).
Finding unused cells or wires in module \panel..
Removed 0 unused cells and 1 unused wires.
<suppressed ~1 debug messages>

2.17. Executing SHARE pass (SAT-based resource sharing).

2.18. Executing TECHMAP pass (map to technology primitives).

2.18.1. Executing Verilog-2005 frontend: C:\oss-cad-suite\bin\../share/yosys/cmp2lut.v
Parsing Verilog input from `C:\oss-cad-suite\bin\../share/yosys/cmp2lut.v' to AST representation.
Generating RTLIL representation for module `\_90_lut_cmp_'.
Successfully finished Verilog frontend.

2.18.2. Continuing TECHMAP pass.
No more expansions possible.
<suppressed ~184 debug messages>

2.19. Executing OPT_EXPR pass (perform const folding).
Optimizing module panel.

2.20. Executing OPT_CLEAN pass (remove unused cells and wires).
Finding unused cells or wires in module \panel..

2.21. Executing ALUMACC pass (create $alu and $macc cells).
Extracting $alu and $macc cells in module panel:
  creating $macc model for $sub$panel.v:183$54 ($sub).
  creating $macc model for $add$panel.v:153$39 ($add).
  creating $macc model for $add$panel.v:149$38 ($add).
  creating $macc model for $add$panel.v:146$35 ($add).
  creating $macc model for $add$panel.v:142$30 ($add).
  creating $macc model for $add$panel.v:141$29 ($add).
  creating $macc model for $add$panel.v:140$28 ($add).
  creating $macc model for $sub$panel.v:129$22 ($sub).
  creating $macc model for $add$panel.v:45$8 ($add).
  creating $macc model for $add$panel.v:44$7 ($add).
  creating $macc model for $add$panel.v:35$4 ($add).
  creating $macc model for $add$panel.v:25$2 ($add).
  creating $alu model for $macc $add$panel.v:25$2.
  creating $alu model for $macc $add$panel.v:35$4.
  creating $alu model for $macc $add$panel.v:44$7.
  creating $alu model for $macc $add$panel.v:45$8.
  creating $alu model for $macc $sub$panel.v:129$22.
  creating $alu model for $macc $add$panel.v:140$28.
  creating $alu model for $macc $add$panel.v:141$29.
  creating $alu model for $macc $add$panel.v:142$30.
  creating $alu model for $macc $add$panel.v:146$35.
  creating $alu model for $macc $add$panel.v:149$38.
  creating $alu model for $macc $add$panel.v:153$39.
  creating $alu model for $macc $sub$panel.v:183$54.
  creating $alu model for $lt$panel.v:173$49 ($lt): new $alu
  creating $alu model for $ge$panel.v:173$48 ($ge): new $alu
  creating $alu model for $ge$panel.v:169$47 ($ge): new $alu
  creating $alu model for $lt$panel.v:166$44 ($lt): new $alu
  creating $alu model for $lt$panel.v:165$43 ($lt): new $alu
  creating $alu model for $lt$panel.v:164$42 ($lt): new $alu
  creating $alu model for $lt$panel.v:48$10 ($lt): new $alu
  creating $alu cell for $lt$panel.v:48$10: $auto$alumacc.cc:548:replace_alu$738
  creating $alu cell for $lt$panel.v:164$42: $auto$alumacc.cc:548:replace_alu$743
  creating $alu cell for $lt$panel.v:165$43: $auto$alumacc.cc:548:replace_alu$748
  creating $alu cell for $lt$panel.v:166$44: $auto$alumacc.cc:548:replace_alu$753
  creating $alu cell for $ge$panel.v:169$47: $auto$alumacc.cc:548:replace_alu$758
  creating $alu cell for $ge$panel.v:173$48: $auto$alumacc.cc:548:replace_alu$771
  creating $alu cell for $lt$panel.v:173$49: $auto$alumacc.cc:548:replace_alu$784
  creating $alu cell for $sub$panel.v:183$54: $auto$alumacc.cc:548:replace_alu$789
  creating $alu cell for $add$panel.v:153$39: $auto$alumacc.cc:548:replace_alu$792
  creating $alu cell for $add$panel.v:149$38: $auto$alumacc.cc:548:replace_alu$795
  creating $alu cell for $add$panel.v:146$35: $auto$alumacc.cc:548:replace_alu$798
  creating $alu cell for $add$panel.v:142$30: $auto$alumacc.cc:548:replace_alu$801
  creating $alu cell for $add$panel.v:141$29: $auto$alumacc.cc:548:replace_alu$804
  creating $alu cell for $add$panel.v:140$28: $auto$alumacc.cc:548:replace_alu$807
  creating $alu cell for $sub$panel.v:129$22: $auto$alumacc.cc:548:replace_alu$810
  creating $alu cell for $add$panel.v:45$8: $auto$alumacc.cc:548:replace_alu$813
  creating $alu cell for $add$panel.v:44$7: $auto$alumacc.cc:548:replace_alu$816
  creating $alu cell for $add$panel.v:35$4: $auto$alumacc.cc:548:replace_alu$819
  creating $alu cell for $add$panel.v:25$2: $auto$alumacc.cc:548:replace_alu$822
  created 19 $alu and 0 $macc cells.

2.22. Executing OPT pass (performing simple optimizations).

2.22.1. Executing OPT_EXPR pass (perform const folding).
Optimizing module panel.
<suppressed ~1 debug messages>

2.22.2. Executing OPT_MERGE pass (detect identical cells).
Finding identical cells in module `\panel'.
Computing hashes of 130 cells of `\panel'.
Finding duplicate cells in `\panel'.
Removed a total of 0 cells.

2.22.3. Executing OPT_MUXTREE pass (detect dead branches in mux trees).
Running muxtree optimizer on module \panel..
  Creating internal representation of mux trees.
  Evaluating internal representation of mux trees.
  Analyzing evaluation results.
Removed 0 multiplexer ports.
<suppressed ~46 debug messages>

2.22.4. Executing OPT_REDUCE pass (consolidate $*mux and $reduce_* inputs).
  Optimizing cells in module \panel.
Performed a total of 0 changes.

2.22.5. Executing OPT_MERGE pass (detect identical cells).
Finding identical cells in module `\panel'.
Computing hashes of 130 cells of `\panel'.
Finding duplicate cells in `\panel'.
Removed a total of 0 cells.

2.22.6. Executing OPT_DFF pass (perform DFF optimizations).

2.22.7. Executing OPT_CLEAN pass (remove unused cells and wires).
Finding unused cells or wires in module \panel..
Removed 1 unused cells and 8 unused wires.
<suppressed ~2 debug messages>

2.22.8. Executing OPT_EXPR pass (perform const folding).
Optimizing module panel.

2.22.9. Rerunning OPT passes. (Maybe there is more to do..)

2.22.10. Executing OPT_MUXTREE pass (detect dead branches in mux trees).
Running muxtree optimizer on module \panel..
  Creating internal representation of mux trees.
  Evaluating internal representation of mux trees.
  Analyzing evaluation results.
Removed 0 multiplexer ports.
<suppressed ~46 debug messages>

2.22.11. Executing OPT_REDUCE pass (consolidate $*mux and $reduce_* inputs).
  Optimizing cells in module \panel.
Performed a total of 0 changes.

2.22.12. Executing OPT_MERGE pass (detect identical cells).
Finding identical cells in module `\panel'.
Computing hashes of 129 cells of `\panel'.
Finding duplicate cells in `\panel'.
Removed a total of 0 cells.

2.22.13. Executing OPT_DFF pass (perform DFF optimizations).

2.22.14. Executing OPT_CLEAN pass (remove unused cells and wires).
Finding unused cells or wires in module \panel..

2.22.15. Executing OPT_EXPR pass (perform const folding).
Optimizing module panel.

2.22.16. Finished fast OPT passes. (There is nothing left to do.)

2.23. Executing MEMORY pass.

2.23.1. Executing OPT_MEM pass (optimize memories).
panel.$auto$proc_rom.cc:155:do_switch$454: removing const-0 lane 15
Performed a total of 1 transformations.

2.23.2. Executing OPT_MEM_PRIORITY pass (removing unnecessary memory write priority relations).
Performed a total of 0 transformations.

2.23.3. Executing OPT_MEM_FEEDBACK pass (finding memory read-to-write feedback paths).

2.23.4. Executing MEMORY_BMUX2ROM pass (converting muxes to ROMs).

2.23.5. Executing MEMORY_DFF pass (merging $dff cells to $memrd).
Checking read port `$auto$proc_rom.cc:155:do_switch$454'[0] in module `\panel': no output FF found.
Checking read port `\pattern'[0] in module `\panel': merging output FF to cell.
Checking read port address `$auto$proc_rom.cc:155:do_switch$454'[0] in module `\panel': address FF has fully-defined init value, not supported.

2.23.6. Executing OPT_CLEAN pass (remove unused cells and wires).
Finding unused cells or wires in module \panel..
Removed 1 unused cells and 7 unused wires.
<suppressed ~2 debug messages>

2.23.7. Executing MEMORY_SHARE pass (consolidating $memrd/$memwr cells).

2.23.8. Executing OPT_MEM_WIDEN pass (optimize memories where all ports are wide).
Performed a total of 0 transformations.

2.23.9. Executing OPT_CLEAN pass (remove unused cells and wires).
Finding unused cells or wires in module \panel..

2.23.10. Executing MEMORY_COLLECT pass (generating $mem cells).

2.24. Executing OPT_CLEAN pass (remove unused cells and wires).
Finding unused cells or wires in module \panel..

2.25. Executing MEMORY_LIBMAP pass (mapping memories to cells).
using FF mapping for memory panel.$auto$proc_rom.cc:155:do_switch$454
mapping memory panel.pattern via $__ICE40_RAM4K_
<suppressed ~69 debug messages>

2.26. Executing TECHMAP pass (map to technology primitives).

2.26.1. Executing Verilog-2005 frontend: C:\oss-cad-suite\bin\../share/yosys/ice40/brams_map.v
Parsing Verilog input from `C:\oss-cad-suite\bin\../share/yosys/ice40/brams_map.v' to AST representation.
Generating RTLIL representation for module `$__ICE40_RAM4K_'.
Successfully finished Verilog frontend.

2.26.2. Executing Verilog-2005 frontend: C:\oss-cad-suite\bin\../share/yosys/ice40/spram_map.v
Parsing Verilog input from `C:\oss-cad-suite\bin\../share/yosys/ice40/spram_map.v' to AST representation.
Generating RTLIL representation for module `$__ICE40_SPRAM_'.
Successfully finished Verilog frontend.

2.26.3. Continuing TECHMAP pass.
Using template $paramod$3fde03badd909621290afa4abb22b9996ac64867$__ICE40_RAM4K_ for cells of type $__ICE40_RAM4K_.
Using template $paramod$0db18c8f2063e509dcd3c70fe4d37076653590cd$__ICE40_RAM4K_ for cells of type $__ICE40_RAM4K_.
No more expansions possible.
<suppressed ~44 debug messages>

2.27. Executing ICE40_BRAMINIT pass.

2.28. Executing OPT pass (performing simple optimizations).

2.28.1. Executing OPT_EXPR pass (perform const folding).
Optimizing module panel.
<suppressed ~39 debug messages>

2.28.2. Executing OPT_MERGE pass (detect identical cells).
Finding identical cells in module `\panel'.
Computing hashes of 133 cells of `\panel'.
Finding duplicate cells in `\panel'.
Computing hashes of 130 cells of `\panel'.
Finding duplicate cells in `\panel'.
<suppressed ~9 debug messages>
Removed a total of 3 cells.

2.28.3. Executing OPT_DFF pass (perform DFF optimizations).
Adding SRST signal on $auto$ff.cc:337:slice$708 ($dffe) from module panel (D = $add$panel.v:146$35_Y, Q = \phase, rval = 8'00000000).

2.28.4. Executing OPT_CLEAN pass (remove unused cells and wires).
Finding unused cells or wires in module \panel..
Removed 3 unused cells and 45 unused wires.
<suppressed ~4 debug messages>

2.28.5. Rerunning OPT passes. (Removed registers in this run.)

2.28.6. Executing OPT_EXPR pass (perform const folding).
Optimizing module panel.

2.28.7. Executing OPT_MERGE pass (detect identical cells).
Finding identical cells in module `\panel'.
Computing hashes of 129 cells of `\panel'.
Finding duplicate cells in `\panel'.
Removed a total of 0 cells.

2.28.8. Executing OPT_DFF pass (perform DFF optimizations).

2.28.9. Executing OPT_CLEAN pass (remove unused cells and wires).
Finding unused cells or wires in module \panel..

2.28.10. Finished fast OPT passes.

2.29. Executing MEMORY_MAP pass (converting memories to logic and flip-flops).
Mapping memory $auto$proc_rom.cc:155:do_switch$454 in module \panel:
  created 32 $dff cells and 0 static cells of width 15.
  read interface: 0 $dff and 31 $mux cells.
  write interface: 0 write mux blocks.

2.30. Executing OPT pass (performing simple optimizations).

2.30.1. Executing OPT_EXPR pass (perform const folding).
Optimizing module panel.
<suppressed ~8 debug messages>

2.30.2. Executing OPT_MERGE pass (detect identical cells).
Finding identical cells in module `\panel'.
Computing hashes of 151 cells of `\panel'.
Finding duplicate cells in `\panel'.
Removed a total of 0 cells.

2.30.3. Executing OPT_MUXTREE pass (detect dead branches in mux trees).
Running muxtree optimizer on module \panel..
  Creating internal representation of mux trees.
  Evaluating internal representation of mux trees.
  Analyzing evaluation results.
Removed 0 multiplexer ports.
<suppressed ~61 debug messages>

2.30.4. Executing OPT_REDUCE pass (consolidate $*mux and $reduce_* inputs).
  Optimizing cells in module \panel.
    Consolidated identical input bits for $mux cell $memory$auto$proc_rom.cc:155:do_switch$454$rdmux[0][4][6]$988:
      Old ports: A=15'001000100100111, B=15'001100000000000, Y=$memory$auto$proc_rom.cc:155:do_switch$454$rdmux[0][3][3]$a$956
      New ports: A=2'01, B=2'10, Y={ $memory$auto$proc_rom.cc:155:do_switch$454$rdmux[0][3][3]$a$956 [11] $memory$auto$proc_rom.cc:155:do_switch$454$rdmux[0][3][3]$a$956 [0] }
      New connections: { $memory$auto$proc_rom.cc:155:do_switch$454$rdmux[0][3][3]$a$956 [14:12] $memory$auto$proc_rom.cc:155:do_switch$454$rdmux[0][3][3]$a$956 [10:1] } = { 5'00100 $memory$auto$proc_rom.cc:155:do_switch$454$rdmux[0][3][3]$a$956 [0] 2'00 $memory$auto$proc_rom.cc:155:do_switch$454$rdmux[0][3][3]$a$956 [0] 2'00 $memory$auto$proc_rom.cc:155:do_switch$454$rdmux[0][3][3]$a$956 [0] $memory$auto$proc_rom.cc:155:do_switch$454$rdmux[0][3][3]$a$956 [0] }
    Consolidated identical input bits for $mux cell $memory$auto$proc_rom.cc:155:do_switch$454$rdmux[0][4][5]$985:
      Old ports: A=15'000111100000001, B=15'001000001000000, Y=$memory$auto$proc_rom.cc:155:do_switch$454$rdmux[0][3][2]$b$954
      New ports: A=2'01, B=2'10, Y={ $memory$auto$proc_rom.cc:155:do_switch$454$rdmux[0][3][2]$b$954 [6] $memory$auto$proc_rom.cc:155:do_switch$454$rdmux[0][3][2]$b$954 [0] }
      New connections: { $memory$auto$proc_rom.cc:155:do_switch$454$rdmux[0][3][2]$b$954 [14:7] $memory$auto$proc_rom.cc:155:do_switch$454$rdmux[0][3][2]$b$954 [5:1] } = { 2'00 $memory$auto$proc_rom.cc:155:do_switch$454$rdmux[0][3][2]$b$954 [6] $memory$auto$proc_rom.cc:155:do_switch$454$rdmux[0][3][2]$b$954 [0] $memory$auto$proc_rom.cc:155:do_switch$454$rdmux[0][3][2]$b$954 [0] $memory$auto$proc_rom.cc:155:do_switch$454$rdmux[0][3][2]$b$954 [0] $memory$auto$proc_rom.cc:155:do_switch$454$rdmux[0][3][2]$b$954 [0] 6'000000 }
    Consolidated identical input bits for $mux cell $memory$auto$proc_rom.cc:155:do_switch$454$rdmux[0][4][4]$982:
      Old ports: A=15'000110100000001, B=15'000111010000110, Y=$memory$auto$proc_rom.cc:155:do_switch$454$rdmux[0][3][2]$a$953
      New ports: A=2'01, B=2'10, Y=$memory$auto$proc_rom.cc:155:do_switch$454$rdmux[0][3][2]$a$953 [1:0]
      New connections: $memory$auto$proc_rom.cc:155:do_switch$454$rdmux[0][3][2]$a$953 [14:2] = { 5'00011 $memory$auto$proc_rom.cc:155:do_switch$454$rdmux[0][3][2]$a$953 [1:0] $memory$auto$proc_rom.cc:155:do_switch$454$rdmux[0][3][2]$a$953 [1] 4'0000 $memory$auto$proc_rom.cc:155:do_switch$454$rdmux[0][3][2]$a$953 [1] }
    Consolidated identical input bits for $mux cell $memory$auto$proc_rom.cc:155:do_switch$454$rdmux[0][4][3]$979:
      Old ports: A=15'000011100100000, B=15'000110000011000, Y=$memory$auto$proc_rom.cc:155:do_switch$454$rdmux[0][3][1]$b$951
      New ports: A=2'10, B=2'01, Y={ $memory$auto$proc_rom.cc:155:do_switch$454$rdmux[0][3][1]$b$951 [5] $memory$auto$proc_rom.cc:155:do_switch$454$rdmux[0][3][1]$b$951 [3] }
      New connections: { $memory$auto$proc_rom.cc:155:do_switch$454$rdmux[0][3][1]$b$951 [14:6] $memory$auto$proc_rom.cc:155:do_switch$454$rdmux[0][3][1]$b$951 [4] $memory$auto$proc_rom.cc:155:do_switch$454$rdmux[0][3][1]$b$951 [2:0] } = { 3'000 $memory$auto$proc_rom.cc:155:do_switch$454$rdmux[0][3][1]$b$951 [3] 1'1 $memory$auto$proc_rom.cc:155:do_switch$454$rdmux[0][3][1]$b$951 [5] $memory$auto$proc_rom.cc:155:do_switch$454$rdmux[0][3][1]$b$951 [5] 2'00 $memory$auto$proc_rom.cc:155:do_switch$454$rdmux[0][3][1]$b$951 [3] 3'000 }
    Consolidated identical input bits for $mux cell $memory$auto$proc_rom.cc:155:do_switch$454$rdmux[0][4][2]$976:
      Old ports: A=15'000010100000000, B=15'000011000000001, Y=$memory$auto$proc_rom.cc:155:do_switch$454$rdmux[0][3][1]$a$950
      New ports: A=2'10, B=2'01, Y={ $memory$auto$proc_rom.cc:155:do_switch$454$rdmux[0][3][1]$a$950 [8] $memory$auto$proc_rom.cc:155:do_switch$454$rdmux[0][3][1]$a$950 [0] }
      New connections: { $memory$auto$proc_rom.cc:155:do_switch$454$rdmux[0][3][1]$a$950 [14:9] $memory$auto$proc_rom.cc:155:do_switch$454$rdmux[0][3][1]$a$950 [7:1] } = { 5'00001 $memory$auto$proc_rom.cc:155:do_switch$454$rdmux[0][3][1]$a$950 [0] 7'0000000 }
    Consolidated identical input bits for $mux cell $memory$auto$proc_rom.cc:155:do_switch$454$rdmux[0][4][1]$973:
      Old ports: A=15'000001100110101, B=15'000010000010010, Y=$memory$auto$proc_rom.cc:155:do_switch$454$rdmux[0][3][0]$b$948
      New ports: A=2'01, B=2'10, Y=$memory$auto$proc_rom.cc:155:do_switch$454$rdmux[0][3][0]$b$948 [1:0]
      New connections: $memory$auto$proc_rom.cc:155:do_switch$454$rdmux[0][3][0]$b$948 [14:2] = { 4'0000 $memory$auto$proc_rom.cc:155:do_switch$454$rdmux[0][3][0]$b$948 [1:0] $memory$auto$proc_rom.cc:155:do_switch$454$rdmux[0][3][0]$b$948 [0] 2'00 $memory$auto$proc_rom.cc:155:do_switch$454$rdmux[0][3][0]$b$948 [0] 2'10 $memory$auto$proc_rom.cc:155:do_switch$454$rdmux[0][3][0]$b$948 [0] }
    Consolidated identical input bits for $mux cell $memory$auto$proc_rom.cc:155:do_switch$454$rdmux[0][4][0]$970:
      Old ports: A=15'000000000000000, B=15'000001000000111, Y=$memory$auto$proc_rom.cc:155:do_switch$454$rdmux[0][3][0]$a$947
      New ports: A=1'0, B=1'1, Y=$memory$auto$proc_rom.cc:155:do_switch$454$rdmux[0][3][0]$a$947 [0]
      New connections: $memory$auto$proc_rom.cc:155:do_switch$454$rdmux[0][3][0]$a$947 [14:1] = { 5'00000 $memory$auto$proc_rom.cc:155:do_switch$454$rdmux[0][3][0]$a$947 [0] 6'000000 $memory$auto$proc_rom.cc:155:do_switch$454$rdmux[0][3][0]$a$947 [0] $memory$auto$proc_rom.cc:155:do_switch$454$rdmux[0][3][0]$a$947 [0] }
    Consolidated identical input bits for $mux cell $memory$auto$proc_rom.cc:155:do_switch$454$rdmux[0][4][10]$1000:
      Old ports: A=15'010001100000000, B=15'111010010100000, Y=$memory$auto$proc_rom.cc:155:do_switch$454$rdmux[0][3][5]$a$962
      New ports: A=2'10, B=2'01, Y={ $memory$auto$proc_rom.cc:155:do_switch$454$rdmux[0][3][5]$a$962 [8] $memory$auto$proc_rom.cc:155:do_switch$454$rdmux[0][3][5]$a$962 [5] }
      New connections: { $memory$auto$proc_rom.cc:155:do_switch$454$rdmux[0][3][5]$a$962 [14:9] $memory$auto$proc_rom.cc:155:do_switch$454$rdmux[0][3][5]$a$962 [7:6] $memory$auto$proc_rom.cc:155:do_switch$454$rdmux[0][3][5]$a$962 [4:0] } = { $memory$auto$proc_rom.cc:155:do_switch$454$rdmux[0][3][5]$a$962 [5] 1'1 $memory$auto$proc_rom.cc:155:do_switch$454$rdmux[0][3][5]$a$962 [5] 1'0 $memory$auto$proc_rom.cc:155:do_switch$454$rdmux[0][3][5]$a$962 [5] $memory$auto$proc_rom.cc:155:do_switch$454$rdmux[0][3][5]$a$962 [8] $memory$auto$proc_rom.cc:155:do_switch$454$rdmux[0][3][5]$a$962 [5] 6'000000 }
    Consolidated identical input bits for $mux cell $memory$auto$proc_rom.cc:155:do_switch$454$rdmux[0][4][9]$997:
      Old ports: A=15'010000000000000, B=15'010000100000000, Y=$memory$auto$proc_rom.cc:155:do_switch$454$rdmux[0][3][4]$b$960
      New ports: A=1'0, B=1'1, Y=$memory$auto$proc_rom.cc:155:do_switch$454$rdmux[0][3][4]$b$960 [8]
      New connections: { $memory$auto$proc_rom.cc:155:do_switch$454$rdmux[0][3][4]$b$960 [14:9] $memory$auto$proc_rom.cc:155:do_switch$454$rdmux[0][3][4]$b$960 [7:0] } = 14'01000000000000
    Consolidated identical input bits for $mux cell $memory$auto$proc_rom.cc:155:do_switch$454$rdmux[0][4][8]$994:
      Old ports: A=15'001110111001010, B=15'001111001110011, Y=$memory$auto$proc_rom.cc:155:do_switch$454$rdmux[0][3][4]$a$959
      New ports: A=2'10, B=2'01, Y={ $memory$auto$proc_rom.cc:155:do_switch$454$rdmux[0][3][4]$a$959 [3] $memory$auto$proc_rom.cc:155:do_switch$454$rdmux[0][3][4]$a$959 [0] }
      New connections: { $memory$auto$proc_rom.cc:155:do_switch$454$rdmux[0][3][4]$a$959 [14:4] $memory$auto$proc_rom.cc:155:do_switch$454$rdmux[0][3][4]$a$959 [2:1] } = { 5'00111 $memory$auto$proc_rom.cc:155:do_switch$454$rdmux[0][3][4]$a$959 [0] $memory$auto$proc_rom.cc:155:do_switch$454$rdmux[0][3][4]$a$959 [3] $memory$auto$proc_rom.cc:155:do_switch$454$rdmux[0][3][4]$a$959 [3] 1'1 $memory$auto$proc_rom.cc:155:do_switch$454$rdmux[0][3][4]$a$959 [0] $memory$auto$proc_rom.cc:155:do_switch$454$rdmux[0][3][4]$a$959 [0] 2'01 }
    Consolidated identical input bits for $pmux cell $procmux$627:
      Old ports: A=16'0000000010000000, B=112'0000000000010000000000000000111100000000000110000000000000001100010000000000000000000010011100011000000000000000, Y=\length
      New ports: A=9'001000000, B=63'000010000000001111000011000000001100010000000000110001100000000, Y={ \length [15:14] \length [7] \length [5:0] }
      New connections: { \length [13:8] \length [6] } = { 4'0000 \length [5] 1'0 \length [5] }
    Consolidated identical input bits for $mux cell $memory$auto$proc_rom.cc:155:do_switch$454$rdmux[0][4][7]$991:
      Old ports: A=15'001100100000110, B=15'001110001100000, Y=$memory$auto$proc_rom.cc:155:do_switch$454$rdmux[0][3][3]$b$957
      New ports: A=2'01, B=2'10, Y={ $memory$auto$proc_rom.cc:155:do_switch$454$rdmux[0][3][3]$b$957 [5] $memory$auto$proc_rom.cc:155:do_switch$454$rdmux[0][3][3]$b$957 [1] }
      New connections: { $memory$auto$proc_rom.cc:155:do_switch$454$rdmux[0][3][3]$b$957 [14:6] $memory$auto$proc_rom.cc:155:do_switch$454$rdmux[0][3][3]$b$957 [4:2] $memory$auto$proc_rom.cc:155:do_switch$454$rdmux[0][3][3]$b$957 [0] } = { 4'0011 $memory$auto$proc_rom.cc:155:do_switch$454$rdmux[0][3][3]$b$957 [5] 1'0 $memory$auto$proc_rom.cc:155:do_switch$454$rdmux[0][3][3]$b$957 [1] 1'0 $memory$auto$proc_rom.cc:155:do_switch$454$rdmux[0][3][3]$b$957 [5] 2'00 $memory$auto$proc_rom.cc:155:do_switch$454$rdmux[0][3][3]$b$957 [1] 1'0 }
    Consolidated identical input bits for $pmux cell $procmux$620:
      Old ports: A=16'0000000000000000, B={ 33'000000001010101000000001101010100 \config_word [14:0] 32'00000000010101010000000101010101 }, Y=\word
      New ports: A=15'000000000000000, B={ 30'000000010101010000000110101010 \config_word [14:0] 30'000000001010101000000101010101 }, Y=\word [14:0]
      New connections: \word [15] = 1'0
  Optimizing cells in module \panel.
    Consolidated identical input bits for $mux cell $memory$auto$proc_rom.cc:155:do_switch$454$rdmux[0][3][5]$961:
      Old ports: A=$memory$auto$proc_rom.cc:155:do_switch$454$rdmux[0][3][5]$a$962, B=15'111010010100000, Y=$memory$auto$proc_rom.cc:155:do_switch$454$rdmux[0][2][2]$b$942
      New ports: A={ $memory$auto$proc_rom.cc:155:do_switch$454$rdmux[0][3][5]$a$962 [8] $memory$auto$proc_rom.cc:155:do_switch$454$rdmux[0][3][5]$a$962 [5] }, B=2'01, Y={ $memory$auto$proc_rom.cc:155:do_switch$454$rdmux[0][2][2]$b$942 [8] $memory$auto$proc_rom.cc:155:do_switch$454$rdmux[0][2][2]$b$942 [5] }
      New connections: { $memory$auto$proc_rom.cc:155:do_switch$454$rdmux[0][2][2]$b$942 [14:9] $memory$auto$proc_rom.cc:155:do_switch$454$rdmux[0][2][2]$b$942 [7:6] $memory$auto$proc_rom.cc:155:do_switch$454$rdmux[0][2][2]$b$942 [4:0] } = { $memory$auto$proc_rom.cc:155:do_switch$454$rdmux[0][2][2]$b$942 [5] 1'1 $memory$auto$proc_rom.cc:155:do_switch$454$rdmux[0][2][2]$b$942 [5] 1'0 $memory$auto$proc_rom.cc:155:do_switch$454$rdmux[0][2][2]$b$942 [5] $memory$auto$proc_rom.cc:155:do_switch$454$rdmux[0][2][2]$b$942 [8] $memory$auto$proc_rom.cc:155:do_switch$454$rdmux[0][2][2]$b$942 [5] 6'000000 }
    Consolidated identical input bits for $mux cell $memory$auto$proc_rom.cc:155:do_switch$454$rdmux[0][3][4]$958:
      Old ports: A=$memory$auto$proc_rom.cc:155:do_switch$454$rdmux[0][3][4]$a$959, B=$memory$auto$proc_rom.cc:155:do_switch$454$rdmux[0][3][4]$b$960, Y=$memory$auto$proc_rom.cc:155:do_switch$454$rdmux[0][2][2]$a$941
      New ports: A={ 1'0 $memory$auto$proc_rom.cc:155:do_switch$454$rdmux[0][3][4]$a$959 [3] $memory$auto$proc_rom.cc:155:do_switch$454$rdmux[0][3][4]$a$959 [3] 1'1 $memory$auto$proc_rom.cc:155:do_switch$454$rdmux[0][3][4]$a$959 [0] }, B={ 1'1 $memory$auto$proc_rom.cc:155:do_switch$454$rdmux[0][3][4]$b$960 [8] 3'000 }, Y={ $memory$auto$proc_rom.cc:155:do_switch$454$rdmux[0][2][2]$a$941 [13] $memory$auto$proc_rom.cc:155:do_switch$454$rdmux[0][2][2]$a$941 [8] $memory$auto$proc_rom.cc:155:do_switch$454$rdmux[0][2][2]$a$941 [3] $memory$auto$proc_rom.cc:155:do_switch$454$rdmux[0][2][2]$a$941 [1:0] }
      New connections: { $memory$auto$proc_rom.cc:155:do_switch$454$rdmux[0][2][2]$a$941 [14] $memory$auto$proc_rom.cc:155:do_switch$454$rdmux[0][2][2]$a$941 [12:9] $memory$auto$proc_rom.cc:155:do_switch$454$rdmux[0][2][2]$a$941 [7:4] $memory$auto$proc_rom.cc:155:do_switch$454$rdmux[0][2][2]$a$941 [2] } = { 1'0 $memory$auto$proc_rom.cc:155:do_switch$454$rdmux[0][2][2]$a$941 [1] $memory$auto$proc_rom.cc:155:do_switch$454$rdmux[0][2][2]$a$941 [1] $memory$auto$proc_rom.cc:155:do_switch$454$rdmux[0][2][2]$a$941 [1:0] $memory$auto$proc_rom.cc:155:do_switch$454$rdmux[0][2][2]$a$941 [3] $memory$auto$proc_rom.cc:155:do_switch$454$rdmux[0][2][2]$a$941 [1:0] $memory$auto$proc_rom.cc:155:do_switch$454$rdmux[0][2][2]$a$941 [0] 1'0 }
    Consolidated identical input bits for $mux cell $memory$auto$proc_rom.cc:155:do_switch$454$rdmux[0][3][3]$955:
      Old ports: A=$memory$auto$proc_rom.cc:155:do_switch$454$rdmux[0][3][3]$a$956, B=$memory$auto$proc_rom.cc:155:do_switch$454$rdmux[0][3][3]$b$957, Y=$memory$auto$proc_rom.cc:155:do_switch$454$rdmux[0][2][1]$b$939
      New ports: A={ $memory$auto$proc_rom.cc:155:do_switch$454$rdmux[0][3][3]$a$956 [11] 1'0 $memory$auto$proc_rom.cc:155:do_switch$454$rdmux[0][3][3]$a$956 [0] $memory$auto$proc_rom.cc:155:do_switch$454$rdmux[0][3][3]$a$956 [0] $memory$auto$proc_rom.cc:155:do_switch$454$rdmux[0][3][3]$a$956 [0] }, B={ 1'1 $memory$auto$proc_rom.cc:155:do_switch$454$rdmux[0][3][3]$b$957 [5] $memory$auto$proc_rom.cc:155:do_switch$454$rdmux[0][3][3]$b$957 [5] $memory$auto$proc_rom.cc:155:do_switch$454$rdmux[0][3][3]$b$957 [1] 1'0 }, Y={ $memory$auto$proc_rom.cc:155:do_switch$454$rdmux[0][2][1]$b$939 [11] $memory$auto$proc_rom.cc:155:do_switch$454$rdmux[0][2][1]$b$939 [6:5] $memory$auto$proc_rom.cc:155:do_switch$454$rdmux[0][2][1]$b$939 [1:0] }
      New connections: { $memory$auto$proc_rom.cc:155:do_switch$454$rdmux[0][2][1]$b$939 [14:12] $memory$auto$proc_rom.cc:155:do_switch$454$rdmux[0][2][1]$b$939 [10:7] $memory$auto$proc_rom.cc:155:do_switch$454$rdmux[0][2][1]$b$939 [4:2] } = { 3'001 $memory$auto$proc_rom.cc:155:do_switch$454$rdmux[0][2][1]$b$939 [6] 1'0 $memory$auto$proc_rom.cc:155:do_switch$454$rdmux[0][2][1]$b$939 [1] 3'000 $memory$auto$proc_rom.cc:155:do_switch$454$rdmux[0][2][1]$b$939 [1] }
    Consolidated identical input bits for $mux cell $memory$auto$proc_rom.cc:155:do_switch$454$rdmux[0][3][2]$952:
      Old ports: A=$memory$auto$proc_rom.cc:155:do_switch$454$rdmux[0][3][2]$a$953, B=$memory$auto$proc_rom.cc:155:do_switch$454$rdmux[0][3][2]$b$954, Y=$memory$auto$proc_rom.cc:155:do_switch$454$rdmux[0][2][1]$a$938
      New ports: A={ 1'1 $memory$auto$proc_rom.cc:155:do_switch$454$rdmux[0][3][2]$a$953 [1] 1'0 $memory$auto$proc_rom.cc:155:do_switch$454$rdmux[0][3][2]$a$953 [1:0] }, B={ $memory$auto$proc_rom.cc:155:do_switch$454$rdmux[0][3][2]$b$954 [0] $memory$auto$proc_rom.cc:155:do_switch$454$rdmux[0][3][2]$b$954 [0] $memory$auto$proc_rom.cc:155:do_switch$454$rdmux[0][3][2]$b$954 [6] 1'0 $memory$auto$proc_rom.cc:155:do_switch$454$rdmux[0][3][2]$b$954 [0] }, Y={ $memory$auto$proc_rom.cc:155:do_switch$454$rdmux[0][2][1]$a$938 [10:9] $memory$auto$proc_rom.cc:155:do_switch$454$rdmux[0][2][1]$a$938 [6] $memory$auto$proc_rom.cc:155:do_switch$454$rdmux[0][2][1]$a$938 [1:0] }
      New connections: { $memory$auto$proc_rom.cc:155:do_switch$454$rdmux[0][2][1]$a$938 [14:11] $memory$auto$proc_rom.cc:155:do_switch$454$rdmux[0][2][1]$a$938 [8:7] $memory$auto$proc_rom.cc:155:do_switch$454$rdmux[0][2][1]$a$938 [5:2] } = { 2'00 $memory$auto$proc_rom.cc:155:do_switch$454$rdmux[0][2][1]$a$938 [6] $memory$auto$proc_rom.cc:155:do_switch$454$rdmux[0][2][1]$a$938 [10] $memory$auto$proc_rom.cc:155:do_switch$454$rdmux[0][2][1]$a$938 [0] $memory$auto$proc_rom.cc:155:do_switch$454$rdmux[0][2][1]$a$938 [1] 3'000 $memory$auto$proc_rom.cc:155:do_switch$454$rdmux[0][2][1]$a$938 [1] }
    Consolidated identical input bits for $mux cell $memory$auto$proc_rom.cc:155:do_switch$454$rdmux[0][3][1]$949:
      Old ports: A=$memory$auto$proc_rom.cc:155:do_switch$454$rdmux[0][3][1]$a$950, B=$memory$auto$proc_rom.cc:155:do_switch$454$rdmux[0][3][1]$b$951, Y=$memory$auto$proc_rom.cc:155:do_switch$454$rdmux[0][2][0]$b$936
      New ports: A={ $memory$auto$proc_rom.cc:155:do_switch$454$rdmux[0][3][1]$a$950 [0] $memory$auto$proc_rom.cc:155:do_switch$454$rdmux[0][3][1]$a$950 [8] 2'00 $memory$auto$proc_rom.cc:155:do_switch$454$rdmux[0][3][1]$a$950 [0] }, B={ $memory$auto$proc_rom.cc:155:do_switch$454$rdmux[0][3][1]$b$951 [5] $memory$auto$proc_rom.cc:155:do_switch$454$rdmux[0][3][1]$b$951 [5] $memory$auto$proc_rom.cc:155:do_switch$454$rdmux[0][3][1]$b$951 [5] $memory$auto$proc_rom.cc:155:do_switch$454$rdmux[0][3][1]$b$951 [3] 1'0 }, Y={ $memory$auto$proc_rom.cc:155:do_switch$454$rdmux[0][2][0]$b$936 [9:8] $memory$auto$proc_rom.cc:155:do_switch$454$rdmux[0][2][0]$b$936 [5] $memory$auto$proc_rom.cc:155:do_switch$454$rdmux[0][2][0]$b$936 [3] $memory$auto$proc_rom.cc:155:do_switch$454$rdmux[0][2][0]$b$936 [0] }
      New connections: { $memory$auto$proc_rom.cc:155:do_switch$454$rdmux[0][2][0]$b$936 [14:10] $memory$auto$proc_rom.cc:155:do_switch$454$rdmux[0][2][0]$b$936 [7:6] $memory$auto$proc_rom.cc:155:do_switch$454$rdmux[0][2][0]$b$936 [4] $memory$auto$proc_rom.cc:155:do_switch$454$rdmux[0][2][0]$b$936 [2:1] } = { 3'000 $memory$auto$proc_rom.cc:155:do_switch$454$rdmux[0][2][0]$b$936 [3] 3'100 $memory$auto$proc_rom.cc:155:do_switch$454$rdmux[0][2][0]$b$936 [3] 2'00 }
    Consolidated identical input bits for $mux cell $memory$auto$proc_rom.cc:155:do_switch$454$rdmux[0][3][0]$946:
      Old ports: A=$memory$auto$proc_rom.cc:155:do_switch$454$rdmux[0][3][0]$a$947, B=$memory$auto$proc_rom.cc:155:do_switch$454$rdmux[0][3][0]$b$948, Y=$memory$auto$proc_rom.cc:155:do_switch$454$rdmux[0][2][0]$a$935
      New ports: A={ 3'000 $memory$auto$proc_rom.cc:155:do_switch$454$rdmux[0][3][0]$a$947 [0] $memory$auto$proc_rom.cc:155:do_switch$454$rdmux[0][3][0]$a$947 [0] }, B={ $memory$auto$proc_rom.cc:155:do_switch$454$rdmux[0][3][0]$b$948 [1:0] 1'1 $memory$auto$proc_rom.cc:155:do_switch$454$rdmux[0][3][0]$b$948 [1:0] }, Y={ $memory$auto$proc_rom.cc:155:do_switch$454$rdmux[0][2][0]$a$935 [10] $memory$auto$proc_rom.cc:155:do_switch$454$rdmux[0][2][0]$a$935 [5:4] $memory$auto$proc_rom.cc:155:do_switch$454$rdmux[0][2][0]$a$935 [1:0] }
      New connections: { $memory$auto$proc_rom.cc:155:do_switch$454$rdmux[0][2][0]$a$935 [14:11] $memory$auto$proc_rom.cc:155:do_switch$454$rdmux[0][2][0]$a$935 [9:6] $memory$auto$proc_rom.cc:155:do_switch$454$rdmux[0][2][0]$a$935 [3:2] } = { 4'0000 $memory$auto$proc_rom.cc:155:do_switch$454$rdmux[0][2][0]$a$935 [0] $memory$auto$proc_rom.cc:155:do_switch$454$rdmux[0][2][0]$a$935 [5] 3'000 $memory$auto$proc_rom.cc:155:do_switch$454$rdmux[0][2][0]$a$935 [0] }
  Optimizing cells in module \panel.
    Consolidated identical input bits for $mux cell $memory$auto$proc_rom.cc:155:do_switch$454$rdmux[0][2][2]$940:
      Old ports: A=$memory$auto$proc_rom.cc:155:do_switch$454$rdmux[0][2][2]$a$941, B=$memory$auto$proc_rom.cc:155:do_switch$454$rdmux[0][2][2]$b$942, Y=$memory$auto$proc_rom.cc:155:do_switch$454$rdmux[0][1][1]$a$932
      New ports: A={ 1'0 $memory$auto$proc_rom.cc:155:do_switch$454$rdmux[0][2][2]$a$941 [13] $memory$auto$proc_rom.cc:155:do_switch$454$rdmux[0][2][2]$a$941 [1:0] $memory$auto$proc_rom.cc:155:do_switch$454$rdmux[0][2][2]$a$941 [8] $memory$auto$proc_rom.cc:155:do_switch$454$rdmux[0][2][2]$a$941 [3] $memory$auto$proc_rom.cc:155:do_switch$454$rdmux[0][2][2]$a$941 [0] $memory$auto$proc_rom.cc:155:do_switch$454$rdmux[0][2][2]$a$941 [3] $memory$auto$proc_rom.cc:155:do_switch$454$rdmux[0][2][2]$a$941 [1:0] }, B={ $memory$auto$proc_rom.cc:155:do_switch$454$rdmux[0][2][2]$b$942 [5] 1'1 $memory$auto$proc_rom.cc:155:do_switch$454$rdmux[0][2][2]$b$942 [5] $memory$auto$proc_rom.cc:155:do_switch$454$rdmux[0][2][2]$b$942 [8] $memory$auto$proc_rom.cc:155:do_switch$454$rdmux[0][2][2]$b$942 [8] $memory$auto$proc_rom.cc:155:do_switch$454$rdmux[0][2][2]$b$942 [5] $memory$auto$proc_rom.cc:155:do_switch$454$rdmux[0][2][2]$b$942 [5] 3'000 }, Y={ $memory$auto$proc_rom.cc:155:do_switch$454$rdmux[0][1][1]$a$932 [14:13] $memory$auto$proc_rom.cc:155:do_switch$454$rdmux[0][1][1]$a$932 [10:7] $memory$auto$proc_rom.cc:155:do_switch$454$rdmux[0][1][1]$a$932 [5] $memory$auto$proc_rom.cc:155:do_switch$454$rdmux[0][1][1]$a$932 [3] $memory$auto$proc_rom.cc:155:do_switch$454$rdmux[0][1][1]$a$932 [1:0] }
      New connections: { $memory$auto$proc_rom.cc:155:do_switch$454$rdmux[0][1][1]$a$932 [12:11] $memory$auto$proc_rom.cc:155:do_switch$454$rdmux[0][1][1]$a$932 [6] $memory$auto$proc_rom.cc:155:do_switch$454$rdmux[0][1][1]$a$932 [4] $memory$auto$proc_rom.cc:155:do_switch$454$rdmux[0][1][1]$a$932 [2] } = { $memory$auto$proc_rom.cc:155:do_switch$454$rdmux[0][1][1]$a$932 [10] $memory$auto$proc_rom.cc:155:do_switch$454$rdmux[0][1][1]$a$932 [1] $memory$auto$proc_rom.cc:155:do_switch$454$rdmux[0][1][1]$a$932 [1:0] 1'0 }
    Consolidated identical input bits for $mux cell $memory$auto$proc_rom.cc:155:do_switch$454$rdmux[0][2][1]$937:
      Old ports: A=$memory$auto$proc_rom.cc:155:do_switch$454$rdmux[0][2][1]$a$938, B=$memory$auto$proc_rom.cc:155:do_switch$454$rdmux[0][2][1]$b$939, Y=$memory$auto$proc_rom.cc:155:do_switch$454$rdmux[0][1][0]$b$930
      New ports: A={ $memory$auto$proc_rom.cc:155:do_switch$454$rdmux[0][2][1]$a$938 [6] $memory$auto$proc_rom.cc:155:do_switch$454$rdmux[0][2][1]$a$938 [10] $memory$auto$proc_rom.cc:155:do_switch$454$rdmux[0][2][1]$a$938 [10:9] $memory$auto$proc_rom.cc:155:do_switch$454$rdmux[0][2][1]$a$938 [0] $memory$auto$proc_rom.cc:155:do_switch$454$rdmux[0][2][1]$a$938 [1] $memory$auto$proc_rom.cc:155:do_switch$454$rdmux[0][2][1]$a$938 [6] 1'0 $memory$auto$proc_rom.cc:155:do_switch$454$rdmux[0][2][1]$a$938 [1:0] }, B={ 1'1 $memory$auto$proc_rom.cc:155:do_switch$454$rdmux[0][2][1]$b$939 [11] $memory$auto$proc_rom.cc:155:do_switch$454$rdmux[0][2][1]$b$939 [6] 1'0 $memory$auto$proc_rom.cc:155:do_switch$454$rdmux[0][2][1]$b$939 [1] 1'0 $memory$auto$proc_rom.cc:155:do_switch$454$rdmux[0][2][1]$b$939 [6:5] $memory$auto$proc_rom.cc:155:do_switch$454$rdmux[0][2][1]$b$939 [1:0] }, Y={ $memory$auto$proc_rom.cc:155:do_switch$454$rdmux[0][1][0]$b$930 [12:5] $memory$auto$proc_rom.cc:155:do_switch$454$rdmux[0][1][0]$b$930 [1:0] }
      New connections: { $memory$auto$proc_rom.cc:155:do_switch$454$rdmux[0][1][0]$b$930 [14:13] $memory$auto$proc_rom.cc:155:do_switch$454$rdmux[0][1][0]$b$930 [4:2] } = { 4'0000 $memory$auto$proc_rom.cc:155:do_switch$454$rdmux[0][1][0]$b$930 [1] }
    Consolidated identical input bits for $mux cell $memory$auto$proc_rom.cc:155:do_switch$454$rdmux[0][2][0]$934:
      Old ports: A=$memory$auto$proc_rom.cc:155:do_switch$454$rdmux[0][2][0]$a$935, B=$memory$auto$proc_rom.cc:155:do_switch$454$rdmux[0][2][0]$b$936, Y=$memory$auto$proc_rom.cc:155:do_switch$454$rdmux[0][1][0]$a$929
      New ports: A={ $memory$auto$proc_rom.cc:155:do_switch$454$rdmux[0][2][0]$a$935 [10] $memory$auto$proc_rom.cc:155:do_switch$454$rdmux[0][2][0]$a$935 [0] $memory$auto$proc_rom.cc:155:do_switch$454$rdmux[0][2][0]$a$935 [5] $memory$auto$proc_rom.cc:155:do_switch$454$rdmux[0][2][0]$a$935 [5:4] 1'0 $memory$auto$proc_rom.cc:155:do_switch$454$rdmux[0][2][0]$a$935 [0] $memory$auto$proc_rom.cc:155:do_switch$454$rdmux[0][2][0]$a$935 [1:0] }, B={ 1'1 $memory$auto$proc_rom.cc:155:do_switch$454$rdmux[0][2][0]$b$936 [9:8] $memory$auto$proc_rom.cc:155:do_switch$454$rdmux[0][2][0]$b$936 [5] $memory$auto$proc_rom.cc:155:do_switch$454$rdmux[0][2][0]$b$936 [3] $memory$auto$proc_rom.cc:155:do_switch$454$rdmux[0][2][0]$b$936 [3] 2'00 $memory$auto$proc_rom.cc:155:do_switch$454$rdmux[0][2][0]$b$936 [0] }, Y={ $memory$auto$proc_rom.cc:155:do_switch$454$rdmux[0][1][0]$a$929 [10:8] $memory$auto$proc_rom.cc:155:do_switch$454$rdmux[0][1][0]$a$929 [5:0] }
      New connections: { $memory$auto$proc_rom.cc:155:do_switch$454$rdmux[0][1][0]$a$929 [14:11] $memory$auto$proc_rom.cc:155:do_switch$454$rdmux[0][1][0]$a$929 [7:6] } = { 3'000 $memory$auto$proc_rom.cc:155:do_switch$454$rdmux[0][1][0]$a$929 [3] 2'00 }
  Optimizing cells in module \panel.
    Consolidated identical input bits for $mux cell $memory$auto$proc_rom.cc:155:do_switch$454$rdmux[0][1][1]$931:
      Old ports: A=$memory$auto$proc_rom.cc:155:do_switch$454$rdmux[0][1][1]$a$932, B=15'111010010100000, Y=$memory$auto$proc_rom.cc:155:do_switch$454$rdmux[0][0][0]$b$927
      New ports: A={ $memory$auto$proc_rom.cc:155:do_switch$454$rdmux[0][1][1]$a$932 [14:13] $memory$auto$proc_rom.cc:155:do_switch$454$rdmux[0][1][1]$a$932 [10:7] $memory$auto$proc_rom.cc:155:do_switch$454$rdmux[0][1][1]$a$932 [5] $memory$auto$proc_rom.cc:155:do_switch$454$rdmux[0][1][1]$a$932 [3] $memory$auto$proc_rom.cc:155:do_switch$454$rdmux[0][1][1]$a$932 [1:0] }, B=10'1110011000, Y={ $memory$auto$proc_rom.cc:155:do_switch$454$rdmux[0][0][0]$b$927 [14:13] $memory$auto$proc_rom.cc:155:do_switch$454$rdmux[0][0][0]$b$927 [10:7] $memory$auto$proc_rom.cc:155:do_switch$454$rdmux[0][0][0]$b$927 [5] $memory$auto$proc_rom.cc:155:do_switch$454$rdmux[0][0][0]$b$927 [3] $memory$auto$proc_rom.cc:155:do_switch$454$rdmux[0][0][0]$b$927 [1:0] }
      New connections: { $memory$auto$proc_rom.cc:155:do_switch$454$rdmux[0][0][0]$b$927 [12:11] $memory$auto$proc_rom.cc:155:do_switch$454$rdmux[0][0][0]$b$927 [6] $memory$auto$proc_rom.cc:155:do_switch$454$rdmux[0][0][0]$b$927 [4] $memory$auto$proc_rom.cc:155:do_switch$454$rdmux[0][0][0]$b$927 [2] } = { $memory$auto$proc_rom.cc:155:do_switch$454$rdmux[0][0][0]$b$927 [10] $memory$auto$proc_rom.cc:155:do_switch$454$rdmux[0][0][0]$b$927 [1] $memory$auto$proc_rom.cc:155:do_switch$454$rdmux[0][0][0]$b$927 [1:0] 1'0 }
    Consolidated identical input bits for $mux cell $memory$auto$proc_rom.cc:155:do_switch$454$rdmux[0][1][0]$928:
      Old ports: A=$memory$auto$proc_rom.cc:155:do_switch$454$rdmux[0][1][0]$a$929, B=$memory$auto$proc_rom.cc:155:do_switch$454$rdmux[0][1][0]$b$930, Y=$memory$auto$proc_rom.cc:155:do_switch$454$rdmux[0][0][0]$a$926
      New ports: A={ 1'0 $memory$auto$proc_rom.cc:155:do_switch$454$rdmux[0][1][0]$a$929 [3] $memory$auto$proc_rom.cc:155:do_switch$454$rdmux[0][1][0]$a$929 [10:8] 2'00 $memory$auto$proc_rom.cc:155:do_switch$454$rdmux[0][1][0]$a$929 [5:0] }, B={ $memory$auto$proc_rom.cc:155:do_switch$454$rdmux[0][1][0]$b$930 [12:5] 2'00 $memory$auto$proc_rom.cc:155:do_switch$454$rdmux[0][1][0]$b$930 [1] $memory$auto$proc_rom.cc:155:do_switch$454$rdmux[0][1][0]$b$930 [1:0] }, Y=$memory$auto$proc_rom.cc:155:do_switch$454$rdmux[0][0][0]$a$926 [12:0]
      New connections: $memory$auto$proc_rom.cc:155:do_switch$454$rdmux[0][0][0]$a$926 [14:13] = 2'00
  Optimizing cells in module \panel.
Performed a total of 24 changes.

2.30.5. Executing OPT_MERGE pass (detect identical cells).
Finding identical cells in module `\panel'.
Computing hashes of 151 cells of `\panel'.
Finding duplicate cells in `\panel'.
Computing hashes of 143 cells of `\panel'.
Finding duplicate cells in `\panel'.
<suppressed ~24 debug messages>
Removed a total of 8 cells.

2.30.6. Executing OPT_DFF pass (perform DFF optimizations).

2.30.7. Executing OPT_CLEAN pass (remove unused cells and wires).
Finding unused cells or wires in module \panel..
Removed 0 unused cells and 48 unused wires.
<suppressed ~1 debug messages>

2.30.8. Executing OPT_EXPR pass (perform const folding).
Optimizing module panel.

2.30.9. Rerunning OPT passes. (Maybe there is more to do..)

2.30.10. Executing OPT_MUXTREE pass (detect dead branches in mux trees).
Running muxtree optimizer on module \panel..
  Creating internal representation of mux trees.
  Evaluating internal representation of mux trees.
  Analyzing evaluation results.
Removed 0 multiplexer ports.
<suppressed ~67 debug messages>

2.30.11. Executing OPT_REDUCE pass (consolidate $*mux and $reduce_* inputs).
  Optimizing cells in module \panel.
    Consolidated identical input bits for $mux cell $memory$auto$proc_rom.cc:155:do_switch$454$rdmux[0][3][3]$955:
      Old ports: A={ $memory$auto$proc_rom.cc:155:do_switch$454$rdmux[0][3][0]$b$948 [1] 1'0 $memory$auto$proc_rom.cc:155:do_switch$454$rdmux[0][3][0]$b$948 [0] $memory$auto$proc_rom.cc:155:do_switch$454$rdmux[0][3][0]$b$948 [0] $memory$auto$proc_rom.cc:155:do_switch$454$rdmux[0][3][0]$b$948 [0] }, B={ 1'1 $memory$auto$proc_rom.cc:155:do_switch$454$rdmux[0][3][0]$b$948 [1] $memory$auto$proc_rom.cc:155:do_switch$454$rdmux[0][3][0]$b$948 [1:0] 1'0 }, Y={ $memory$auto$proc_rom.cc:155:do_switch$454$rdmux[0][2][1]$b$939 [11] $memory$auto$proc_rom.cc:155:do_switch$454$rdmux[0][2][1]$b$939 [6:5] $memory$auto$proc_rom.cc:155:do_switch$454$rdmux[0][2][1]$b$939 [1:0] }
      New ports: A={ $memory$auto$proc_rom.cc:155:do_switch$454$rdmux[0][3][0]$b$948 [1] 1'0 $memory$auto$proc_rom.cc:155:do_switch$454$rdmux[0][3][0]$b$948 [0] $memory$auto$proc_rom.cc:155:do_switch$454$rdmux[0][3][0]$b$948 [0] }, B={ 1'1 $memory$auto$proc_rom.cc:155:do_switch$454$rdmux[0][3][0]$b$948 [1] $memory$auto$proc_rom.cc:155:do_switch$454$rdmux[0][3][0]$b$948 [1] 1'0 }, Y={ $memory$auto$proc_rom.cc:155:do_switch$454$rdmux[0][2][1]$b$939 [11] $memory$auto$proc_rom.cc:155:do_switch$454$rdmux[0][2][1]$b$939 [6:5] $memory$auto$proc_rom.cc:155:do_switch$454$rdmux[0][2][1]$b$939 [0] }
      New connections: $memory$auto$proc_rom.cc:155:do_switch$454$rdmux[0][2][1]$b$939 [1] = $memory$auto$proc_rom.cc:155:do_switch$454$rdmux[0][3][0]$b$948 [0]
    Consolidated identical input bits for $mux cell $memory$auto$proc_rom.cc:155:do_switch$454$rdmux[0][3][2]$952:
      Old ports: A={ 1'1 $memory$auto$proc_rom.cc:155:do_switch$454$rdmux[0][3][0]$b$948 [1] 1'0 $memory$auto$proc_rom.cc:155:do_switch$454$rdmux[0][3][0]$b$948 [1:0] }, B={ $memory$auto$proc_rom.cc:155:do_switch$454$rdmux[0][3][0]$b$948 [0] $memory$auto$proc_rom.cc:155:do_switch$454$rdmux[0][3][0]$b$948 [0] $memory$auto$proc_rom.cc:155:do_switch$454$rdmux[0][3][0]$b$948 [1] 1'0 $memory$auto$proc_rom.cc:155:do_switch$454$rdmux[0][3][0]$b$948 [0] }, Y={ $memory$auto$proc_rom.cc:155:do_switch$454$rdmux[0][2][1]$a$938 [10:9] $memory$auto$proc_rom.cc:155:do_switch$454$rdmux[0][2][1]$a$938 [6] $memory$auto$proc_rom.cc:155:do_switch$454$rdmux[0][2][1]$a$938 [1:0] }
      New ports: A={ 1'1 $memory$auto$proc_rom.cc:155:do_switch$454$rdmux[0][3][0]$b$948 [1] 1'0 $memory$auto$proc_rom.cc:155:do_switch$454$rdmux[0][3][0]$b$948 [1] }, B={ $memory$auto$proc_rom.cc:155:do_switch$454$rdmux[0][3][0]$b$948 [0] $memory$auto$proc_rom.cc:155:do_switch$454$rdmux[0][3][0]$b$948 [0] $memory$auto$proc_rom.cc:155:do_switch$454$rdmux[0][3][0]$b$948 [1] 1'0 }, Y={ $memory$auto$proc_rom.cc:155:do_switch$454$rdmux[0][2][1]$a$938 [10:9] $memory$auto$proc_rom.cc:155:do_switch$454$rdmux[0][2][1]$a$938 [6] $memory$auto$proc_rom.cc:155:do_switch$454$rdmux[0][2][1]$a$938 [1] }
      New connections: $memory$auto$proc_rom.cc:155:do_switch$454$rdmux[0][2][1]$a$938 [0] = $memory$auto$proc_rom.cc:155:do_switch$454$rdmux[0][3][0]$b$948 [0]
    Consolidated identical input bits for $mux cell $memory$auto$proc_rom.cc:155:do_switch$454$rdmux[0][3][1]$949:
      Old ports: A={ $memory$auto$proc_rom.cc:155:do_switch$454$rdmux[0][3][1]$a$950 [0] $memory$auto$proc_rom.cc:155:do_switch$454$rdmux[0][3][1]$a$950 [8] 2'00 $memory$auto$proc_rom.cc:155:do_switch$454$rdmux[0][3][1]$a$950 [0] }, B={ $memory$auto$proc_rom.cc:155:do_switch$454$rdmux[0][3][1]$a$950 [8] $memory$auto$proc_rom.cc:155:do_switch$454$rdmux[0][3][1]$a$950 [8] $memory$auto$proc_rom.cc:155:do_switch$454$rdmux[0][3][1]$a$950 [8] $memory$auto$proc_rom.cc:155:do_switch$454$rdmux[0][3][1]$a$950 [0] 1'0 }, Y={ $memory$auto$proc_rom.cc:155:do_switch$454$rdmux[0][2][0]$b$936 [9:8] $memory$auto$proc_rom.cc:155:do_switch$454$rdmux[0][2][0]$b$936 [5] $memory$auto$proc_rom.cc:155:do_switch$454$rdmux[0][2][0]$b$936 [3] $memory$auto$proc_rom.cc:155:do_switch$454$rdmux[0][2][0]$b$936 [0] }
      New ports: A={ $memory$auto$proc_rom.cc:155:do_switch$454$rdmux[0][3][1]$a$950 [0] 2'00 $memory$auto$proc_rom.cc:155:do_switch$454$rdmux[0][3][1]$a$950 [0] }, B={ $memory$auto$proc_rom.cc:155:do_switch$454$rdmux[0][3][1]$a$950 [8] $memory$auto$proc_rom.cc:155:do_switch$454$rdmux[0][3][1]$a$950 [8] $memory$auto$proc_rom.cc:155:do_switch$454$rdmux[0][3][1]$a$950 [0] 1'0 }, Y={ $memory$auto$proc_rom.cc:155:do_switch$454$rdmux[0][2][0]$b$936 [9] $memory$auto$proc_rom.cc:155:do_switch$454$rdmux[0][2][0]$b$936 [5] $memory$auto$proc_rom.cc:155:do_switch$454$rdmux[0][2][0]$b$936 [3] $memory$auto$proc_rom.cc:155:do_switch$454$rdmux[0][2][0]$b$936 [0] }
      New connections: $memory$auto$proc_rom.cc:155:do_switch$454$rdmux[0][2][0]$b$936 [8] = $memory$auto$proc_rom.cc:155:do_switch$454$rdmux[0][3][1]$a$950 [8]
  Optimizing cells in module \panel.
    Consolidated identical input bits for $mux cell $memory$auto$proc_rom.cc:155:do_switch$454$rdmux[0][2][1]$937:
      Old ports: A={ $memory$auto$proc_rom.cc:155:do_switch$454$rdmux[0][2][1]$a$938 [6] $memory$auto$proc_rom.cc:155:do_switch$454$rdmux[0][2][1]$a$938 [10] $memory$auto$proc_rom.cc:155:do_switch$454$rdmux[0][2][1]$a$938 [10:9] $memory$auto$proc_rom.cc:155:do_switch$454$rdmux[0][2][1]$a$938 [0] $memory$auto$proc_rom.cc:155:do_switch$454$rdmux[0][2][1]$a$938 [1] $memory$auto$proc_rom.cc:155:do_switch$454$rdmux[0][2][1]$a$938 [6] 1'0 $memory$auto$proc_rom.cc:155:do_switch$454$rdmux[0][2][1]$a$938 [1:0] }, B={ 1'1 $memory$auto$proc_rom.cc:155:do_switch$454$rdmux[0][2][1]$b$939 [11] $memory$auto$proc_rom.cc:155:do_switch$454$rdmux[0][2][1]$b$939 [6] 1'0 $memory$auto$proc_rom.cc:155:do_switch$454$rdmux[0][2][1]$b$939 [1] 1'0 $memory$auto$proc_rom.cc:155:do_switch$454$rdmux[0][2][1]$b$939 [6:5] $memory$auto$proc_rom.cc:155:do_switch$454$rdmux[0][2][1]$b$939 [1:0] }, Y={ $memory$auto$proc_rom.cc:155:do_switch$454$rdmux[0][1][0]$b$930 [12:5] $memory$auto$proc_rom.cc:155:do_switch$454$rdmux[0][1][0]$b$930 [1:0] }
      New ports: A={ $memory$auto$proc_rom.cc:155:do_switch$454$rdmux[0][2][1]$a$938 [6] $memory$auto$proc_rom.cc:155:do_switch$454$rdmux[0][2][1]$a$938 [10] $memory$auto$proc_rom.cc:155:do_switch$454$rdmux[0][2][1]$a$938 [10:9] $memory$auto$proc_rom.cc:155:do_switch$454$rdmux[0][2][1]$a$938 [1] $memory$auto$proc_rom.cc:155:do_switch$454$rdmux[0][2][1]$a$938 [6] 1'0 $memory$auto$proc_rom.cc:155:do_switch$454$rdmux[0][2][1]$a$938 [1] $memory$auto$proc_rom.cc:155:do_switch$454$rdmux[0][3][0]$b$948 [0] }, B={ 1'1 $memory$auto$proc_rom.cc:155:do_switch$454$rdmux[0][2][1]$b$939 [11] $memory$auto$proc_rom.cc:155:do_switch$454$rdmux[0][2][1]$b$939 [6] 2'00 $memory$auto$proc_rom.cc:155:do_switch$454$rdmux[0][2][1]$b$939 [6:5] $memory$auto$proc_rom.cc:155:do_switch$454$rdmux[0][3][0]$b$948 [0] $memory$auto$proc_rom.cc:155:do_switch$454$rdmux[0][2][1]$b$939 [0] }, Y={ $memory$auto$proc_rom.cc:155:do_switch$454$rdmux[0][1][0]$b$930 [12:9] $memory$auto$proc_rom.cc:155:do_switch$454$rdmux[0][1][0]$b$930 [7:5] $memory$auto$proc_rom.cc:155:do_switch$454$rdmux[0][1][0]$b$930 [1:0] }
      New connections: $memory$auto$proc_rom.cc:155:do_switch$454$rdmux[0][1][0]$b$930 [8] = $memory$auto$proc_rom.cc:155:do_switch$454$rdmux[0][3][0]$b$948 [0]
  Optimizing cells in module \panel.
Performed a total of 4 changes.

2.30.12. Executing OPT_MERGE pass (detect identical cells).
Finding identical cells in module `\panel'.
Computing hashes of 143 cells of `\panel'.
Finding duplicate cells in `\panel'.
Removed a total of 0 cells.

2.30.13. Executing OPT_DFF pass (perform DFF optimizations).

2.30.14. Executing OPT_CLEAN pass (remove unused cells and wires).
Finding unused cells or wires in module \panel..

2.30.15. Executing OPT_EXPR pass (perform const folding).
Optimizing module panel.

2.30.16. Rerunning OPT passes. (Maybe there is more to do..)

2.30.17. Executing OPT_MUXTREE pass (detect dead branches in mux trees).
Running muxtree optimizer on module \panel..
  Creating internal representation of mux trees.
  Evaluating internal representation of mux trees.
  Analyzing evaluation results.
Removed 0 multiplexer ports.
<suppressed ~63 debug messages>

2.30.18. Executing OPT_REDUCE pass (consolidate $*mux and $reduce_* inputs).
  Optimizing cells in module \panel.
Performed a total of 0 changes.

2.30.19. Executing OPT_MERGE pass (detect identical cells).
Finding identical cells in module `\panel'.
Computing hashes of 143 cells of `\panel'.
Finding duplicate cells in `\panel'.
Removed a total of 0 cells.

2.30.20. Executing OPT_DFF pass (perform DFF optimizations).

2.30.21. Executing OPT_CLEAN pass (remove unused cells and wires).
Finding unused cells or wires in module \panel..

2.30.22. Executing OPT_EXPR pass (perform const folding).
Optimizing module panel.

2.30.23. Finished fast OPT passes. (There is nothing left to do.)

2.31. Executing ICE40_WRAPCARRY pass (wrap carries).

2.32. Executing TECHMAP pass (map to technology primitives).

2.32.1. Executing Verilog-2005 frontend: C:\oss-cad-suite\bin\../share/yosys/techmap.v
Parsing Verilog input from `C:\oss-cad-suite\bin\../share/yosys/techmap.v' to AST representation.
Generating RTLIL representation for module `\_90_simplemap_bool_ops'.
Generating RTLIL representation for module `\_90_simplemap_reduce_ops'.
Generating RTLIL representation for module `\_90_simplemap_logic_ops'.
Generating RTLIL representation for module `\_90_simplemap_compare_ops'.
Generating RTLIL representation for module `\_90_simplemap_various'.
Generating RTLIL representation for module `\_90_simplemap_registers'.
Generating RTLIL representation for module `\_90_shift_ops_shr_shl_sshl_sshr'.
Generating RTLIL representation for module `\_90_shift_shiftx'.
Generating RTLIL representation for module `\_90_fa'.
Generating RTLIL representation for module `\_90_lcu_brent_kung'.
Generating RTLIL representation for module `\_90_alu'.
Generating RTLIL representation for module `\_90_macc'.
Generating RTLIL representation for module `\_90_alumacc'.
Generating RTLIL representation for module `$__div_mod_u'.
Generating RTLIL representation for module `$__div_mod_trunc'.
Generating RTLIL representation for module `\_90_div'.
Generating RTLIL representation for module `\_90_mod'.
Generating RTLIL representation for module `$__div_mod_floor'.
Generating RTLIL representation for module `\_90_divfloor'.
Generating RTLIL representation for module `\_90_modfloor'.
Generating RTLIL representation for module `\_90_pow'.
Generating RTLIL representation for module `\_90_demux'.
Generating RTLIL representation for module `\_90_lut'.
Generating RTLIL representation for module `$connect'.
Generating RTLIL representation for module `$input_port'.
Successfully finished Verilog frontend.

2.32.2. Executing Verilog-2005 frontend: C:\oss-cad-suite\bin\../share/yosys/ice40/arith_map.v
Parsing Verilog input from `C:\oss-cad-suite\bin\../share/yosys/ice40/arith_map.v' to AST representation.
Generating RTLIL representation for module `\_80_ice40_alu'.
Successfully finished Verilog frontend.

2.32.3. Continuing TECHMAP pass.
Using extmapper simplemap for cells of type $reduce_or.
Using extmapper simplemap for cells of type $not.
Using extmapper simplemap for cells of type $sdffce.
Using extmapper simplemap for cells of type $mux.
Using extmapper simplemap for cells of type $dff.
Using template $paramod$175e67c02b86e96b1288b9dc100122520d7240d8\_90_alu for cells of type $alu.
Using template $paramod$956e79e8f8c5e64be7438155ae50a966e615cb04\_80_ice40_alu for cells of type $alu.
Using template $paramod$672a140277c71df8314410f22acc08d55222c3c7\_80_ice40_alu for cells of type $alu.
Using template $paramod$215440792383f7884e57d9c95f84e9552d0bf4ac\_80_ice40_alu for cells of type $alu.
Using template $paramod$d588c4475f18bc347201f0f2671d73b8c1e7b7ea\_80_ice40_alu for cells of type $alu.
Using template $paramod$32a7b7b86c07519b7537abc18e96f0331f97914d\_80_ice40_alu for cells of type $alu.
Using template $paramod$2af30114e9bd4ccb04dad757b3f0a8f6bf0615b0\_80_ice40_alu for cells of type $alu.
Using template $paramod$c3cd1564c35d873179656addd6052d7ea8b6d991\_80_ice40_alu for cells of type $alu.
Using template $paramod$32efbfac1c4dc57230cf86180788fdfd12e3b511\_80_ice40_alu for cells of type $alu.
Using template $paramod$dad13a281fa6a9ffd6dd427a87dc9a952e80e9ea\_80_ice40_alu for cells of type $alu.
Using extmapper simplemap for cells of type $or.
Using extmapper simplemap for cells of type $reduce_and.
Using template $paramod$a40b3a69ab2154dca9743e30e1e84efb03b892b4\_80_ice40_alu for cells of type $alu.
Using template $paramod$795d817be7d199881e47de72f8a46d9f056cb4cd\_80_ice40_alu for cells of type $alu.
Using template $paramod$e61f808441c14776646ccea05e0cf89bac53ccdb\_80_ice40_alu for cells of type $alu.
Using template $paramod$201d586eed2569f095ddeba6db16e40b8442bc0c\_80_ice40_alu for cells of type $alu.
Using template $paramod$ee9f135470291f7e9a702a13ca7a0f3b25d94913\_80_ice40_alu for cells of type $alu.
Using extmapper simplemap for cells of type $dffe.
Using extmapper simplemap for cells of type $sdff.
Using extmapper simplemap for cells of type $reduce_bool.
Using extmapper simplemap for cells of type $ne.
Using extmapper simplemap for cells of type $eq.
Using extmapper simplemap for cells of type $logic_not.
Using extmapper simplemap for cells of type $logic_and.
Using extmapper simplemap for cells of type $logic_or.
Using template $paramod$constmap:4fc0770b5cd3815b34b14ac08b61f6f3109d353d$paramod$d3856cf1a0cfcc1321b9bac1e0a6f7eb27fd6a9d\_90_shift_shiftx for cells of type $shiftx.
Analyzing pattern of constant bits for this cell:
  Constant input on bit 4 of port B: 1'0
  Constant input on bit 0 of port A: 1'0
  Constant input on bit 1 of port A: 1'0
  Constant input on bit 2 of port A: 1'0
  Constant input on bit 3 of port A: 1'0
  Constant input on bit 4 of port A: 1'0
  Constant input on bit 5 of port A: 1'0
  Constant input on bit 6 of port A: 1'0
  Constant input on bit 7 of port A: 1'0
  Constant input on bit 8 of port A: 1'1
  Constant input on bit 9 of port A: 1'0
  Constant input on bit 10 of port A: 1'0
  Constant input on bit 11 of port A: 1'0
  Constant input on bit 12 of port A: 1'0
  Constant input on bit 13 of port A: 1'0
  Constant input on bit 14 of port A: 1'0
  Constant input on bit 15 of port A: 1'0
Creating constmapped module `$paramod$constmap:1c867c60d9638417ef0979dcd3e701d30114ca3e$paramod$d3856cf1a0cfcc1321b9bac1e0a6f7eb27fd6a9d\_90_shift_shiftx'.

2.32.40. Executing OPT_MUXTREE pass (detect dead branches in mux trees).
Running muxtree optimizer on module $paramod$constmap:1c867c60d9638417ef0979dcd3e701d30114ca3e$paramod$d3856cf1a0cfcc1321b9bac1e0a6f7eb27fd6a9d\_90_shift_shiftx..
  Creating internal representation of mux trees.
  Evaluating internal representation of mux trees.
  Analyzing evaluation results.
    dead port 2/2 on $mux $procmux$1552.
    dead port 2/2 on $mux $procmux$1558.
    dead port 2/2 on $mux $procmux$1564.
    dead port 2/2 on $mux $procmux$1570.
Removed 4 multiplexer ports.
<suppressed ~672 debug messages>

2.32.41. Executing OPT_EXPR pass (perform const folding).
Optimizing module $paramod$constmap:1c867c60d9638417ef0979dcd3e701d30114ca3e$paramod$d3856cf1a0cfcc1321b9bac1e0a6f7eb27fd6a9d\_90_shift_shiftx.
<suppressed ~3 debug messages>
Removed 0 unused cells and 11 unused wires.
Using template $paramod$constmap:1c867c60d9638417ef0979dcd3e701d30114ca3e$paramod$d3856cf1a0cfcc1321b9bac1e0a6f7eb27fd6a9d\_90_shift_shiftx for cells of type $shiftx.
Using extmapper simplemap for cells of type $pmux.
Using extmapper simplemap for cells of type $pos.
Using template $paramod\_90_fa\WIDTH=32'00000000000000000000000000000010 for cells of type $fa.
Using template $paramod\_90_lcu_brent_kung\WIDTH=32'00000000000000000000000000000010 for cells of type $lcu.
Using extmapper simplemap for cells of type $xor.
Using extmapper simplemap for cells of type $and.
No more expansions possible.
<suppressed ~255 debug messages>

2.33. Executing OPT pass (performing simple optimizations).

2.33.1. Executing OPT_EXPR pass (perform const folding).
Optimizing module panel.
<suppressed ~1279 debug messages>

2.33.2. Executing OPT_MERGE pass (detect identical cells).
Finding identical cells in module `\panel'.
Computing hashes of 1128 cells of `\panel'.
Finding duplicate cells in `\panel'.
Computing hashes of 957 cells of `\panel'.
Finding duplicate cells in `\panel'.
Computing hashes of 930 cells of `\panel'.
Finding duplicate cells in `\panel'.
Computing hashes of 927 cells of `\panel'.
Finding duplicate cells in `\panel'.
Computing hashes of 926 cells of `\panel'.
Finding duplicate cells in `\panel'.
<suppressed ~606 debug messages>
Removed a total of 202 cells.

2.33.3. Executing OPT_DFF pass (perform DFF optimizations).
Adding SRST signal on $auto$ff.cc:337:slice$1331 ($_DFFE_PN_) from module panel (D = $auto$simplemap.cc:189:logic_reduce$1638, Q = \LAT, rval = 1'0).
Adding SRST signal on $auto$ff.cc:337:slice$1330 ($_DFFE_PN_) from module panel (D = $auto$simplemap.cc:189:logic_reduce$1612, Q = \OE, rval = 1'0).
Adding SRST signal on $auto$ff.cc:337:slice$1329 ($_DFFE_PN_) from module panel (D = $auto$simplemap.cc:189:logic_reduce$1694, Q = \rgb [5], rval = 1'0).
Adding SRST signal on $auto$ff.cc:337:slice$1324 ($_DFFE_PN_) from module panel (D = $auto$simplemap.cc:189:logic_reduce$1659, Q = \rgb [0], rval = 1'0).
Adding SRST signal on $auto$ff.cc:337:slice$1325 ($_DFFE_PN_) from module panel (D = $auto$simplemap.cc:189:logic_reduce$1666, Q = \rgb [1], rval = 1'0).
Adding SRST signal on $auto$ff.cc:337:slice$1326 ($_DFFE_PN_) from module panel (D = $auto$simplemap.cc:189:logic_reduce$1673, Q = \rgb [2], rval = 1'0).
Adding SRST signal on $auto$ff.cc:337:slice$1327 ($_DFFE_PN_) from module panel (D = $auto$simplemap.cc:189:logic_reduce$1680, Q = \rgb [3], rval = 1'0).
Adding SRST signal on $auto$ff.cc:337:slice$1328 ($_DFFE_PN_) from module panel (D = $auto$simplemap.cc:189:logic_reduce$1687, Q = \rgb [4], rval = 1'0).

2.33.4. Executing OPT_CLEAN pass (remove unused cells and wires).
Finding unused cells or wires in module \panel..
Removed 149 unused cells and 703 unused wires.
<suppressed ~150 debug messages>

2.33.5. Rerunning OPT passes. (Removed registers in this run.)

2.33.6. Executing OPT_EXPR pass (perform const folding).
Optimizing module panel.
<suppressed ~3 debug messages>

2.33.7. Executing OPT_MERGE pass (detect identical cells).
Finding identical cells in module `\panel'.
Computing hashes of 774 cells of `\panel'.
Finding duplicate cells in `\panel'.
Removed a total of 0 cells.

2.33.8. Executing OPT_DFF pass (perform DFF optimizations).

2.33.9. Executing OPT_CLEAN pass (remove unused cells and wires).
Finding unused cells or wires in module \panel..
Removed 0 unused cells and 1 unused wires.
<suppressed ~1 debug messages>

2.33.10. Finished fast OPT passes.

2.34. Executing ICE40_OPT pass (performing simple optimizations).

2.34.1. Running ICE40 specific optimizations.
Optimized $__ICE40_CARRY_WRAPPER cell back to logic (without SB_CARRY) panel.$auto$alumacc.cc:548:replace_alu$738.slice[0].carry: CO=\uart_bit [0]
Optimized $__ICE40_CARRY_WRAPPER cell back to logic (without SB_CARRY) panel.$auto$alumacc.cc:548:replace_alu$743.slice[0].carry: CO=\count [0]
Optimized $__ICE40_CARRY_WRAPPER cell back to logic (without SB_CARRY) panel.$auto$alumacc.cc:548:replace_alu$748.slice[0].carry: CO=\count [0]
Optimized $__ICE40_CARRY_WRAPPER cell back to logic (without SB_CARRY) panel.$auto$alumacc.cc:548:replace_alu$753.slice[0].carry: CO=\count [1]
Optimized $__ICE40_CARRY_WRAPPER cell back to logic (without SB_CARRY) panel.$auto$alumacc.cc:548:replace_alu$758.slice[0].carry: CO=\count [0]
Optimized $__ICE40_CARRY_WRAPPER cell back to logic (without SB_CARRY) panel.$auto$alumacc.cc:548:replace_alu$771.slice[0].carry: CO=\phase [2]
Optimized $__ICE40_CARRY_WRAPPER cell back to logic (without SB_CARRY) panel.$auto$alumacc.cc:548:replace_alu$784.slice[0].carry: CO=\phase [3]
Optimized $__ICE40_CARRY_WRAPPER cell back to logic (without SB_CARRY) panel.$auto$alumacc.cc:548:replace_alu$792.slice[0].carry: CO=\tick_div [0]
Optimized $__ICE40_CARRY_WRAPPER cell back to logic (without SB_CARRY) panel.$auto$alumacc.cc:548:replace_alu$795.slice[0].carry: CO=\scan_row [0]
Optimized $__ICE40_CARRY_WRAPPER cell back to logic (without SB_CARRY) panel.$auto$alumacc.cc:548:replace_alu$798.slice[0].carry: CO=\phase [0]
Optimized $__ICE40_CARRY_WRAPPER cell back to logic (without SB_CARRY) panel.$auto$alumacc.cc:548:replace_alu$801.slice[0].carry: CO=\count [0]
Optimized $__ICE40_CARRY_WRAPPER cell back to logic (without SB_CARRY) panel.$auto$alumacc.cc:548:replace_alu$804.slice[0].carry: CO=\state [0]
Optimized $__ICE40_CARRY_WRAPPER cell back to logic (without SB_CARRY) panel.$auto$alumacc.cc:548:replace_alu$807.slice[0].carry: CO=\config_index [0]
Optimized $__ICE40_CARRY_WRAPPER cell back to logic (without SB_CARRY) panel.$auto$alumacc.cc:548:replace_alu$810.slice[0].carry: CO=\length [0]
Optimized $__ICE40_CARRY_WRAPPER cell back to logic (without SB_CARRY) panel.$auto$alumacc.cc:548:replace_alu$810.slice[8].carry: CO=$auto$alumacc.cc:548:replace_alu$810.C [8]
Optimized $__ICE40_CARRY_WRAPPER cell back to logic (without SB_CARRY) panel.$auto$alumacc.cc:548:replace_alu$810.slice[10].carry: CO=$auto$alumacc.cc:548:replace_alu$810.C [10]
Optimized $__ICE40_CARRY_WRAPPER cell back to logic (without SB_CARRY) panel.$auto$alumacc.cc:548:replace_alu$810.slice[11].carry: CO=$auto$alumacc.cc:548:replace_alu$810.C [11]
Optimized $__ICE40_CARRY_WRAPPER cell back to logic (without SB_CARRY) panel.$auto$alumacc.cc:548:replace_alu$810.slice[12].carry: CO=$auto$alumacc.cc:548:replace_alu$810.C [12]
Optimized $__ICE40_CARRY_WRAPPER cell back to logic (without SB_CARRY) panel.$auto$alumacc.cc:548:replace_alu$810.slice[13].carry: CO=$auto$alumacc.cc:548:replace_alu$810.C [13]
Optimized $__ICE40_CARRY_WRAPPER cell back to logic (without SB_CARRY) panel.$auto$alumacc.cc:548:replace_alu$810.slice[16].carry: CO=$auto$alumacc.cc:548:replace_alu$810.C [16]
Optimized $__ICE40_CARRY_WRAPPER cell back to logic (without SB_CARRY) panel.$auto$alumacc.cc:548:replace_alu$813.slice[0].carry: CO=\uart_div [0]
Optimized $__ICE40_CARRY_WRAPPER cell back to logic (without SB_CARRY) panel.$auto$alumacc.cc:548:replace_alu$816.slice[0].carry: CO=\uart_bit [0]
Optimized $__ICE40_CARRY_WRAPPER cell back to logic (without SB_CARRY) panel.$auto$alumacc.cc:548:replace_alu$819.slice[0].carry: CO=\heartbeat [0]

2.34.2. Executing OPT_EXPR pass (perform const folding).
Optimizing module panel.

2.34.3. Executing OPT_MERGE pass (detect identical cells).
Finding identical cells in module `\panel'.
Computing hashes of 774 cells of `\panel'.
Finding duplicate cells in `\panel'.
Computing hashes of 769 cells of `\panel'.
Finding duplicate cells in `\panel'.
<suppressed ~15 debug messages>
Removed a total of 5 cells.

2.34.4. Executing OPT_DFF pass (perform DFF optimizations).

2.34.5. Executing OPT_CLEAN pass (remove unused cells and wires).
Finding unused cells or wires in module \panel..
Removed 5 unused cells and 1 unused wires.
<suppressed ~6 debug messages>

2.34.6. Rerunning OPT passes. (Removed registers in this run.)

2.34.7. Running ICE40 specific optimizations.

2.34.8. Executing OPT_EXPR pass (perform const folding).
Optimizing module panel.

2.34.9. Executing OPT_MERGE pass (detect identical cells).
Finding identical cells in module `\panel'.
Computing hashes of 764 cells of `\panel'.
Finding duplicate cells in `\panel'.
Removed a total of 0 cells.

2.34.10. Executing OPT_DFF pass (perform DFF optimizations).

2.34.11. Executing OPT_CLEAN pass (remove unused cells and wires).
Finding unused cells or wires in module \panel..

2.34.12. Finished OPT passes. (There is nothing left to do.)

3. Executing TECHMAP pass (map to technology primitives).

3.1. Executing Verilog-2005 frontend: ornot2lut.v
Parsing Verilog input from `ornot2lut.v' to AST representation.
Generating RTLIL representation for module `\map_ornot'.
Generating RTLIL representation for module `\map_andnot'.
Successfully finished Verilog frontend.

3.2. Continuing TECHMAP pass.
No more expansions possible.
<suppressed ~4 debug messages>

4. Executing OPT_CLEAN pass (remove unused cells and wires).
Finding unused cells or wires in module \panel..
Removed 0 unused cells and 2 unused wires.
<suppressed ~2 debug messages>

5. Executing SYNTH_ICE40 pass.

5.1. Executing DFFLEGALIZE pass (convert FFs and LATCHes to types supported by the target).

5.2. Executing TECHMAP pass (map to technology primitives).

5.2.1. Executing Verilog-2005 frontend: C:\oss-cad-suite\bin\../share/yosys/ice40/ff_map.v
Parsing Verilog input from `C:\oss-cad-suite\bin\../share/yosys/ice40/ff_map.v' to AST representation.
Generating RTLIL representation for module `$_DFF_N_'.
Generating RTLIL representation for module `$_DFF_P_'.
Generating RTLIL representation for module `$_DFFE_NP_'.
Generating RTLIL representation for module `$_DFFE_PP_'.
Generating RTLIL representation for module `$_DFF_NP0_'.
Generating RTLIL representation for module `$_DFF_NP1_'.
Generating RTLIL representation for module `$_DFF_PP0_'.
Generating RTLIL representation for module `$_DFF_PP1_'.
Generating RTLIL representation for module `$_DFFE_NP0P_'.
Generating RTLIL representation for module `$_DFFE_NP1P_'.
Generating RTLIL representation for module `$_DFFE_PP0P_'.
Generating RTLIL representation for module `$_DFFE_PP1P_'.
Generating RTLIL representation for module `$_SDFF_NP0_'.
Generating RTLIL representation for module `$_SDFF_NP1_'.
Generating RTLIL representation for module `$_SDFF_PP0_'.
Generating RTLIL representation for module `$_SDFF_PP1_'.
Generating RTLIL representation for module `$_SDFFCE_NP0P_'.
Generating RTLIL representation for module `$_SDFFCE_NP1P_'.
Generating RTLIL representation for module `$_SDFFCE_PP0P_'.
Generating RTLIL representation for module `$_SDFFCE_PP1P_'.
Successfully finished Verilog frontend.

5.2.2. Continuing TECHMAP pass.
Using template $_SDFFCE_PP0P_ for cells of type $_SDFFCE_PP0P_.
Using template $_DFF_P_ for cells of type $_DFF_P_.
Using template $_DFFE_PP_ for cells of type $_DFFE_PP_.
Using template $_SDFFCE_PP1P_ for cells of type $_SDFFCE_PP1P_.
Using template $_SDFF_PP0_ for cells of type $_SDFF_PP0_.
No more expansions possible.
<suppressed ~130 debug messages>

5.3. Executing OPT_EXPR pass (perform const folding).
Optimizing module panel.

5.4. Executing SIMPLEMAP pass (map simple cells to gate primitives).
Mapping panel.$auto$alumacc.cc:548:replace_alu$792.slice[0].carry ($lut).
Mapping panel.$auto$alumacc.cc:548:replace_alu$795.slice[0].carry ($lut).
Mapping panel.$auto$alumacc.cc:548:replace_alu$798.slice[0].carry ($lut).
Mapping panel.$auto$alumacc.cc:548:replace_alu$801.slice[0].carry ($lut).
Mapping panel.$auto$alumacc.cc:548:replace_alu$804.slice[0].carry ($lut).
Mapping panel.$auto$alumacc.cc:548:replace_alu$807.slice[0].carry ($lut).
Mapping panel.$auto$alumacc.cc:548:replace_alu$810.slice[0].carry ($lut).
Mapping panel.$auto$alumacc.cc:548:replace_alu$810.slice[10].carry ($lut).
Mapping panel.$auto$alumacc.cc:548:replace_alu$810.slice[16].carry ($lut).
Mapping panel.$auto$alumacc.cc:548:replace_alu$810.slice[8].carry ($lut).
Mapping panel.$auto$alumacc.cc:548:replace_alu$813.slice[0].carry ($lut).
Mapping panel.$auto$alumacc.cc:548:replace_alu$816.slice[0].carry ($lut).
Mapping panel.$auto$alumacc.cc:548:replace_alu$819.slice[0].carry ($lut).

5.5. Executing ICE40_OPT pass (performing simple optimizations).

5.5.1. Running ICE40 specific optimizations.

5.5.2. Executing OPT_EXPR pass (perform const folding).
Optimizing module panel.
<suppressed ~255 debug messages>

5.5.3. Executing OPT_MERGE pass (detect identical cells).
Finding identical cells in module `\panel'.
Computing hashes of 787 cells of `\panel'.
Finding duplicate cells in `\panel'.
Computing hashes of 759 cells of `\panel'.
Finding duplicate cells in `\panel'.
<suppressed ~84 debug messages>
Removed a total of 28 cells.

5.5.4. Executing OPT_DFF pass (perform DFF optimizations).

5.5.5. Executing OPT_CLEAN pass (remove unused cells and wires).
Finding unused cells or wires in module \panel..
Removed 0 unused cells and 626 unused wires.
<suppressed ~1 debug messages>

5.5.6. Rerunning OPT passes. (Removed registers in this run.)

5.5.7. Running ICE40 specific optimizations.

5.5.8. Executing OPT_EXPR pass (perform const folding).
Optimizing module panel.

5.5.9. Executing OPT_MERGE pass (detect identical cells).
Finding identical cells in module `\panel'.
Computing hashes of 759 cells of `\panel'.
Finding duplicate cells in `\panel'.
Removed a total of 0 cells.

5.5.10. Executing OPT_DFF pass (perform DFF optimizations).

5.5.11. Executing OPT_CLEAN pass (remove unused cells and wires).
Finding unused cells or wires in module \panel..

5.5.12. Finished OPT passes. (There is nothing left to do.)

5.6. Executing CHECK pass (checking for obvious problems).
Checking module panel...
Found and reported 0 problems.

5.7. Executing TECHMAP pass (map to technology primitives).

5.7.1. Executing Verilog-2005 frontend: C:\oss-cad-suite\bin\../share/yosys/ice40/latches_map.v
Parsing Verilog input from `C:\oss-cad-suite\bin\../share/yosys/ice40/latches_map.v' to AST representation.
Generating RTLIL representation for module `$_DLATCH_N_'.
Generating RTLIL representation for module `$_DLATCH_P_'.
Successfully finished Verilog frontend.

5.7.2. Continuing TECHMAP pass.
No more expansions possible.
<suppressed ~4 debug messages>

5.8. Executing SIMPLEMAP pass (map simple cells to gate primitives).

5.9. Executing TECHMAP pass (map to technology primitives).

5.9.1. Executing Verilog-2005 frontend: C:\oss-cad-suite\bin\../share/yosys/gate2lut.v
Parsing Verilog input from `C:\oss-cad-suite\bin\../share/yosys/gate2lut.v' to AST representation.
Generating RTLIL representation for module `\_90_lut_not'.
Generating RTLIL representation for module `\_90_lut_or'.
Generating RTLIL representation for module `\_90_lut_and'.
Generating RTLIL representation for module `\_90_lut_xor'.
Generating RTLIL representation for module `\_90_lut_mux'.
Successfully finished Verilog frontend.

5.9.2. Continuing TECHMAP pass.
Using template _90_lut_not for cells of type $_NOT_.
Using template _90_lut_or for cells of type $_OR_.
Using template _90_lut_and for cells of type $_AND_.
Using template _90_lut_mux for cells of type $_MUX_.
Using template _90_lut_xor for cells of type $_XOR_.
No more expansions possible.
<suppressed ~490 debug messages>

5.10. Executing ICE40_WRAPCARRY pass (wrap carries).

5.11. Executing TECHMAP pass (map to technology primitives).

5.11.1. Executing Verilog-2005 frontend: C:\oss-cad-suite\bin\../share/yosys/ice40/ff_map.v
Parsing Verilog input from `C:\oss-cad-suite\bin\../share/yosys/ice40/ff_map.v' to AST representation.
Generating RTLIL representation for module `$_DFF_N_'.
Generating RTLIL representation for module `$_DFF_P_'.
Generating RTLIL representation for module `$_DFFE_NP_'.
Generating RTLIL representation for module `$_DFFE_PP_'.
Generating RTLIL representation for module `$_DFF_NP0_'.
Generating RTLIL representation for module `$_DFF_NP1_'.
Generating RTLIL representation for module `$_DFF_PP0_'.
Generating RTLIL representation for module `$_DFF_PP1_'.
Generating RTLIL representation for module `$_DFFE_NP0P_'.
Generating RTLIL representation for module `$_DFFE_NP1P_'.
Generating RTLIL representation for module `$_DFFE_PP0P_'.
Generating RTLIL representation for module `$_DFFE_PP1P_'.
Generating RTLIL representation for module `$_SDFF_NP0_'.
Generating RTLIL representation for module `$_SDFF_NP1_'.
Generating RTLIL representation for module `$_SDFF_PP0_'.
Generating RTLIL representation for module `$_SDFF_PP1_'.
Generating RTLIL representation for module `$_SDFFCE_NP0P_'.
Generating RTLIL representation for module `$_SDFFCE_NP1P_'.
Generating RTLIL representation for module `$_SDFFCE_PP0P_'.
Generating RTLIL representation for module `$_SDFFCE_PP1P_'.
Successfully finished Verilog frontend.

5.11.2. Continuing TECHMAP pass.
No more expansions possible.
<suppressed ~22 debug messages>
Removed 90 unused cells and 1890 unused wires.

5.12. Executing OPT_LUT pass (optimize LUTs).
Discovering LUTs.
Number of LUTs:      573
  1-LUT               85
  2-LUT              329
  3-LUT              159
  with \SB_CARRY    (#0)   81
  with \SB_CARRY    (#1)   80

Eliminating LUTs.
Number of LUTs:      573
  1-LUT               85
  2-LUT              329
  3-LUT              159
  with \SB_CARRY    (#0)   81
  with \SB_CARRY    (#1)   80

Combining LUTs.
Number of LUTs:      328
  1-LUT               26
  2-LUT               82
  3-LUT              126
  4-LUT               94
  with \SB_CARRY    (#0)   81
  with \SB_CARRY    (#1)   80

Eliminated 0 LUTs.
Combined 245 LUTs.
<suppressed ~6539 debug messages>

5.13. Executing TECHMAP pass (map to technology primitives).

5.13.1. Executing Verilog-2005 frontend: C:\oss-cad-suite\bin\../share/yosys/ice40/cells_map.v
Parsing Verilog input from `C:\oss-cad-suite\bin\../share/yosys/ice40/cells_map.v' to AST representation.
Generating RTLIL representation for module `$lut'.
Successfully finished Verilog frontend.

5.13.2. Continuing TECHMAP pass.
Using template $paramod$fd904e9e35cfd343a9df248824bd3f1408724879$lut for cells of type $lut.
Using template $paramod$lut\WIDTH=s32'00000000000000000000000000000100\LUT=4'0001 for cells of type $lut.
Using template $paramod$lut\WIDTH=s32'00000000000000000000000000000100\LUT=4'1110 for cells of type $lut.
Using template $paramod$078443e0e8b302a49ac79789e0fc02b41f07be4c$lut for cells of type $lut.
Using template $paramod$995ba512a447d27709010e6e3906195ddd4dff0a$lut for cells of type $lut.
Using template $paramod$7125b224d5920c893c2dd3de98a266451c2ebe7d$lut for cells of type $lut.
Using template $paramod$lut\WIDTH=s32'00000000000000000000000000000100\LUT=4'1000 for cells of type $lut.
Using template $paramod$82c0b13701acdc886aede9c55a2dc36d21ba97a1$lut for cells of type $lut.
Using template $paramod$14672a0c0bf57d504a958d6cd17a29203ebe7ad1$lut for cells of type $lut.
Using template $paramod$990f0fb2b3d003f8b16e47a6e2203c03f05c2581$lut for cells of type $lut.
Using template $paramod$05bb6b467fb98a0bc5f2fcdc10c19875585f6f2b$lut for cells of type $lut.
Using template $paramod$lut\WIDTH=s32'00000000000000000000000000000100\LUT=8'11001010 for cells of type $lut.
Using template $paramod$dcc21784e78c87ae1da6dbcac2b27a3ac5c4d394$lut for cells of type $lut.
Using template $paramod$28d07f25c3f724c7772d8abfb9144e8c7168eee9$lut for cells of type $lut.
Using template $paramod$6aa498f357ba98b8be1c0c40af1767e91ef1e792$lut for cells of type $lut.
Using template $paramod$e1e0860bc66b0ec3f1528c4ebf1eebcd83d23576$lut for cells of type $lut.
Using template $paramod$b0921904cd0556b160571789093bb927ff74536c$lut for cells of type $lut.
Using template $paramod$9e59c5d219363f480ed59c38c2d654c6e80338f8$lut for cells of type $lut.
Using template $paramod$a613b9fef3cc9774cac6b23709fb15a5abfb223a$lut for cells of type $lut.
Using template $paramod$e0f3fcac9c7bc39414d0e39da2f8263916ca2212$lut for cells of type $lut.
Using template $paramod$e60b68dda858c16a200321e7570e7a283c81d57c$lut for cells of type $lut.
Using template $paramod$f0e242f93bdcf05fab8dc769c34695f5c243e9b3$lut for cells of type $lut.
Using template $paramod$d310e3e0694af6248e651e404a50cc6035667efa$lut for cells of type $lut.
Using template $paramod$86c3d45faf78c83fe65e2e1f5354cc2f704582d4$lut for cells of type $lut.
Using template $paramod$53b847536e1ff4dc67cb6ffcc2a1b96794ccdbab$lut for cells of type $lut.
Using template $paramod$cc07ab514b971880119f9fe9b1aa7ceb19c26d08$lut for cells of type $lut.
Using template $paramod$641765d19b07224ee3905d13b3845bf933f6c51d$lut for cells of type $lut.
Using template $paramod$29492e4b689210ff3fe11e9e43fbf1d64bce115d$lut for cells of type $lut.
Using template $paramod$86e4ac392b89fc0cba75f5d7a03d15d56a120fdd$lut for cells of type $lut.
Using template $paramod$f12f5c320f33b032a5d8e9643b181e1c187aab62$lut for cells of type $lut.
Using template $paramod$baee406d84fe0a8ab3e46482a4f51900848b9595$lut for cells of type $lut.
Using template $paramod$b5790a76aeb953a266484fa873703c44bc670a95$lut for cells of type $lut.
Using template $paramod$d1753b1145dd81674b772b6c0e41c88ea50cbbbc$lut for cells of type $lut.
Using template $paramod$lut\WIDTH=s32'00000000000000000000000000000100\LUT=4'0110 for cells of type $lut.
Using template $paramod$71025da9fda189919bcd99d0c678523a2f3f77e1$lut for cells of type $lut.
Using template $paramod$4b7183e98db20472269e60e9dbfdd9dddc246d76$lut for cells of type $lut.
Using template $paramod$45ad14593d516f6be4c5df20f7af4ad8f960753d$lut for cells of type $lut.
Using template $paramod$7e3bf395a077c5d1777809b088b36347c3a994e3$lut for cells of type $lut.
Using template $paramod$c0670f2aab73eea2cd5c91d3b03ce85be7de1148$lut for cells of type $lut.
Using template $paramod$3a56ef8ec85bdd8f264f27a9bafa0a81d604f010$lut for cells of type $lut.
Using template $paramod$843f494e2a9308d7cb1a725c8865c6de0fc2cd36$lut for cells of type $lut.
Using template $paramod$739d1a5523ae8f620086ad6ac7ed696692cb1969$lut for cells of type $lut.
Using template $paramod$6d0d05788a4bfe02738d7ab1ff03cff4baff275c$lut for cells of type $lut.
Using template $paramod$893a2d12b22003de091303ae130ec3e6b450bef2$lut for cells of type $lut.
Using template $paramod$682fb525e28526aa2b14d0a7620dca8eb11c5730$lut for cells of type $lut.
Using template $paramod$eac7ee502612457d62e471974b70426d3c28f7fd$lut for cells of type $lut.
Using template $paramod$db3cc515e6967efc802249619c7772e9ca1c5c71$lut for cells of type $lut.
Using template $paramod$92b691340760c0585f421be09ef45d4f4fc1dd35$lut for cells of type $lut.
Using template $paramod$941e42d23e43e87d4bd9b0315166a8585c065ed7$lut for cells of type $lut.
Using template $paramod$1698bb7350a5ea3a06024e84bfe74a9a89c07fad$lut for cells of type $lut.
Using template $paramod$d6c1fc082cd90cd2d6891c8cdf00852e1c858ca2$lut for cells of type $lut.
Using template $paramod$42253ec393aa297b297af920a318aa999ce61565$lut for cells of type $lut.
Using template $paramod$2274a105a4a0f2ee10298ac11fa23fbea35642e1$lut for cells of type $lut.
Using template $paramod$59ffe52bab897387925001b1e3f9a4683865bc3e$lut for cells of type $lut.
Using template $paramod$d1374dd64afd8f03c51bc71ea5f77235e72d5eab$lut for cells of type $lut.
Using template $paramod$8f6bec787a3337fac89493b032dcc42ab6787b76$lut for cells of type $lut.
Using template $paramod$84ab56f4afb2ccb2fa99d6ee8f74b2ab7c2a8a78$lut for cells of type $lut.
Using template $paramod$5adc0744972d412a87bad377fc9b6173013074e5$lut for cells of type $lut.
Using template $paramod$2ec3479a8ef24ffe95410c9b2fbddfeda9f104eb$lut for cells of type $lut.
No more expansions possible.
<suppressed ~980 debug messages>
Removed 0 unused cells and 825 unused wires.

5.14. Executing AUTONAME pass.
Renamed 769 objects in module panel.
<suppressed ~769 debug messages>

5.15. Executing HIERARCHY pass (managing design hierarchy).
Attribute `top' found on module `panel'. Setting top module to panel.

5.15.1. Analyzing design hierarchy..
Top module:  \panel

5.15.2. Analyzing design hierarchy..
Top module:  \panel
Removed 0 unused modules.

5.16. Printing statistics.

=== panel ===

        +----------Local Count, excluding submodules.
        | 
      213 wires
     1159 wire bits
      213 public wires
     1159 public wire bits
       16 ports
       16 port bits
        3 cells
        1   SB_GB
        2   SB_RAM40_4K
      586 submodules
      153   SB_CARRY
       27   SB_DFF
       13   SB_DFFE
       41   SB_DFFESR
        3   SB_DFFESS
       21   SB_DFFSR
      328   SB_LUT4

=== design hierarchy ===

        +----------Count including submodules.
        | 
        3 panel

        +----------Count including submodules.
        | 
      213 wires
     1159 wire bits
      213 public wires
     1159 public wire bits
       16 ports
       16 port bits
        - memories
        - memory bits
        - processes
        3 cells
        1   SB_GB
        2   SB_RAM40_4K
      586 submodules
      153   SB_CARRY
       27   SB_DFF
       13   SB_DFFE
       41   SB_DFFESR
        3   SB_DFFESS
       21   SB_DFFSR
      328   SB_LUT4

5.17. Executing CHECK pass (checking for obvious problems).
Checking module panel...
Found and reported 0 problems.

6. Executing TECHMAP pass (map to technology primitives).

6.1. Executing Verilog-2005 frontend: ornot2lut.v
Parsing Verilog input from `ornot2lut.v' to AST representation.
Generating RTLIL representation for module `\map_ornot'.
Generating RTLIL representation for module `\map_andnot'.
Successfully finished Verilog frontend.

6.2. Continuing TECHMAP pass.
No more expansions possible.
<suppressed ~4 debug messages>

7. Executing OPT_CLEAN pass (remove unused cells and wires).
Finding unused cells or wires in module \panel..
Removed 0 unused cells and 32 unused wires.
<suppressed ~32 debug messages>

8. Executing SYNTH_ICE40 pass.

8.1. Executing CHECK pass (checking for obvious problems).
Checking module panel...
Found and reported 0 problems.

8.2. Executing TECHMAP pass (map to technology primitives).

8.2.1. Executing Verilog-2005 frontend: C:\oss-cad-suite\bin\../share/yosys/ice40/latches_map.v
Parsing Verilog input from `C:\oss-cad-suite\bin\../share/yosys/ice40/latches_map.v' to AST representation.
Generating RTLIL representation for module `$_DLATCH_N_'.
Generating RTLIL representation for module `$_DLATCH_P_'.
Successfully finished Verilog frontend.

8.2.2. Continuing TECHMAP pass.
No more expansions possible.
<suppressed ~4 debug messages>

8.3. Executing SIMPLEMAP pass (map simple cells to gate primitives).

8.4. Executing TECHMAP pass (map to technology primitives).

8.4.1. Executing Verilog-2005 frontend: C:\oss-cad-suite\bin\../share/yosys/gate2lut.v
Parsing Verilog input from `C:\oss-cad-suite\bin\../share/yosys/gate2lut.v' to AST representation.
Generating RTLIL representation for module `\_90_lut_not'.
Generating RTLIL representation for module `\_90_lut_or'.
Generating RTLIL representation for module `\_90_lut_and'.
Generating RTLIL representation for module `\_90_lut_xor'.
Generating RTLIL representation for module `\_90_lut_mux'.
Successfully finished Verilog frontend.

8.4.2. Continuing TECHMAP pass.
No more expansions possible.
<suppressed ~7 debug messages>

8.5. Executing ICE40_WRAPCARRY pass (wrap carries).

8.6. Executing TECHMAP pass (map to technology primitives).

8.6.1. Executing Verilog-2005 frontend: C:\oss-cad-suite\bin\../share/yosys/ice40/ff_map.v
Parsing Verilog input from `C:\oss-cad-suite\bin\../share/yosys/ice40/ff_map.v' to AST representation.
Generating RTLIL representation for module `$_DFF_N_'.
Generating RTLIL representation for module `$_DFF_P_'.
Generating RTLIL representation for module `$_DFFE_NP_'.
Generating RTLIL representation for module `$_DFFE_PP_'.
Generating RTLIL representation for module `$_DFF_NP0_'.
Generating RTLIL representation for module `$_DFF_NP1_'.
Generating RTLIL representation for module `$_DFF_PP0_'.
Generating RTLIL representation for module `$_DFF_PP1_'.
Generating RTLIL representation for module `$_DFFE_NP0P_'.
Generating RTLIL representation for module `$_DFFE_NP1P_'.
Generating RTLIL representation for module `$_DFFE_PP0P_'.
Generating RTLIL representation for module `$_DFFE_PP1P_'.
Generating RTLIL representation for module `$_SDFF_NP0_'.
Generating RTLIL representation for module `$_SDFF_NP1_'.
Generating RTLIL representation for module `$_SDFF_PP0_'.
Generating RTLIL representation for module `$_SDFF_PP1_'.
Generating RTLIL representation for module `$_SDFFCE_NP0P_'.
Generating RTLIL representation for module `$_SDFFCE_NP1P_'.
Generating RTLIL representation for module `$_SDFFCE_PP0P_'.
Generating RTLIL representation for module `$_SDFFCE_PP1P_'.
Successfully finished Verilog frontend.

8.6.2. Continuing TECHMAP pass.
No more expansions possible.
<suppressed ~22 debug messages>

8.7. Executing OPT_LUT pass (optimize LUTs).
Discovering LUTs.
Number of LUTs:        0
  with \SB_CARRY    (#0)    0
  with \SB_CARRY    (#1)    0

Eliminating LUTs.
Number of LUTs:        0
  with \SB_CARRY    (#0)    0
  with \SB_CARRY    (#1)    0

Combining LUTs.
Number of LUTs:        0
  with \SB_CARRY    (#0)    0
  with \SB_CARRY    (#1)    0

Eliminated 0 LUTs.
Combined 0 LUTs.

8.8. Executing TECHMAP pass (map to technology primitives).

8.8.1. Executing Verilog-2005 frontend: C:\oss-cad-suite\bin\../share/yosys/ice40/cells_map.v
Parsing Verilog input from `C:\oss-cad-suite\bin\../share/yosys/ice40/cells_map.v' to AST representation.
Generating RTLIL representation for module `$lut'.
Successfully finished Verilog frontend.

8.8.2. Continuing TECHMAP pass.
No more expansions possible.
<suppressed ~3 debug messages>

9. Executing JSON backend.

10. Printing statistics.

=== panel ===

        +----------Local Count, excluding submodules.
        | 
      181 wires
      936 wire bits
      181 public wires
      936 public wire bits
       16 ports
       16 port bits
      589 cells
      153   SB_CARRY
       27   SB_DFF
       13   SB_DFFE
       41   SB_DFFESR
        3   SB_DFFESS
       21   SB_DFFSR
        1   SB_GB
      328   SB_LUT4
        2   SB_RAM40_4K

End of script. Logfile hash: 10ddd1e9d8
Yosys 0.69+71 (git sha1 150c32b03-dirty, Release, GNU /usr/bin/x86_64-w64-mingw32-g++ 15.2.1)
Time spent: 1% 31x opt_expr (0 sec), 1% 28x opt_clean (0 sec), ...
Info: constrained 'CLK' to bel 'X0/Y8/io1'
Info: constrained 'R1' to bel 'X0/Y13/io1'
Info: constrained 'G1' to bel 'X0/Y13/io0'
Info: constrained 'B1' to bel 'X0/Y12/io0'
Info: constrained 'R2' to bel 'X0/Y10/io1'
Info: constrained 'G2' to bel 'X0/Y10/io0'
Info: constrained 'B2' to bel 'X0/Y9/io1'
Info: constrained 'A' to bel 'X0/Y9/io0'
Info: constrained 'B' to bel 'X0/Y8/io0'
Info: constrained 'C' to bel 'X0/Y6/io1'
Info: constrained 'SCLK' to bel 'X0/Y6/io0'
Info: constrained 'LAT' to bel 'X0/Y4/io1'
Info: constrained 'OE' to bel 'X0/Y4/io0'
Info: constrained 'LED1' to bel 'X9/Y0/io1'
Info: constrained 'LED2' to bel 'X13/Y3/io1'
Info: constrained 'TX' to bel 'X0/Y12/io1'
Info: constraining clock net 'CLK' to 100.00 MHz
Info: constraining clock net 'clk' to 25.00 MHz

Info: Packing constants..
Info: Packing IOs..
Info: Packing LUT-FFs..
Info:      234 LCs used as LUT4 only
Info:       94 LCs used as LUT4 and DFF
Info: Packing non-LUT FFs..
Info:       11 LCs used as DFF only
Info: Packing carries..
Info:       73 LCs used as CARRY only
Info: Packing indirect carry+LUT pairs...
Info:        1 LUTs merged into carry LCs
Info: Packing RAMs..
Info: Placing PLLs..
Info: Packing special functions..
Info: Packing PLLs..
Info: Promoting globals..
Info: promoting $PACKER_GND_NET (fanout 2)
Info: promoting CLK$SB_IO_IN (fanout 2)
Info: Constraining chains...
Info:       26 LCs used to legalise carry chains.
Info: Checksum: 0xd6e54bfb

Info: Device utilisation:
Info: 	         ICESTORM_LC:     441/   1280    34%
Info: 	        ICESTORM_RAM:       2/     16    12%
Info: 	               SB_IO:      16/     72    22%
Info: 	               SB_GB:       3/      8    37%
Info: 	         SB_WARMBOOT:       0/      1     0%

Info: Placed 16 cells based on constraints.
Info: Creating initial analytic placement for 273 cells, random placement wirelen = 4489.
Info:     at initial placer iter 0, wirelen = 120
Info:     at initial placer iter 1, wirelen = 121
Info:     at initial placer iter 2, wirelen = 105
Info:     at initial placer iter 3, wirelen = 121
Info: Running main analytical placer, max placement attempts per cell = 26680.
Info:     at iteration #1, type ALL: wirelen solved = 105, spread = 1462, legal = 1556; time = 0.01s
Info:     at iteration #2, type ALL: wirelen solved = 165, spread = 1284, legal = 1436; time = 0.01s
Info:     at iteration #3, type ALL: wirelen solved = 247, spread = 1206, legal = 1380; time = 0.01s
Info:     at iteration #4, type ALL: wirelen solved = 253, spread = 1174, legal = 1260; time = 0.01s
Info:     at iteration #5, type ALL: wirelen solved = 291, spread = 1076, legal = 1208; time = 0.01s
Info:     at iteration #6, type ALL: wirelen solved = 332, spread = 1031, legal = 1107; time = 0.01s
Info:     at iteration #7, type ALL: wirelen solved = 380, spread = 984, legal = 1147; time = 0.01s
Info:     at iteration #8, type ALL: wirelen solved = 368, spread = 923, legal = 1040; time = 0.01s
Info:     at iteration #9, type ALL: wirelen solved = 400, spread = 901, legal = 990; time = 0.01s
Info:     at iteration #10, type ALL: wirelen solved = 405, spread = 957, legal = 1114; time = 0.01s
Info:     at iteration #11, type ALL: wirelen solved = 387, spread = 947, legal = 1099; time = 0.01s
Info:     at iteration #12, type ALL: wirelen solved = 410, spread = 1018, legal = 1153; time = 0.01s
Info:     at iteration #13, type ALL: wirelen solved = 443, spread = 920, legal = 1079; time = 0.01s
Info:     at iteration #14, type ALL: wirelen solved = 437, spread = 907, legal = 1091; time = 0.01s
Info: HeAP Placer Time: 0.17s
Info:   of which solving equations: 0.13s
Info:   of which spreading cells: 0.01s
Info:   of which strict legalisation: 0.01s

Info: Running simulated annealing placer for refinement.
Info:   at iteration #1: temp = 0.000000, timing cost = 80, wirelen = 990
Info:   at iteration #5: temp = 0.000000, timing cost = 69, wirelen = 820
Info:   at iteration #10: temp = 0.000000, timing cost = 67, wirelen = 761
Info:   at iteration #15: temp = 0.000000, timing cost = 66, wirelen = 728
Info:   at iteration #20: temp = 0.000000, timing cost = 65, wirelen = 703
Info:   at iteration #22: temp = 0.000000, timing cost = 64, wirelen = 699 
Info: SA placement time 0.24s

Info: Max frequency for clock                   'clk': 54.51 MHz (PASS at 25.00 MHz)
Info: Max frequency for clock 'CLK$SB_IO_IN_$glb_clk': 626.57 MHz (PASS at 100.00 MHz)

Info: Clock '$PACKER_GND_NET_$glb_clk' has no interior paths

Info: Max delay posedge clk -> <async>: 3.20 ns

Info: Slack histogram:
Info:  legend: * represents 2 endpoint(s)
Info:          + represents [1,2) endpoint(s)
Info: [  8404,   9915) |*+
Info: [  9915,  11426) | 
Info: [ 11426,  12937) | 
Info: [ 12937,  14448) | 
Info: [ 14448,  15959) | 
Info: [ 15959,  17470) | 
Info: [ 17470,  18981) | 
Info: [ 18981,  20492) | 
Info: [ 20492,  22003) |***+
Info: [ 22003,  23514) |******+
Info: [ 23514,  25025) |******+
Info: [ 25025,  26536) | 
Info: [ 26536,  28047) |**+
Info: [ 28047,  29558) | 
Info: [ 29558,  31069) |***+
Info: [ 31069,  32580) |*************+
Info: [ 32580,  34091) |**********+
Info: [ 34091,  35602) |*********************+
Info: [ 35602,  37113) |*************************** 
Info: [ 37113,  38624) |************************************************************ 
Info: Checksum: 0x2160691e

Info: Routing..
Info: Setting up routing queue.
Info: Routing 1338 arcs.
Info:            |   (re-)routed arcs  |   delta    | remaining|       time spent     |
Info:    IterCnt |  w/ripup   wo/ripup |  w/r  wo/r |      arcs| batch(sec) total(sec)|
Info:       1000 |       84        815 |   84   815 |       453|       0.09       0.09|
Info:       1511 |      138       1222 |   54   407 |         0|       0.05       0.14|
Info: Routing complete.
Info: Router1 time 0.14s
Info: Checksum: 0xb0a4dfd0

Info: Critical path report for clock 'clk' (posedge -> posedge):
Info:       type curr  total name
Info:   clk-to-q  0.54  0.54 Source state_SB_DFFESS_Q_D_SB_LUT4_O_LC.O
Info:    routing  0.59  1.13 Net state_SB_DFFESR_Q_D_SB_LUT4_O_I3[1] (7,6) -> (8,6)
Info:                          Sink state_SB_DFFESS_Q_D_SB_LUT4_O_I1_SB_LUT4_O_LC.I0
Info:                          Defined in:
Info:                               panel.v:141.39-141.51
Info:                               C:\oss-cad-suite\bin\../share/yosys/ice40/arith_map.v:51.21-51.22
Info:      logic  0.45  1.58 Source state_SB_DFFESS_Q_D_SB_LUT4_O_I1_SB_LUT4_O_LC.O
Info:    routing  0.59  2.16 Net state_SB_DFFESR_Q_D[0] (8,6) -> (8,6)
Info:                          Sink state_SB_DFFESS_Q_D_SB_LUT4_O_I1_SB_LUT4_I0_LC.I0
Info:                          Defined in:
Info:                               panel.v:113.32-113.32
Info:                               panel.v:109.9-116.16
Info:                               C:\oss-cad-suite\bin\../share/yosys/gate2lut.v:29.7-32.6
Info:                               C:\oss-cad-suite\bin\../share/yosys/ice40/cells_map.v:6.21-6.22
Info:      logic  0.45  2.61 Source state_SB_DFFESS_Q_D_SB_LUT4_O_I1_SB_LUT4_I0_LC.O
Info:    routing  0.59  3.20 Net state_SB_DFFESS_Q_D_SB_LUT4_O_I1_SB_LUT4_I0_O[0] (8,6) -> (7,6)
Info:                          Sink state_SB_DFFESS_Q_D_SB_LUT4_O_I1_SB_LUT4_I0_O_SB_LUT4_I1_LC.I0
Info:                          Defined in:
Info:                               panel.v:105.31-105.31
Info:                               panel.v:99.9-108.16
Info:                               C:\oss-cad-suite\bin\../share/yosys/gate2lut.v:29.7-32.6
Info:                               C:\oss-cad-suite\bin\../share/yosys/ice40/cells_map.v:6.21-6.22
Info:      logic  0.45  3.65 Source state_SB_DFFESS_Q_D_SB_LUT4_O_I1_SB_LUT4_I0_O_SB_LUT4_I1_LC.O
Info:    routing  0.59  4.24 Net state_SB_DFFESR_Q_R[0] (7,6) -> (7,7)
Info:                          Sink length_SB_LUT4_O_I0_SB_LUT4_O_1_LC.I0
Info:                          Defined in:
Info:                               C:\oss-cad-suite\bin\../share/yosys/gate2lut.v:29.7-32.6
Info:                               C:\oss-cad-suite\bin\../share/yosys/ice40/cells_map.v:6.21-6.22
Info:      logic  0.45  4.68 Source length_SB_LUT4_O_I0_SB_LUT4_O_1_LC.O
Info:    routing  0.59  5.27 Net length_SB_LUT4_O_I0[0] (7,7) -> (6,6)
Info:                          Sink state_SB_DFFESS_Q_D_SB_LUT4_O_I1_SB_LUT4_I0_1_O_SB_LUT4_I0_O_SB_LUT4_O_I0_SB_LUT4_I0_O_SB_LUT4_O_2_LC.I0
Info:                          Defined in:
Info:                               panel.v:105.31-105.31
Info:                               panel.v:99.9-108.16
Info:                               C:\oss-cad-suite\bin\../share/yosys/gate2lut.v:29.7-32.6
Info:                               C:\oss-cad-suite\bin\../share/yosys/ice40/cells_map.v:6.21-6.22
Info:      logic  0.45  5.72 Source state_SB_DFFESS_Q_D_SB_LUT4_O_I1_SB_LUT4_I0_1_O_SB_LUT4_I0_O_SB_LUT4_O_I0_SB_LUT4_I0_O_SB_LUT4_O_2_LC.O
Info:    routing  0.59  6.31 Net state_SB_DFFESS_Q_D_SB_LUT4_O_I1_SB_LUT4_I0_1_O_SB_LUT4_I0_O_SB_LUT4_O_I0_SB_LUT4_I0_O[0] (6,6) -> (6,6)
Info:                          Sink length_SB_LUT4_O_I2_SB_LUT4_O_LC.I0
Info:                          Defined in:
Info:                               panel.v:105.31-105.31
Info:                               panel.v:99.9-108.16
Info:                               C:\oss-cad-suite\bin\../share/yosys/gate2lut.v:29.7-32.6
Info:                               C:\oss-cad-suite\bin\../share/yosys/ice40/cells_map.v:6.21-6.22
Info:      logic  0.45  6.76 Source length_SB_LUT4_O_I2_SB_LUT4_O_LC.O
Info:    routing  0.59  7.34 Net length_SB_LUT4_O_I2[7] (6,6) -> (6,5)
Info:                          Sink length_SB_LUT4_O_LC.I2
Info:                          Defined in:
Info:                               panel.v:129.30-129.40
Info:                               C:\oss-cad-suite\bin\../share/yosys/ice40/arith_map.v:33.23-33.24
Info:      logic  0.38  7.72 Source length_SB_LUT4_O_LC.O
Info:    routing  0.59  8.31 Net length[0] (6,5) -> (5,5)
Info:                          Sink $nextpnr_ICESTORM_LC_15.I1
Info:                          Defined in:
Info:                               panel.v:129.30-129.40
Info:                               C:\oss-cad-suite\bin\../share/yosys/ice40/arith_map.v:51.21-51.22
Info:      logic  0.26  8.57 Source $nextpnr_ICESTORM_LC_15.COUT
Info:    routing  0.00  8.57 Net $nextpnr_ICESTORM_LC_15$O (5,5) -> (5,5)
Info:                          Sink phase_SB_DFFESR_Q_D_SB_LUT4_I0_O_SB_LUT4_I3_O_SB_LUT4_O_1_I3_SB_LUT4_O_I2_SB_LUT4_O_I3_SB_LUT4_O_I3_SB_LUT4_O_LC.CIN
Info:      logic  0.13  8.69 Source phase_SB_DFFESR_Q_D_SB_LUT4_I0_O_SB_LUT4_I3_O_SB_LUT4_O_1_I3_SB_LUT4_O_I2_SB_LUT4_O_I3_SB_LUT4_O_I3_SB_LUT4_O_LC.COUT
Info:    routing  0.00  8.69 Net phase_SB_DFFESR_Q_D_SB_LUT4_I0_O_SB_LUT4_I3_O_SB_LUT4_O_1_I3_SB_LUT4_O_I3[2] (5,5) -> (5,5)
Info:                          Sink phase_SB_DFFESR_Q_D_SB_LUT4_I0_O_SB_LUT4_I3_O_SB_LUT4_O_1_I3_SB_LUT4_O_I2_SB_LUT4_O_I3_SB_LUT4_O_I3_SB_LUT4_O_5_LC.CIN
Info:                          Defined in:
Info:                               panel.v:129.30-129.40
Info:                               C:\oss-cad-suite\bin\../share/yosys/ice40/arith_map.v:51.21-51.22
Info:      logic  0.13  8.82 Source phase_SB_DFFESR_Q_D_SB_LUT4_I0_O_SB_LUT4_I3_O_SB_LUT4_O_1_I3_SB_LUT4_O_I2_SB_LUT4_O_I3_SB_LUT4_O_I3_SB_LUT4_O_5_LC.COUT
Info:    routing  0.00  8.82 Net phase_SB_DFFESR_Q_D_SB_LUT4_I0_O_SB_LUT4_I3_O_SB_LUT4_O_1_I3_SB_LUT4_O_I3[3] (5,5) -> (5,5)
Info:                          Sink phase_SB_DFFESR_Q_D_SB_LUT4_I0_O_SB_LUT4_I3_O_SB_LUT4_O_1_I3_SB_LUT4_O_I2_SB_LUT4_O_I3_SB_LUT4_O_I3_SB_LUT4_O_4_LC.CIN
Info:                          Defined in:
Info:                               panel.v:129.30-129.40
Info:                               C:\oss-cad-suite\bin\../share/yosys/ice40/arith_map.v:51.21-51.22
Info:      logic  0.13  8.95 Source phase_SB_DFFESR_Q_D_SB_LUT4_I0_O_SB_LUT4_I3_O_SB_LUT4_O_1_I3_SB_LUT4_O_I2_SB_LUT4_O_I3_SB_LUT4_O_I3_SB_LUT4_O_4_LC.COUT
Info:    routing  0.00  8.95 Net phase_SB_DFFESR_Q_D_SB_LUT4_I0_O_SB_LUT4_I3_O_SB_LUT4_O_1_I3_SB_LUT4_O_I3[4] (5,5) -> (5,5)
Info:                          Sink phase_SB_DFFESR_Q_D_SB_LUT4_I0_O_SB_LUT4_I3_O_SB_LUT4_O_1_I3_SB_LUT4_O_I2_SB_LUT4_O_I3_SB_LUT4_O_I3_SB_LUT4_O_3_LC.CIN
Info:                          Defined in:
Info:                               panel.v:129.30-129.40
Info:                               C:\oss-cad-suite\bin\../share/yosys/ice40/arith_map.v:51.21-51.22
Info:      logic  0.13  9.07 Source phase_SB_DFFESR_Q_D_SB_LUT4_I0_O_SB_LUT4_I3_O_SB_LUT4_O_1_I3_SB_LUT4_O_I2_SB_LUT4_O_I3_SB_LUT4_O_I3_SB_LUT4_O_3_LC.COUT
Info:    routing  0.00  9.07 Net phase_SB_DFFESR_Q_D_SB_LUT4_I0_O_SB_LUT4_I3_O_SB_LUT4_O_1_I3_SB_LUT4_O_I3[5] (5,5) -> (5,5)
Info:                          Sink phase_SB_DFFESR_Q_D_SB_LUT4_I0_O_SB_LUT4_I3_O_SB_LUT4_O_1_I3_SB_LUT4_O_I2_SB_LUT4_O_I3_SB_LUT4_O_I3_SB_LUT4_O_2_LC.CIN
Info:                          Defined in:
Info:                               panel.v:129.30-129.40
Info:                               C:\oss-cad-suite\bin\../share/yosys/ice40/arith_map.v:51.21-51.22
Info:      logic  0.13  9.20 Source phase_SB_DFFESR_Q_D_SB_LUT4_I0_O_SB_LUT4_I3_O_SB_LUT4_O_1_I3_SB_LUT4_O_I2_SB_LUT4_O_I3_SB_LUT4_O_I3_SB_LUT4_O_2_LC.COUT
Info:    routing  0.00  9.20 Net phase_SB_DFFESR_Q_D_SB_LUT4_I0_O_SB_LUT4_I3_O_SB_LUT4_O_1_I3_SB_LUT4_O_I3[6] (5,5) -> (5,5)
Info:                          Sink phase_SB_DFFESR_Q_D_SB_LUT4_I0_O_SB_LUT4_I3_O_SB_LUT4_O_1_I3_SB_LUT4_O_I2_SB_LUT4_O_I3_SB_LUT4_O_I3_SB_LUT4_O_7_LC.CIN
Info:                          Defined in:
Info:                               panel.v:129.30-129.40
Info:                               C:\oss-cad-suite\bin\../share/yosys/ice40/arith_map.v:51.21-51.22
Info:      logic  0.13  9.32 Source phase_SB_DFFESR_Q_D_SB_LUT4_I0_O_SB_LUT4_I3_O_SB_LUT4_O_1_I3_SB_LUT4_O_I2_SB_LUT4_O_I3_SB_LUT4_O_I3_SB_LUT4_O_7_LC.COUT
Info:    routing  0.00  9.32 Net phase_SB_DFFESR_Q_D_SB_LUT4_I0_O_SB_LUT4_I3_O_SB_LUT4_O_1_I3_SB_LUT4_O_I3[7] (5,5) -> (5,5)
Info:                          Sink phase_SB_DFFESR_Q_D_SB_LUT4_I0_O_SB_LUT4_I3_O_SB_LUT4_O_1_I3_SB_LUT4_O_I2_SB_LUT4_O_I3_SB_LUT4_O_I3_SB_LUT4_O_6_LC.CIN
Info:                          Defined in:
Info:                               panel.v:129.30-129.40
Info:                               C:\oss-cad-suite\bin\../share/yosys/ice40/arith_map.v:51.21-51.22
Info:      logic  0.13  9.45 Source phase_SB_DFFESR_Q_D_SB_LUT4_I0_O_SB_LUT4_I3_O_SB_LUT4_O_1_I3_SB_LUT4_O_I2_SB_LUT4_O_I3_SB_LUT4_O_I3_SB_LUT4_O_6_LC.COUT
Info:    routing  0.20  9.65 Net $nextpnr_ICESTORM_LC_16$I3 (5,5) -> (5,6)
Info:                          Sink $nextpnr_ICESTORM_LC_16.CIN
Info:      logic  0.13  9.77 Source $nextpnr_ICESTORM_LC_16.COUT
Info:    routing  0.00  9.77 Net $nextpnr_ICESTORM_LC_16$COUT (5,6) -> (5,6)
Info:                          Sink phase_SB_DFFESR_Q_D_SB_LUT4_I0_O_SB_LUT4_I3_O_SB_LUT4_O_1_I3_SB_LUT4_O_I2_SB_LUT4_O_2_I3_SB_LUT4_O_LC.CIN
Info:      logic  0.13  9.90 Source phase_SB_DFFESR_Q_D_SB_LUT4_I0_O_SB_LUT4_I3_O_SB_LUT4_O_1_I3_SB_LUT4_O_I2_SB_LUT4_O_2_I3_SB_LUT4_O_LC.COUT
Info:    routing  0.26  10.16 Net $nextpnr_ICESTORM_LC_17$I3 (5,6) -> (5,6)
Info:                          Sink $nextpnr_ICESTORM_LC_17.I3
Info:      logic  0.31  10.47 Source $nextpnr_ICESTORM_LC_17.O
Info:    routing  0.59  11.06 Net phase_SB_DFFESR_Q_D_SB_LUT4_I0_O_SB_LUT4_I3_O_SB_LUT4_O_1_I3_SB_LUT4_O_I3[10] (5,6) -> (6,7)
Info:                          Sink phase_SB_DFFESR_Q_D_SB_LUT4_I0_O_SB_LUT4_I3_O_SB_LUT4_O_1_I3_SB_LUT4_O_I2_SB_LUT4_O_I3_SB_LUT4_O_I3_SB_LUT4_O_1_LC.I0
Info:                          Defined in:
Info:                               panel.v:129.30-129.40
Info:                               C:\oss-cad-suite\bin\../share/yosys/ice40/arith_map.v:51.21-51.22
Info:      logic  0.45  11.51 Source phase_SB_DFFESR_Q_D_SB_LUT4_I0_O_SB_LUT4_I3_O_SB_LUT4_O_1_I3_SB_LUT4_O_I2_SB_LUT4_O_I3_SB_LUT4_O_I3_SB_LUT4_O_1_LC.O
Info:    routing  0.59  12.10 Net phase_SB_DFFESR_Q_D_SB_LUT4_I0_O_SB_LUT4_I3_O_SB_LUT4_O_1_I3_SB_LUT4_O_I2_SB_LUT4_O_I3_SB_LUT4_O_I3[10] (6,7) -> (6,7)
Info:                          Sink phase_SB_DFFESR_Q_D_SB_LUT4_I0_O_SB_LUT4_I3_O_SB_LUT4_O_1_I3_SB_LUT4_O_I2_SB_LUT4_O_1_I3_SB_LUT4_O_1_LC.I1
Info:                          Defined in:
Info:                               panel.v:129.30-129.40
Info:                               C:\oss-cad-suite\bin\../share/yosys/ice40/arith_map.v:33.26-33.27
Info:      logic  0.40  12.50 Source phase_SB_DFFESR_Q_D_SB_LUT4_I0_O_SB_LUT4_I3_O_SB_LUT4_O_1_I3_SB_LUT4_O_I2_SB_LUT4_O_1_I3_SB_LUT4_O_1_LC.O
Info:    routing  0.59  13.08 Net phase_SB_DFFESR_Q_D_SB_LUT4_I0_O_SB_LUT4_I3_O_SB_LUT4_O_1_I3_SB_LUT4_O_I2_SB_LUT4_O_1_I3[0] (6,7) -> (5,6)
Info:                          Sink phase_SB_DFFESR_Q_D_SB_LUT4_I0_O_SB_LUT4_I3_O_SB_LUT4_O_1_I3_SB_LUT4_O_I2_SB_LUT4_O_1_LC.I0
Info:                          Defined in:
Info:                               panel.v:129.21-129.40
Info:                               C:\oss-cad-suite\bin\../share/yosys/gate2lut.v:29.7-32.6
Info:                               C:\oss-cad-suite\bin\../share/yosys/ice40/cells_map.v:6.21-6.22
Info:      logic  0.45  13.53 Source phase_SB_DFFESR_Q_D_SB_LUT4_I0_O_SB_LUT4_I3_O_SB_LUT4_O_1_I3_SB_LUT4_O_I2_SB_LUT4_O_1_LC.O
Info:    routing  0.59  14.12 Net phase_SB_DFFESR_Q_D_SB_LUT4_I0_O_SB_LUT4_I3_O_SB_LUT4_O_1_I3_SB_LUT4_O_I2[1] (5,6) -> (5,6)
Info:                          Sink phase_SB_DFFESR_Q_D_SB_LUT4_I0_O_SB_LUT4_I3_O_SB_LUT4_O_1_I3_SB_LUT4_O_LC.I1
Info:                          Defined in:
Info:                               panel.v:129.21-129.40
Info:                               C:\oss-cad-suite\bin\../share/yosys/gate2lut.v:29.7-32.6
Info:                               C:\oss-cad-suite\bin\../share/yosys/ice40/cells_map.v:6.21-6.22
Info:      logic  0.40  14.52 Source phase_SB_DFFESR_Q_D_SB_LUT4_I0_O_SB_LUT4_I3_O_SB_LUT4_O_1_I3_SB_LUT4_O_LC.O
Info:    routing  0.59  15.11 Net phase_SB_DFFESR_Q_D_SB_LUT4_I0_O_SB_LUT4_I3_O_SB_LUT4_O_1_I3[3] (5,6) -> (6,7)
Info:                          Sink phase_SB_DFFESR_Q_D_SB_LUT4_I0_O_SB_LUT4_I3_O_SB_LUT4_O_1_I3_SB_LUT4_I0_LC.I0
Info:                          Defined in:
Info:                               panel.v:131.25-131.35
Info:                               panel.v:131.21-141.52
Info:                               C:\oss-cad-suite\bin\../share/yosys/gate2lut.v:83.7-86.6
Info:                               C:\oss-cad-suite\bin\../share/yosys/ice40/cells_map.v:6.21-6.22
Info:      logic  0.45  15.56 Source phase_SB_DFFESR_Q_D_SB_LUT4_I0_O_SB_LUT4_I3_O_SB_LUT4_O_1_I3_SB_LUT4_I0_LC.O
Info:    routing  0.59  16.14 Net phase_SB_DFFESR_Q_D_SB_LUT4_I0_O_SB_LUT4_I3_O_SB_LUT4_O_1_I3_SB_LUT4_I0_O[0] (6,7) -> (6,8)
Info:                          Sink state_SB_DFFESR_Q_R_SB_LUT4_I2_O_SB_LUT4_O_LC.I2
Info:                          Defined in:
Info:                               C:\oss-cad-suite\bin\../share/yosys/gate2lut.v:46.7-49.6
Info:                               C:\oss-cad-suite\bin\../share/yosys/ice40/cells_map.v:6.21-6.22
Info:      logic  0.38  16.52 Source state_SB_DFFESR_Q_R_SB_LUT4_I2_O_SB_LUT4_O_LC.O
Info:    routing  1.22  17.74 Net state_SB_DFFESR_Q_R_SB_LUT4_I2_O[1] (6,8) -> (2,8)
Info:                          Sink state_SB_DFFESR_Q_R_SB_LUT4_I2_O_SB_LUT4_I1_LC.I1
Info:                          Defined in:
Info:                               C:\oss-cad-suite\bin\../share/yosys/gate2lut.v:46.7-49.6
Info:                               C:\oss-cad-suite\bin\../share/yosys/ice40/cells_map.v:6.21-6.22
Info:      logic  0.40  18.14 Source state_SB_DFFESR_Q_R_SB_LUT4_I2_O_SB_LUT4_I1_LC.O
Info:    routing  1.62  19.76 Net state_SB_DFFESR_Q_R_SB_LUT4_I2_O_SB_LUT4_I1_O (2,8) -> (2,8)
Info:                          Sink phase_SB_DFFESR_Q_DFFLC.CEN
Info:      setup  0.10  19.86 Source phase_SB_DFFESR_Q_DFFLC.CEN
Info: 8.33 ns logic, 11.53 ns routing

Info: Critical path report for clock 'CLK$SB_IO_IN_$glb_clk' (posedge -> posedge):
Info:       type curr  total name
Info:   clk-to-q  0.54  0.54 Source div_SB_DFF_Q_D_SB_LUT4_O_LC.O
Info:    routing  0.59  1.13 Net div[1] (6,1) -> (6,1)
Info:                          Sink div_SB_DFF_Q_D_SB_LUT4_O_LC.I0
Info:                          Defined in:
Info:                               panel.v:25.34-25.44
Info:                               C:\oss-cad-suite\bin\../share/yosys/techmap.v:287.21-287.22
Info:      setup  0.47  1.60 Source div_SB_DFF_Q_D_SB_LUT4_O_LC.I0
Info: 1.01 ns logic, 0.59 ns routing

Info: Critical path report for cross-domain path 'posedge clk' -> '<async>':
Info:       type curr  total name
Info:   clk-to-q  0.54  0.54 Source uart_bit_SB_DFFE_Q_D_SB_LUT4_O_LC.O
Info:    routing  0.59  1.13 Net TX_SB_LUT4_O_I0[2] (1,13) -> (1,12)
Info:                          Sink TX_SB_LUT4_O_I0_SB_LUT4_O_LC.I0
Info:                          Defined in:
Info:                               panel.v:44.25-44.40
Info:                               C:\oss-cad-suite\bin\../share/yosys/ice40/arith_map.v:51.21-51.22
Info:      logic  0.45  1.58 Source TX_SB_LUT4_O_I0_SB_LUT4_O_LC.O
Info:    routing  0.59  2.16 Net TX_SB_LUT4_O_I0[0] (1,12) -> (1,12)
Info:                          Sink TX_SB_LUT4_O_LC.I0
Info:                          Defined in:
Info:                               panel.v:47.18-47.31
Info:                               C:\oss-cad-suite\bin\../share/yosys/gate2lut.v:29.7-32.6
Info:                               C:\oss-cad-suite\bin\../share/yosys/ice40/cells_map.v:6.21-6.22
Info:      logic  0.45  2.61 Source TX_SB_LUT4_O_LC.O
Info:    routing  0.59  3.20 Net TX$SB_IO_OUT (1,12) -> (0,12)
Info:                          Sink TX$sb_io.D_OUT_0
Info:                          Defined in:
Info:                               panel.v:18.12-18.14
Info: 1.44 ns logic, 1.76 ns routing

Info: Max frequency for clock                   'clk': 50.34 MHz (PASS at 25.00 MHz)
Info: Max frequency for clock 'CLK$SB_IO_IN_$glb_clk': 626.57 MHz (PASS at 100.00 MHz)

Info: Clock '$PACKER_GND_NET_$glb_clk' has no interior paths

Info: Max delay posedge clk -> <async>: 3.20 ns

Info: Slack histogram:
Info:  legend: * represents 2 endpoint(s)
Info:          + represents [1,2) endpoint(s)
Info: [  8404,   9911) |*+
Info: [  9911,  11418) | 
Info: [ 11418,  12925) | 
Info: [ 12925,  14432) | 
Info: [ 14432,  15939) | 
Info: [ 15939,  17446) | 
Info: [ 17446,  18953) | 
Info: [ 18953,  20460) |***+
Info: [ 20460,  21967) |****+
Info: [ 21967,  23474) |**********+
Info: [ 23474,  24981) | 
Info: [ 24981,  26488) | 
Info: [ 26488,  27995) |**+
Info: [ 27995,  29502) |***+
Info: [ 29502,  31009) |*****+
Info: [ 31009,  32516) |*************+
Info: [ 32516,  34023) |********+
Info: [ 34023,  35530) |***********************************+
Info: [ 35530,  37037) |*****************************+
Info: [ 37037,  38544) |************************************************************ 

Info: Program finished normally.

Algorithm       Hash                                                                   Path
---------       ----                                                                   ----
SHA256          CC71529DA34E16644321758634A731EA837F476FC5114A47131FEDD259E3FB78       C:\Users\user\Documents\fpga\pan…

