
-- Executing script file `synth.ys' --

1. Executing Verilog-2005 frontend: ../panel/panel.v
Parsing SystemVerilog input from `../panel/panel.v' to AST representation.
Generating RTLIL representation for module `\panel'.
Successfully finished Verilog frontend.

2. Executing Verilog-2005 frontend: link_diag.v
Parsing SystemVerilog input from `link_diag.v' to AST representation.
Generating RTLIL representation for module `\link_diag'.
Generating RTLIL representation for module `\uart_probe'.
Generating RTLIL representation for module `\diag_uart_rx'.
Generating RTLIL representation for module `\diag_uart_tx'.
Successfully finished Verilog frontend.

3. Executing SYNTH_ICE40 pass.

3.1. Executing Verilog-2005 frontend: C:\oss-cad-suite\bin\../share/yosys/ice40/cells_sim.v
Parsing Verilog input from `C:\oss-cad-suite\bin\../share/yosys/ice40/cells_sim.v' to AST representation.
Generating RTLIL representation for module `\SB_IO'.
Generating RTLIL representation for module `\SB_GB_IO'.
Generating RTLIL representation for module `\SB_GB'.
Generating RTLIL representation for module `\SB_LUT4'.
Generating RTLIL representation for module `\SB_CARRY'.
Generating RTLIL representation for module `\SB_DFF'.
Generating RTLIL representation for module `\SB_DFFE'.
Generating RTLIL representation for module `\SB_DFFSR'.
Generating RTLIL representation for module `\SB_DFFR'.
Generating RTLIL representation for module `\SB_DFFSS'.
Generating RTLIL representation for module `\SB_DFFS'.
Generating RTLIL representation for module `\SB_DFFESR'.
Generating RTLIL representation for module `\SB_DFFER'.
Generating RTLIL representation for module `\SB_DFFESS'.
Generating RTLIL representation for module `\SB_DFFES'.
Generating RTLIL representation for module `\SB_DFFN'.
Generating RTLIL representation for module `\SB_DFFNE'.
Generating RTLIL representation for module `\SB_DFFNSR'.
Generating RTLIL representation for module `\SB_DFFNR'.
Generating RTLIL representation for module `\SB_DFFNSS'.
Generating RTLIL representation for module `\SB_DFFNS'.
Generating RTLIL representation for module `\SB_DFFNESR'.
Generating RTLIL representation for module `\SB_DFFNER'.
Generating RTLIL representation for module `\SB_DFFNESS'.
Generating RTLIL representation for module `\SB_DFFNES'.
Generating RTLIL representation for module `\SB_RAM40_4K'.
Generating RTLIL representation for module `\SB_RAM40_4KNR'.
Generating RTLIL representation for module `\SB_RAM40_4KNW'.
Generating RTLIL representation for module `\SB_RAM40_4KNRNW'.
Generating RTLIL representation for module `\ICESTORM_LC'.
Generating RTLIL representation for module `\SB_PLL40_CORE'.
Generating RTLIL representation for module `\SB_PLL40_PAD'.
Generating RTLIL representation for module `\SB_PLL40_2_PAD'.
Generating RTLIL representation for module `\SB_PLL40_2F_CORE'.
Generating RTLIL representation for module `\SB_PLL40_2F_PAD'.
Generating RTLIL representation for module `\SB_WARMBOOT'.
Generating RTLIL representation for module `\SB_SPRAM256KA'.
Generating RTLIL representation for module `\SB_HFOSC'.
Generating RTLIL representation for module `\SB_LFOSC'.
Generating RTLIL representation for module `\SB_RGBA_DRV'.
Generating RTLIL representation for module `\SB_LED_DRV_CUR'.
Generating RTLIL representation for module `\SB_RGB_DRV'.
Generating RTLIL representation for module `\SB_I2C'.
Generating RTLIL representation for module `\SB_SPI'.
Generating RTLIL representation for module `\SB_LEDDA_IP'.
Generating RTLIL representation for module `\SB_FILTER_50NS'.
Generating RTLIL representation for module `\SB_IO_I3C'.
Generating RTLIL representation for module `\SB_IO_OD'.
Generating RTLIL representation for module `\SB_MAC16'.
Generating RTLIL representation for module `\ICESTORM_RAM'.
Successfully finished Verilog frontend.

3.2. Executing HIERARCHY pass (managing design hierarchy).

3.2.1. Analyzing design hierarchy..
Top module:  \link_diag
Used module:     \uart_probe
Used module:         \diag_uart_tx
Used module:         \diag_uart_rx
Used module:     \panel

3.2.2. Analyzing design hierarchy..
Top module:  \link_diag
Used module:     \uart_probe
Used module:         \diag_uart_tx
Used module:         \diag_uart_rx
Used module:     \panel
Removed 0 unused modules.

3.3. Executing PROC pass (convert processes to netlists).

3.3.1. Executing PROC_CLEAN pass (remove empty switches from decision trees).
Removing empty process `panel.$proc$../panel/panel.v:66$78'.
Found and cleaned up 1 empty switch in `\panel.$proc$../panel/panel.v:167$45'.
Cleaned up 1 empty switch.

3.3.2. Executing PROC_RMDEAD pass (remove dead branches from decision trees).
Marked 4 switch rules as full_case in process $proc$link_diag.v:137$180 in module diag_uart_tx.
Removed 1 dead cases from process $proc$link_diag.v:108$142 in module diag_uart_rx.
Marked 7 switch rules as full_case in process $proc$link_diag.v:108$142 in module diag_uart_rx.
Marked 3 switch rules as full_case in process $proc$link_diag.v:83$104 in module uart_probe.
Marked 6 switch rules as full_case in process $proc$link_diag.v:51$92 in module uart_probe.
Marked 1 switch rules as full_case in process $proc$link_diag.v:37$85 in module uart_probe.
Marked 10 switch rules as full_case in process $proc$../panel/panel.v:124$17 in module panel.
Marked 2 switch rules as full_case in process $proc$../panel/panel.v:100$16 in module panel.
Marked 1 switch rules as full_case in process $proc$../panel/panel.v:72$15 in module panel.
Marked 1 switch rules as full_case in process $proc$../panel/panel.v:43$5 in module panel.
Removed a total of 1 dead cases.

3.3.3. Executing PROC_PRUNE pass (remove redundant assignments in processes).
Removed 3 redundant assignments.
Promoted 61 assignments to connections.

3.3.4. Executing PROC_INIT pass (extract init attributes).
Found init rule in `\diag_uart_tx.$proc$link_diag.v:135$191'.
  Set init value: \bit_index = 4'0000
Found init rule in `\diag_uart_tx.$proc$link_diag.v:134$190'.
  Set init value: \timer = 16'0000000000000000
Found init rule in `\diag_uart_tx.$proc$link_diag.v:133$189'.
  Set init value: \shift = 10'1111111111
Found init rule in `\diag_uart_tx.$proc$link_diag.v:132$188'.
  Set init value: \busy = 1'0
Found init rule in `\diag_uart_rx.$proc$link_diag.v:107$178'.
  Set init value: \shift = 8'00000000
Found init rule in `\diag_uart_rx.$proc$link_diag.v:106$177'.
  Set init value: \bit_index = 3'000
Found init rule in `\diag_uart_rx.$proc$link_diag.v:105$176'.
  Set init value: \timer = 16'0000000000000000
Found init rule in `\diag_uart_rx.$proc$link_diag.v:104$175'.
  Set init value: \state = 2'00
Found init rule in `\diag_uart_rx.$proc$link_diag.v:103$174'.
  Set init value: \bad_stop = 1'0
Found init rule in `\diag_uart_rx.$proc$link_diag.v:103$173'.
  Set init value: \valid = 1'0
Found init rule in `\diag_uart_rx.$proc$link_diag.v:103$172'.
  Set init value: \data = 8'00000000
Found init rule in `\uart_probe.$proc$link_diag.v:81$139'.
  Set init value: \rd_ptr = 8'00000000
Found init rule in `\uart_probe.$proc$link_diag.v:81$138'.
  Set init value: \wr_ptr = 8'00000000
Found init rule in `\uart_probe.$proc$link_diag.v:75$137'.
  Set init value: \tx_data = 8'00000000
Found init rule in `\uart_probe.$proc$link_diag.v:74$136'.
  Set init value: \tx_start = 1'0
Found init rule in `\uart_probe.$proc$link_diag.v:46$135'.
  Set init value: \guard_count = 20'00000000000000000000
Found init rule in `\uart_probe.$proc$link_diag.v:45$134'.
  Set init value: \baud_div = 16'0001010001011000
Found init rule in `\uart_probe.$proc$link_diag.v:45$133'.
  Set init value: \measure = 16'0000000000000000
Found init rule in `\uart_probe.$proc$link_diag.v:44$132'.
  Set init value: \train_state = 3'000
Found init rule in `\uart_probe.$proc$link_diag.v:43$131'.
  Set init value: \low_count = 19'0000000000000000000
Found init rule in `\uart_probe.$proc$link_diag.v:36$130'.
  Set init value: \beacon = 1'1
Found init rule in `\uart_probe.$proc$link_diag.v:35$129'.
  Set init value: \beacon_count = 24'000000000000000000000000
Found init rule in `\uart_probe.$proc$link_diag.v:30$128'.
  Set init value: \rx_sync = 1'1
Found init rule in `\uart_probe.$proc$link_diag.v:30$127'.
  Set init value: \rx_meta = 1'1
Found init rule in `\uart_probe.$proc$link_diag.v:29$126'.
  Set init value: \error = 1'0
Found init rule in `\link_diag.$proc$link_diag.v:10$82'.
  Set init value: \div = 2'00
Found init rule in `\panel.$proc$../panel/panel.v:65$77'.
  Set init value: \pattern_rgb = 6'000000
Found init rule in `\panel.$proc$../panel/panel.v:61$76'.
  Set init value: \rgb = 6'000000
Found init rule in `\panel.$proc$../panel/panel.v:60$75'.
  Set init value: \tick_div = 8'00000000
Found init rule in `\panel.$proc$../panel/panel.v:59$74'.
  Set init value: \scan_row = 6'000000
Found init rule in `\panel.$proc$../panel/panel.v:58$73'.
  Set init value: \phase = 8'00000000
Found init rule in `\panel.$proc$../panel/panel.v:57$72'.
  Set init value: \config_index = 5'00000
Found init rule in `\panel.$proc$../panel/panel.v:56$71'.
  Set init value: \count = 16'0000000000000000
Found init rule in `\panel.$proc$../panel/panel.v:55$70'.
  Set init value: \state = 4'0000
Found init rule in `\panel.$proc$../panel/panel.v:42$69'.
  Set init value: \uart_bit = 5'00000
Found init rule in `\panel.$proc$../panel/panel.v:41$68'.
  Set init value: \uart_div = 13'0000000000000
Found init rule in `\panel.$proc$../panel/panel.v:36$67'.
  Set init value: \visible_uploads = 2'00
Found init rule in `\panel.$proc$../panel/panel.v:35$66'.
  Set init value: \configured = 1'0
Found init rule in `\panel.$proc$../panel/panel.v:34$65'.
  Set init value: \heartbeat = 27'000000000000000000000000000
Found init rule in `\panel.$proc$../panel/panel.v:25$64'.
  Set init value: \div = 2'00
Found init rule in `\panel.$proc$../panel/panel.v:21$63'.
  Set init value: \A = 1'0
  Set init value: \B = 1'0
  Set init value: \C = 1'0
  Set init value: \LAT = 1'0
  Set init value: \SCLK = 1'0
  Set init value: \OE = 1'0

3.3.5. Executing PROC_ARST pass (detect async resets in processes).

3.3.6. Executing PROC_ROM pass (convert switches to ROMs).
Converted 1 switch.
<suppressed ~49 debug messages>

3.3.7. Executing PROC_MUX pass (convert decision trees to multiplexers).
Creating decoders for process `\diag_uart_tx.$proc$link_diag.v:135$191'.
Creating decoders for process `\diag_uart_tx.$proc$link_diag.v:134$190'.
Creating decoders for process `\diag_uart_tx.$proc$link_diag.v:133$189'.
Creating decoders for process `\diag_uart_tx.$proc$link_diag.v:132$188'.
Creating decoders for process `\diag_uart_tx.$proc$link_diag.v:137$180'.
     1/4: $0\shift[9:0]
     2/4: $0\bit_index[3:0]
     3/4: $0\timer[15:0]
     4/4: $0\busy[0:0]
Creating decoders for process `\diag_uart_rx.$proc$link_diag.v:107$178'.
Creating decoders for process `\diag_uart_rx.$proc$link_diag.v:106$177'.
Creating decoders for process `\diag_uart_rx.$proc$link_diag.v:105$176'.
Creating decoders for process `\diag_uart_rx.$proc$link_diag.v:104$175'.
Creating decoders for process `\diag_uart_rx.$proc$link_diag.v:103$174'.
Creating decoders for process `\diag_uart_rx.$proc$link_diag.v:103$173'.
Creating decoders for process `\diag_uart_rx.$proc$link_diag.v:103$172'.
Creating decoders for process `\diag_uart_rx.$proc$link_diag.v:108$142'.
     1/12: $3$lookahead\shift$141[7:0]$157
     2/12: $3$bitselwrite$pos$link_diag.v:118$140[2:0]$156
     3/12: $2$lookahead\shift$141[7:0]$148
     4/12: $2$bitselwrite$pos$link_diag.v:118$140[2:0]$147
     5/12: $1$lookahead\shift$141[7:0]$146
     6/12: $1$bitselwrite$pos$link_diag.v:118$140[2:0]$145
     7/12: $0\bad_stop[0:0]
     8/12: $0\valid[0:0]
     9/12: $0\bit_index[2:0]
    10/12: $0\timer[15:0]
    11/12: $0\data[7:0]
    12/12: $0\state[1:0]
Creating decoders for process `\uart_probe.$proc$link_diag.v:81$139'.
Creating decoders for process `\uart_probe.$proc$link_diag.v:81$138'.
Creating decoders for process `\uart_probe.$proc$link_diag.v:75$137'.
Creating decoders for process `\uart_probe.$proc$link_diag.v:74$136'.
Creating decoders for process `\uart_probe.$proc$link_diag.v:46$135'.
Creating decoders for process `\uart_probe.$proc$link_diag.v:45$134'.
Creating decoders for process `\uart_probe.$proc$link_diag.v:45$133'.
Creating decoders for process `\uart_probe.$proc$link_diag.v:44$132'.
Creating decoders for process `\uart_probe.$proc$link_diag.v:43$131'.
Creating decoders for process `\uart_probe.$proc$link_diag.v:36$130'.
Creating decoders for process `\uart_probe.$proc$link_diag.v:35$129'.
Creating decoders for process `\uart_probe.$proc$link_diag.v:30$128'.
Creating decoders for process `\uart_probe.$proc$link_diag.v:30$127'.
Creating decoders for process `\uart_probe.$proc$link_diag.v:29$126'.
Creating decoders for process `\uart_probe.$proc$link_diag.v:83$104'.
     1/14: $3$memwr$\fifo$link_diag.v:91$83_EN[7:0]$116
     2/14: $3$memwr$\fifo$link_diag.v:91$83_DATA[7:0]$115
     3/14: $3$memwr$\fifo$link_diag.v:91$83_ADDR[7:0]$114
     4/14: $2$memwr$\fifo$link_diag.v:91$83_EN[7:0]$113
     5/14: $2$memwr$\fifo$link_diag.v:91$83_DATA[7:0]$112
     6/14: $2$memwr$\fifo$link_diag.v:91$83_ADDR[7:0]$111
     7/14: $1$memwr$\fifo$link_diag.v:91$83_EN[7:0]$110
     8/14: $1$memwr$\fifo$link_diag.v:91$83_DATA[7:0]$109
     9/14: $1$memwr$\fifo$link_diag.v:91$83_ADDR[7:0]$108
    10/14: $0\tx_start[0:0]
    11/14: $0\rd_ptr[7:0]
    12/14: $0\wr_ptr[7:0]
    13/14: $0\tx_data[7:0]
    14/14: $0\error[0:0]
Creating decoders for process `\uart_probe.$proc$link_diag.v:51$92'.
     1/5: $0\guard_count[19:0]
     2/5: $0\baud_div[15:0]
     3/5: $0\measure[15:0]
     4/5: $0\train_state[2:0]
     5/5: $0\low_count[18:0]
Creating decoders for process `\uart_probe.$proc$link_diag.v:37$85'.
     1/2: $0\beacon_count[23:0]
     2/2: $0\beacon[0:0]
Creating decoders for process `\uart_probe.$proc$link_diag.v:31$84'.
Creating decoders for process `\link_diag.$proc$link_diag.v:10$82'.
Creating decoders for process `\link_diag.$proc$link_diag.v:11$79'.
Creating decoders for process `\panel.$proc$../panel/panel.v:65$77'.
Creating decoders for process `\panel.$proc$../panel/panel.v:61$76'.
Creating decoders for process `\panel.$proc$../panel/panel.v:60$75'.
Creating decoders for process `\panel.$proc$../panel/panel.v:59$74'.
Creating decoders for process `\panel.$proc$../panel/panel.v:58$73'.
Creating decoders for process `\panel.$proc$../panel/panel.v:57$72'.
Creating decoders for process `\panel.$proc$../panel/panel.v:56$71'.
Creating decoders for process `\panel.$proc$../panel/panel.v:55$70'.
Creating decoders for process `\panel.$proc$../panel/panel.v:42$69'.
Creating decoders for process `\panel.$proc$../panel/panel.v:41$68'.
Creating decoders for process `\panel.$proc$../panel/panel.v:36$67'.
Creating decoders for process `\panel.$proc$../panel/panel.v:35$66'.
Creating decoders for process `\panel.$proc$../panel/panel.v:34$65'.
Creating decoders for process `\panel.$proc$../panel/panel.v:25$64'.
Creating decoders for process `\panel.$proc$../panel/panel.v:21$63'.
Creating decoders for process `\panel.$proc$../panel/panel.v:167$45'.
     1/6: $0\C[0:0]
     2/6: $0\OE[0:0]
     3/6: $0\LAT[0:0]
     4/6: $0\B[0:0]
     5/6: $0\A[0:0]
     6/6: $0\rgb[5:0]
Creating decoders for process `\panel.$proc$../panel/panel.v:124$17'.
     1/9: $0\tick_div[7:0]
     2/9: $0\scan_row[5:0]
     3/9: $0\phase[7:0]
     4/9: $0\config_index[4:0]
     5/9: $0\count[15:0]
     6/9: $0\state[3:0]
     7/9: $0\visible_uploads[1:0]
     8/9: $0\configured[0:0]
     9/9: $0\SCLK[0:0]
Creating decoders for process `\panel.$proc$../panel/panel.v:100$16'.
     1/2: $1\word[15:0]
     2/2: $1\length[15:0]
Creating decoders for process `\panel.$proc$../panel/panel.v:72$15'.
     1/1: $1\config_word[15:0]
Creating decoders for process `\panel.$proc$../panel/panel.v:67$13'.
Creating decoders for process `\panel.$proc$../panel/panel.v:43$5'.
     1/2: $0\uart_div[12:0]
     2/2: $0\uart_bit[4:0]
Creating decoders for process `\panel.$proc$../panel/panel.v:37$3'.
Creating decoders for process `\panel.$proc$../panel/panel.v:26$1'.

3.3.8. Executing PROC_DLATCH pass (convert process syncs to latches).
No latch inferred for signal `\panel.\word' from process `\panel.$proc$../panel/panel.v:100$16'.
No latch inferred for signal `\panel.\length' from process `\panel.$proc$../panel/panel.v:100$16'.
No latch inferred for signal `\panel.\config_word' from process `\panel.$proc$../panel/panel.v:72$15'.

3.3.9. Executing PROC_DFF pass (convert process syncs to FFs).
Creating register for signal `\diag_uart_tx.\busy' using process `\diag_uart_tx.$proc$link_diag.v:137$180'.
  created $dff cell `$procdff$1127' with positive edge clock.
Creating register for signal `\diag_uart_tx.\timer' using process `\diag_uart_tx.$proc$link_diag.v:137$180'.
  created $dff cell `$procdff$1128' with positive edge clock.
Creating register for signal `\diag_uart_tx.\bit_index' using process `\diag_uart_tx.$proc$link_diag.v:137$180'.
  created $dff cell `$procdff$1129' with positive edge clock.
Creating register for signal `\diag_uart_tx.\shift' using process `\diag_uart_tx.$proc$link_diag.v:137$180'.
  created $dff cell `$procdff$1130' with positive edge clock.
Creating register for signal `\diag_uart_rx.\state' using process `\diag_uart_rx.$proc$link_diag.v:108$142'.
  created $dff cell `$procdff$1131' with positive edge clock.
Creating register for signal `\diag_uart_rx.\data' using process `\diag_uart_rx.$proc$link_diag.v:108$142'.
  created $dff cell `$procdff$1132' with positive edge clock.
Creating register for signal `\diag_uart_rx.\valid' using process `\diag_uart_rx.$proc$link_diag.v:108$142'.
  created $dff cell `$procdff$1133' with positive edge clock.
Creating register for signal `\diag_uart_rx.\bad_stop' using process `\diag_uart_rx.$proc$link_diag.v:108$142'.
  created $dff cell `$procdff$1134' with positive edge clock.
Creating register for signal `\diag_uart_rx.\timer' using process `\diag_uart_rx.$proc$link_diag.v:108$142'.
  created $dff cell `$procdff$1135' with positive edge clock.
Creating register for signal `\diag_uart_rx.\bit_index' using process `\diag_uart_rx.$proc$link_diag.v:108$142'.
  created $dff cell `$procdff$1136' with positive edge clock.
Creating register for signal `\diag_uart_rx.\shift' using process `\diag_uart_rx.$proc$link_diag.v:108$142'.
  created $dff cell `$procdff$1137' with positive edge clock.
Creating register for signal `\diag_uart_rx.$bitselwrite$pos$link_diag.v:118$140' using process `\diag_uart_rx.$proc$link_diag.v:108$142'.
  created $dff cell `$procdff$1138' with positive edge clock.
Creating register for signal `\diag_uart_rx.$lookahead\shift$141' using process `\diag_uart_rx.$proc$link_diag.v:108$142'.
  created $dff cell `$procdff$1139' with positive edge clock.
Creating register for signal `\uart_probe.\error' using process `\uart_probe.$proc$link_diag.v:83$104'.
  created $dff cell `$procdff$1140' with positive edge clock.
Creating register for signal `\uart_probe.\tx_start' using process `\uart_probe.$proc$link_diag.v:83$104'.
  created $dff cell `$procdff$1141' with positive edge clock.
Creating register for signal `\uart_probe.\tx_data' using process `\uart_probe.$proc$link_diag.v:83$104'.
  created $dff cell `$procdff$1142' with positive edge clock.
Creating register for signal `\uart_probe.\wr_ptr' using process `\uart_probe.$proc$link_diag.v:83$104'.
  created $dff cell `$procdff$1143' with positive edge clock.
Creating register for signal `\uart_probe.\rd_ptr' using process `\uart_probe.$proc$link_diag.v:83$104'.
  created $dff cell `$procdff$1144' with positive edge clock.
Creating register for signal `\uart_probe.$memwr$\fifo$link_diag.v:91$83_ADDR' using process `\uart_probe.$proc$link_diag.v:83$104'.
  created $dff cell `$procdff$1145' with positive edge clock.
Creating register for signal `\uart_probe.$memwr$\fifo$link_diag.v:91$83_DATA' using process `\uart_probe.$proc$link_diag.v:83$104'.
  created $dff cell `$procdff$1146' with positive edge clock.
Creating register for signal `\uart_probe.$memwr$\fifo$link_diag.v:91$83_EN' using process `\uart_probe.$proc$link_diag.v:83$104'.
  created $dff cell `$procdff$1147' with positive edge clock.
Creating register for signal `\uart_probe.\low_count' using process `\uart_probe.$proc$link_diag.v:51$92'.
  created $dff cell `$procdff$1148' with positive edge clock.
Creating register for signal `\uart_probe.\train_state' using process `\uart_probe.$proc$link_diag.v:51$92'.
  created $dff cell `$procdff$1149' with positive edge clock.
Creating register for signal `\uart_probe.\measure' using process `\uart_probe.$proc$link_diag.v:51$92'.
  created $dff cell `$procdff$1150' with positive edge clock.
Creating register for signal `\uart_probe.\baud_div' using process `\uart_probe.$proc$link_diag.v:51$92'.
  created $dff cell `$procdff$1151' with positive edge clock.
Creating register for signal `\uart_probe.\guard_count' using process `\uart_probe.$proc$link_diag.v:51$92'.
  created $dff cell `$procdff$1152' with positive edge clock.
Creating register for signal `\uart_probe.\beacon_count' using process `\uart_probe.$proc$link_diag.v:37$85'.
  created $dff cell `$procdff$1153' with positive edge clock.
Creating register for signal `\uart_probe.\beacon' using process `\uart_probe.$proc$link_diag.v:37$85'.
  created $dff cell `$procdff$1154' with positive edge clock.
Creating register for signal `\uart_probe.\rx_meta' using process `\uart_probe.$proc$link_diag.v:31$84'.
  created $dff cell `$procdff$1155' with positive edge clock.
Creating register for signal `\uart_probe.\rx_sync' using process `\uart_probe.$proc$link_diag.v:31$84'.
  created $dff cell `$procdff$1156' with positive edge clock.
Creating register for signal `\link_diag.\div' using process `\link_diag.$proc$link_diag.v:11$79'.
  created $dff cell `$procdff$1157' with positive edge clock.
Creating register for signal `\panel.\A' using process `\panel.$proc$../panel/panel.v:167$45'.
  created $dff cell `$procdff$1158' with positive edge clock.
Creating register for signal `\panel.\B' using process `\panel.$proc$../panel/panel.v:167$45'.
  created $dff cell `$procdff$1159' with positive edge clock.
Creating register for signal `\panel.\C' using process `\panel.$proc$../panel/panel.v:167$45'.
  created $dff cell `$procdff$1160' with positive edge clock.
Creating register for signal `\panel.\LAT' using process `\panel.$proc$../panel/panel.v:167$45'.
  created $dff cell `$procdff$1161' with positive edge clock.
Creating register for signal `\panel.\OE' using process `\panel.$proc$../panel/panel.v:167$45'.
  created $dff cell `$procdff$1162' with positive edge clock.
Creating register for signal `\panel.\rgb' using process `\panel.$proc$../panel/panel.v:167$45'.
  created $dff cell `$procdff$1163' with positive edge clock.
Creating register for signal `\panel.\SCLK' using process `\panel.$proc$../panel/panel.v:124$17'.
  created $dff cell `$procdff$1164' with positive edge clock.
Creating register for signal `\panel.\configured' using process `\panel.$proc$../panel/panel.v:124$17'.
  created $dff cell `$procdff$1165' with positive edge clock.
Creating register for signal `\panel.\visible_uploads' using process `\panel.$proc$../panel/panel.v:124$17'.
  created $dff cell `$procdff$1166' with positive edge clock.
Creating register for signal `\panel.\state' using process `\panel.$proc$../panel/panel.v:124$17'.
  created $dff cell `$procdff$1167' with positive edge clock.
Creating register for signal `\panel.\count' using process `\panel.$proc$../panel/panel.v:124$17'.
  created $dff cell `$procdff$1168' with positive edge clock.
Creating register for signal `\panel.\config_index' using process `\panel.$proc$../panel/panel.v:124$17'.
  created $dff cell `$procdff$1169' with positive edge clock.
Creating register for signal `\panel.\phase' using process `\panel.$proc$../panel/panel.v:124$17'.
  created $dff cell `$procdff$1170' with positive edge clock.
Creating register for signal `\panel.\scan_row' using process `\panel.$proc$../panel/panel.v:124$17'.
  created $dff cell `$procdff$1171' with positive edge clock.
Creating register for signal `\panel.\tick_div' using process `\panel.$proc$../panel/panel.v:124$17'.
  created $dff cell `$procdff$1172' with positive edge clock.
Creating register for signal `\panel.\pattern_rgb' using process `\panel.$proc$../panel/panel.v:67$13'.
  created $dff cell `$procdff$1173' with positive edge clock.
Creating register for signal `\panel.\uart_div' using process `\panel.$proc$../panel/panel.v:43$5'.
  created $dff cell `$procdff$1174' with positive edge clock.
Creating register for signal `\panel.\uart_bit' using process `\panel.$proc$../panel/panel.v:43$5'.
  created $dff cell `$procdff$1175' with positive edge clock.
Creating register for signal `\panel.\heartbeat' using process `\panel.$proc$../panel/panel.v:37$3'.
  created $dff cell `$procdff$1176' with positive edge clock.
Creating register for signal `\panel.\div' using process `\panel.$proc$../panel/panel.v:26$1'.
  created $dff cell `$procdff$1177' with positive edge clock.

3.3.10. Executing PROC_MEMWR pass (convert process memory writes to cells).

3.3.11. Executing PROC_CLEAN pass (remove empty switches from decision trees).
Removing empty process `diag_uart_tx.$proc$link_diag.v:135$191'.
Removing empty process `diag_uart_tx.$proc$link_diag.v:134$190'.
Removing empty process `diag_uart_tx.$proc$link_diag.v:133$189'.
Removing empty process `diag_uart_tx.$proc$link_diag.v:132$188'.
Found and cleaned up 5 empty switches in `\diag_uart_tx.$proc$link_diag.v:137$180'.
Removing empty process `diag_uart_tx.$proc$link_diag.v:137$180'.
Removing empty process `diag_uart_rx.$proc$link_diag.v:107$178'.
Removing empty process `diag_uart_rx.$proc$link_diag.v:106$177'.
Removing empty process `diag_uart_rx.$proc$link_diag.v:105$176'.
Removing empty process `diag_uart_rx.$proc$link_diag.v:104$175'.
Removing empty process `diag_uart_rx.$proc$link_diag.v:103$174'.
Removing empty process `diag_uart_rx.$proc$link_diag.v:103$173'.
Removing empty process `diag_uart_rx.$proc$link_diag.v:103$172'.
Found and cleaned up 8 empty switches in `\diag_uart_rx.$proc$link_diag.v:108$142'.
Removing empty process `diag_uart_rx.$proc$link_diag.v:108$142'.
Removing empty process `uart_probe.$proc$link_diag.v:81$139'.
Removing empty process `uart_probe.$proc$link_diag.v:81$138'.
Removing empty process `uart_probe.$proc$link_diag.v:75$137'.
Removing empty process `uart_probe.$proc$link_diag.v:74$136'.
Removing empty process `uart_probe.$proc$link_diag.v:46$135'.
Removing empty process `uart_probe.$proc$link_diag.v:45$134'.
Removing empty process `uart_probe.$proc$link_diag.v:45$133'.
Removing empty process `uart_probe.$proc$link_diag.v:44$132'.
Removing empty process `uart_probe.$proc$link_diag.v:43$131'.
Removing empty process `uart_probe.$proc$link_diag.v:36$130'.
Removing empty process `uart_probe.$proc$link_diag.v:35$129'.
Removing empty process `uart_probe.$proc$link_diag.v:30$128'.
Removing empty process `uart_probe.$proc$link_diag.v:30$127'.
Removing empty process `uart_probe.$proc$link_diag.v:29$126'.
Found and cleaned up 5 empty switches in `\uart_probe.$proc$link_diag.v:83$104'.
Removing empty process `uart_probe.$proc$link_diag.v:83$104'.
Found and cleaned up 10 empty switches in `\uart_probe.$proc$link_diag.v:51$92'.
Removing empty process `uart_probe.$proc$link_diag.v:51$92'.
Found and cleaned up 1 empty switch in `\uart_probe.$proc$link_diag.v:37$85'.
Removing empty process `uart_probe.$proc$link_diag.v:37$85'.
Removing empty process `uart_probe.$proc$link_diag.v:31$84'.
Removing empty process `link_diag.$proc$link_diag.v:10$82'.
Removing empty process `link_diag.$proc$link_diag.v:11$79'.
Removing empty process `panel.$proc$../panel/panel.v:65$77'.
Removing empty process `panel.$proc$../panel/panel.v:61$76'.
Removing empty process `panel.$proc$../panel/panel.v:60$75'.
Removing empty process `panel.$proc$../panel/panel.v:59$74'.
Removing empty process `panel.$proc$../panel/panel.v:58$73'.
Removing empty process `panel.$proc$../panel/panel.v:57$72'.
Removing empty process `panel.$proc$../panel/panel.v:56$71'.
Removing empty process `panel.$proc$../panel/panel.v:55$70'.
Removing empty process `panel.$proc$../panel/panel.v:42$69'.
Removing empty process `panel.$proc$../panel/panel.v:41$68'.
Removing empty process `panel.$proc$../panel/panel.v:36$67'.
Removing empty process `panel.$proc$../panel/panel.v:35$66'.
Removing empty process `panel.$proc$../panel/panel.v:34$65'.
Removing empty process `panel.$proc$../panel/panel.v:25$64'.
Removing empty process `panel.$proc$../panel/panel.v:21$63'.
Found and cleaned up 4 empty switches in `\panel.$proc$../panel/panel.v:167$45'.
Removing empty process `panel.$proc$../panel/panel.v:167$45'.
Found and cleaned up 13 empty switches in `\panel.$proc$../panel/panel.v:124$17'.
Removing empty process `panel.$proc$../panel/panel.v:124$17'.
Found and cleaned up 2 empty switches in `\panel.$proc$../panel/panel.v:100$16'.
Removing empty process `panel.$proc$../panel/panel.v:100$16'.
Found and cleaned up 1 empty switch in `\panel.$proc$../panel/panel.v:72$15'.
Removing empty process `panel.$proc$../panel/panel.v:72$15'.
Removing empty process `panel.$proc$../panel/panel.v:67$13'.
Found and cleaned up 1 empty switch in `\panel.$proc$../panel/panel.v:43$5'.
Removing empty process `panel.$proc$../panel/panel.v:43$5'.
Removing empty process `panel.$proc$../panel/panel.v:37$3'.
Removing empty process `panel.$proc$../panel/panel.v:26$1'.
Cleaned up 50 empty switches.

3.3.12. Executing OPT_EXPR pass (perform const folding).
Optimizing module diag_uart_tx.
<suppressed ~5 debug messages>
Optimizing module diag_uart_rx.
<suppressed ~10 debug messages>
Optimizing module uart_probe.
<suppressed ~6 debug messages>
Optimizing module link_diag.
Optimizing module panel.
<suppressed ~9 debug messages>

3.4. Executing CHECK pass (checking for obvious problems).
Checking module diag_uart_tx...
Checking module diag_uart_rx...
Checking module uart_probe...
Checking module link_diag...
Checking module panel...
Found and reported 0 problems.

3.5. Executing FLATTEN pass (flatten design).
Deleting now unused module diag_uart_tx.
Deleting now unused module diag_uart_rx.
Deleting now unused module uart_probe.
Deleting now unused module panel.
<suppressed ~4 debug messages>

3.6. Executing TRIBUF pass.

3.7. Executing DEMINOUT pass (demote inout ports to input or output).

3.8. Executing OPT_EXPR pass (perform const folding).
Optimizing module link_diag.
<suppressed ~2 debug messages>

3.9. Executing CHECK pass (checking for obvious problems).
Checking module link_diag...
Found and reported 0 problems.

3.10. Executing OPT_CLEAN pass (remove unused cells and wires).
Finding unused cells or wires in module \link_diag..
Removed 31 unused cells and 326 unused wires.
<suppressed ~36 debug messages>

3.11. Executing OPT pass (performing simple optimizations).

3.11.1. Executing OPT_EXPR pass (perform const folding).
Optimizing module link_diag.

3.11.2. Executing OPT_MERGE pass (detect identical cells).
Finding identical cells in module `\link_diag'.
Computing hashes of 401 cells of `\link_diag'.
Finding duplicate cells in `\link_diag'.
Computing hashes of 341 cells of `\link_diag'.
Finding duplicate cells in `\link_diag'.
Computing hashes of 335 cells of `\link_diag'.
Finding duplicate cells in `\link_diag'.
<suppressed ~198 debug messages>
Removed a total of 66 cells.

3.11.3. Executing OPT_MUXTREE pass (detect dead branches in mux trees).
Running muxtree optimizer on module \link_diag..
  Creating internal representation of mux trees.
  Evaluating internal representation of mux trees.
      Replacing known input bits on port B of cell $flatten\probe.\transmitter.$procmux$616: \probe.transmitter.busy -> 1'1
      Replacing known input bits on port A of cell $flatten\probe.\transmitter.$procmux$613: \probe.transmitter.busy -> 1'1
      Replacing known input bits on port A of cell $flatten\probe.\transmitter.$procmux$619: \probe.transmitter.busy -> 1'0
  Analyzing evaluation results.
    dead port 2/2 on $mux $flatten\probe.$procmux$760.
    dead port 1/2 on $mux $flatten\probe.$procmux$787.
    dead port 1/2 on $mux $flatten\probe.$procmux$793.
    dead port 1/2 on $mux $flatten\probe.$procmux$799.
    dead port 1/2 on $mux $flatten\probe.\receiver.$procmux$650.
    dead port 1/2 on $mux $flatten\probe.$procmux$763.
    dead port 1/2 on $mux $flatten\probe.\receiver.$procmux$633.
    dead port 2/2 on $mux $flatten\probe.\receiver.$procmux$630.
    dead port 2/2 on $mux $flatten\probe.$procmux$769.
    dead port 1/2 on $mux $flatten\probe.$procmux$772.
    dead port 2/2 on $mux $flatten\probe.$procmux$778.
    dead port 1/2 on $mux $flatten\probe.$procmux$781.
Removed 12 multiplexer ports.
<suppressed ~235 debug messages>

3.11.4. Executing OPT_REDUCE pass (consolidate $*mux and $reduce_* inputs).
  Optimizing cells in module \link_diag.
    Consolidated identical input bits for $mux cell $flatten\probe.$procmux$758:
      Old ports: A=8'11111111, B=8'00000000, Y=$flatten\probe.$procmux$758_Y
      New ports: A=1'1, B=1'0, Y=$flatten\probe.$procmux$758_Y [0]
      New connections: $flatten\probe.$procmux$758_Y [7:1] = { $flatten\probe.$procmux$758_Y [0] $flatten\probe.$procmux$758_Y [0] $flatten\probe.$procmux$758_Y [0] $flatten\probe.$procmux$758_Y [0] $flatten\probe.$procmux$758_Y [0] $flatten\probe.$procmux$758_Y [0] $flatten\probe.$procmux$758_Y [0] }
    New ctrl vector for $pmux cell $flatten\probe.\receiver.$procmux$644: { $auto$opt_reduce.cc:137:opt_pmux$1186 $flatten\probe.\receiver.$procmux$742_CMP }
  Optimizing cells in module \link_diag.
    Consolidated identical input bits for $mux cell $flatten\probe.$procmux$784:
      Old ports: A=8'00000000, B=$flatten\probe.$3$memwr$\fifo$link_diag.v:91$83_EN[7:0]$116, Y=$flatten\probe.$procmux$784_Y
      New ports: A=1'0, B=$flatten\probe.$procmux$758_Y [0], Y=$flatten\probe.$procmux$784_Y [0]
      New connections: $flatten\probe.$procmux$784_Y [7:1] = { $flatten\probe.$procmux$784_Y [0] $flatten\probe.$procmux$784_Y [0] $flatten\probe.$procmux$784_Y [0] $flatten\probe.$procmux$784_Y [0] $flatten\probe.$procmux$784_Y [0] $flatten\probe.$procmux$784_Y [0] $flatten\probe.$procmux$784_Y [0] }
  Optimizing cells in module \link_diag.
    Consolidated identical input bits for $mux cell $flatten\probe.$procmux$802:
      Old ports: A=$flatten\probe.$2$memwr$\fifo$link_diag.v:91$83_EN[7:0]$113, B=8'00000000, Y=$flatten\probe.$0$memwr$\fifo$link_diag.v:91$83_EN[7:0]$107
      New ports: A=$flatten\probe.$procmux$784_Y [0], B=1'0, Y=$flatten\probe.$0$memwr$\fifo$link_diag.v:91$83_EN[7:0]$107 [0]
      New connections: $flatten\probe.$0$memwr$\fifo$link_diag.v:91$83_EN[7:0]$107 [7:1] = { $flatten\probe.$0$memwr$\fifo$link_diag.v:91$83_EN[7:0]$107 [0] $flatten\probe.$0$memwr$\fifo$link_diag.v:91$83_EN[7:0]$107 [0] $flatten\probe.$0$memwr$\fifo$link_diag.v:91$83_EN[7:0]$107 [0] $flatten\probe.$0$memwr$\fifo$link_diag.v:91$83_EN[7:0]$107 [0] $flatten\probe.$0$memwr$\fifo$link_diag.v:91$83_EN[7:0]$107 [0] $flatten\probe.$0$memwr$\fifo$link_diag.v:91$83_EN[7:0]$107 [0] $flatten\probe.$0$memwr$\fifo$link_diag.v:91$83_EN[7:0]$107 [0] }
  Optimizing cells in module \link_diag.
Performed a total of 4 changes.

3.11.5. Executing OPT_MERGE pass (detect identical cells).
Finding identical cells in module `\link_diag'.
Computing hashes of 324 cells of `\link_diag'.
Finding duplicate cells in `\link_diag'.
Removed a total of 0 cells.

3.11.6. Executing OPT_DFF pass (perform DFF optimizations).

3.11.7. Executing OPT_CLEAN pass (remove unused cells and wires).
Finding unused cells or wires in module \link_diag..
Removed 0 unused cells and 64 unused wires.
<suppressed ~1 debug messages>

3.11.8. Executing OPT_EXPR pass (perform const folding).
Optimizing module link_diag.

3.11.9. Rerunning OPT passes. (Maybe there is more to do..)

3.11.10. Executing OPT_MUXTREE pass (detect dead branches in mux trees).
Running muxtree optimizer on module \link_diag..
  Creating internal representation of mux trees.
  Evaluating internal representation of mux trees.
  Analyzing evaluation results.
Removed 0 multiplexer ports.
<suppressed ~223 debug messages>

3.11.11. Executing OPT_REDUCE pass (consolidate $*mux and $reduce_* inputs).
  Optimizing cells in module \link_diag.
Performed a total of 0 changes.

3.11.12. Executing OPT_MERGE pass (detect identical cells).
Finding identical cells in module `\link_diag'.
Computing hashes of 324 cells of `\link_diag'.
Finding duplicate cells in `\link_diag'.
Removed a total of 0 cells.

3.11.13. Executing OPT_DFF pass (perform DFF optimizations).

3.11.14. Executing OPT_CLEAN pass (remove unused cells and wires).
Finding unused cells or wires in module \link_diag..

3.11.15. Executing OPT_EXPR pass (perform const folding).
Optimizing module link_diag.

3.11.16. Finished fast OPT passes. (There is nothing left to do.)

3.12. Executing FSM pass (extract and optimize FSM).

3.12.1. Executing FSM_DETECT pass (finding FSMs in design).
Not marking link_diag.probe.receiver.state as FSM state register:
    Register has an initialization value.
Not marking link_diag.probe.train_state as FSM state register:
    Register has an initialization value.

3.12.2. Executing FSM_EXTRACT pass (extracting FSM from design).

3.12.3. Executing FSM_OPT pass (simple optimizations of FSMs).

3.12.4. Executing OPT_CLEAN pass (remove unused cells and wires).
Finding unused cells or wires in module \link_diag..

3.12.5. Executing FSM_OPT pass (simple optimizations of FSMs).

3.12.6. Executing FSM_RECODE pass (re-assigning FSM state encoding).

3.12.7. Executing FSM_INFO pass (dumping all available information on FSM cells).

3.12.8. Executing FSM_MAP pass (mapping FSMs to basic logic).

3.13. Executing OPT pass (performing simple optimizations).

3.13.1. Executing OPT_EXPR pass (perform const folding).
Optimizing module link_diag.

3.13.2. Executing OPT_MERGE pass (detect identical cells).
Finding identical cells in module `\link_diag'.
Computing hashes of 324 cells of `\link_diag'.
Finding duplicate cells in `\link_diag'.
Removed a total of 0 cells.

3.13.3. Executing OPT_MUXTREE pass (detect dead branches in mux trees).
Running muxtree optimizer on module \link_diag..
  Creating internal representation of mux trees.
  Evaluating internal representation of mux trees.
  Analyzing evaluation results.
Removed 0 multiplexer ports.
<suppressed ~223 debug messages>

3.13.4. Executing OPT_REDUCE pass (consolidate $*mux and $reduce_* inputs).
  Optimizing cells in module \link_diag.
Performed a total of 0 changes.

3.13.5. Executing OPT_MERGE pass (detect identical cells).
Finding identical cells in module `\link_diag'.
Computing hashes of 324 cells of `\link_diag'.
Finding duplicate cells in `\link_diag'.
Removed a total of 0 cells.

3.13.6. Executing OPT_DFF pass (perform DFF optimizations).
Adding SRST signal on $flatten\display.$procdff$1172 ($dff) from module link_diag (D = $flatten\display.$add$../panel/panel.v:163$44_Y, Q = \display.tick_div, rval = 8'00000000).
Adding EN signal on $flatten\display.$procdff$1171 ($dff) from module link_diag (D = $flatten\display.$procmux$982_Y, Q = \display.scan_row).
Adding EN signal on $flatten\display.$procdff$1170 ($dff) from module link_diag (D = $flatten\display.$procmux$1005_Y, Q = \display.phase).
Adding EN signal on $flatten\display.$procdff$1169 ($dff) from module link_diag (D = $flatten\display.$procmux$1016_Y, Q = \display.config_index).
Adding SRST signal on $auto$ff.cc:337:slice$1206 ($dffe) from module link_diag (D = $flatten\display.$add$../panel/panel.v:150$33_Y, Q = \display.config_index, rval = 5'00000).
Adding EN signal on $flatten\display.$procdff$1168 ($dff) from module link_diag (D = $flatten\display.$procmux$1035_Y, Q = \display.count).
Adding SRST signal on $auto$ff.cc:337:slice$1216 ($dffe) from module link_diag (D = $flatten\display.$add$../panel/panel.v:152$35_Y, Q = \display.count, rval = 16'0000000000000000).
Adding EN signal on $flatten\display.$procdff$1167 ($dff) from module link_diag (D = $flatten\display.$procmux$1054_Y, Q = \display.state).
Adding SRST signal on $auto$ff.cc:337:slice$1222 ($dffe) from module link_diag (D = $flatten\display.$procmux$1051_Y, Q = \display.state, rval = 4'1011).
Adding EN signal on $flatten\display.$procdff$1166 ($dff) from module link_diag (D = $flatten\display.$add$../panel/panel.v:136$27_Y, Q = \display.visible_uploads).
Adding EN signal on $flatten\display.$procdff$1165 ($dff) from module link_diag (D = 1'1, Q = \display.configured).
Adding EN signal on $flatten\display.$procdff$1164 ($dff) from module link_diag (D = $flatten\display.$procmux$1100_Y, Q = \display.SCLK).
Adding EN signal on $flatten\display.$procdff$1163 ($dff) from module link_diag (D = $flatten\display.$procmux$956_Y, Q = \display.rgb).
Adding EN signal on $flatten\display.$procdff$1162 ($dff) from module link_diag (D = $flatten\display.$procmux$929_Y, Q = \display.OE).
Adding EN signal on $flatten\display.$procdff$1161 ($dff) from module link_diag (D = $flatten\display.$procmux$936_Y, Q = \display.LAT).
Adding EN signal on $flatten\display.$procdff$1160 ($dff) from module link_diag (D = $flatten\display.$procmux$925_Y, Q = \display.C).
Adding SRST signal on $auto$ff.cc:337:slice$1246 ($dffe) from module link_diag (D = \display.scan_row [2], Q = \display.C, rval = 1'0).
Adding EN signal on $flatten\display.$procdff$1159 ($dff) from module link_diag (D = $flatten\display.$procmux$944_Y, Q = \display.B).
Adding SRST signal on $auto$ff.cc:337:slice$1248 ($dffe) from module link_diag (D = \display.scan_row [1], Q = \display.B, rval = 1'0).
Adding EN signal on $flatten\display.$procdff$1158 ($dff) from module link_diag (D = $flatten\display.$procmux$948_Y, Q = \display.A).
Adding SRST signal on $auto$ff.cc:337:slice$1250 ($dffe) from module link_diag (D = \display.scan_row [0], Q = \display.A, rval = 1'0).
Adding EN signal on $flatten\probe.$procdff$1154 ($dff) from module link_diag (D = $flatten\probe.$not$link_diag.v:40$87_Y, Q = \probe.beacon).
Adding SRST signal on $flatten\probe.$procdff$1143 ($dff) from module link_diag (D = $flatten\probe.$procmux$824_Y, Q = \probe.wr_ptr, rval = 8'00000000).
Adding EN signal on $auto$ff.cc:337:slice$1253 ($sdff) from module link_diag (D = $flatten\probe.$add$link_diag.v:91$118_Y, Q = \probe.wr_ptr).
Adding EN signal on $flatten\probe.$procdff$1142 ($dff) from module link_diag (D = $flatten\probe.$memrd$\fifo$link_diag.v:94$124_DATA, Q = \probe.tx_data).
Adding SRST signal on $flatten\probe.$procdff$1153 ($dff) from module link_diag (D = $flatten\probe.$add$link_diag.v:41$88_Y, Q = \probe.beacon_count, rval = 24'000000000000000000000000).
Adding SRST signal on $flatten\probe.$procdff$1141 ($dff) from module link_diag (D = $flatten\probe.$procmux$810_Y, Q = \probe.tx_start, rval = 1'0).
Adding SRST signal on $flatten\probe.$procdff$1140 ($dff) from module link_diag (D = $flatten\probe.$procmux$840_Y, Q = \probe.error, rval = 1'0).
Adding EN signal on $flatten\probe.$procdff$1152 ($dff) from module link_diag (D = $flatten\probe.$procmux$849_Y, Q = \probe.guard_count).
Adding SRST signal on $flatten\probe.\transmitter.$procdff$1127 ($dff) from module link_diag (D = $flatten\probe.\transmitter.$procmux$621_Y, Q = \probe.transmitter.busy, rval = 1'0).
Adding EN signal on $flatten\probe.\transmitter.$procdff$1128 ($dff) from module link_diag (D = $flatten\probe.\transmitter.$procmux$607_Y, Q = \probe.transmitter.timer).
Adding EN signal on $flatten\probe.\transmitter.$procdff$1129 ($dff) from module link_diag (D = $flatten\probe.\transmitter.$procmux$596_Y, Q = \probe.transmitter.bit_index).
Adding SRST signal on $flatten\probe.\transmitter.$procdff$1130 ($dff) from module link_diag (D = $flatten\probe.\transmitter.$procmux$582_Y, Q = \probe.transmitter.shift, rval = 10'1111111111).
Adding EN signal on $auto$ff.cc:337:slice$1299 ($sdff) from module link_diag (D = $flatten\probe.\transmitter.$procmux$582_Y, Q = \probe.transmitter.shift).
Adding EN signal on $flatten\probe.$procdff$1151 ($dff) from module link_diag (D = \probe.measure, Q = \probe.baud_div).
Adding SRST signal on $flatten\probe.$procdff$1150 ($dff) from module link_diag (D = $flatten\probe.$procmux$882_Y, Q = \probe.measure, rval = 16'0000000000000000).
Adding EN signal on $auto$ff.cc:337:slice$1312 ($sdff) from module link_diag (D = $flatten\probe.$procmux$882_Y, Q = \probe.measure).
Adding SRST signal on $flatten\probe.$procdff$1149 ($dff) from module link_diag (D = $flatten\probe.$procmux$892_Y, Q = \probe.train_state, rval = 3'100).
Adding EN signal on $auto$ff.cc:337:slice$1324 ($sdff) from module link_diag (D = $flatten\probe.$procmux$892_Y, Q = \probe.train_state).
Adding SRST signal on $flatten\probe.$procdff$1148 ($dff) from module link_diag (D = $flatten\probe.$procmux$914_Y, Q = \probe.low_count, rval = 19'0000000000000000000).
Adding EN signal on $auto$ff.cc:337:slice$1338 ($sdff) from module link_diag (D = $flatten\probe.$add$link_diag.v:53$94_Y, Q = \probe.low_count).
Adding SRST signal on $flatten\probe.$procdff$1144 ($dff) from module link_diag (D = $flatten\probe.$procmux$815_Y, Q = \probe.rd_ptr, rval = 8'00000000).
Adding EN signal on $auto$ff.cc:337:slice$1340 ($sdff) from module link_diag (D = $flatten\probe.$add$link_diag.v:95$125_Y, Q = \probe.rd_ptr).
Adding SRST signal on $flatten\probe.\receiver.$procdff$1131 ($dff) from module link_diag (D = $flatten\probe.\receiver.$procmux$734_Y, Q = \probe.receiver.state, rval = 2'00).
Adding EN signal on $auto$ff.cc:337:slice$1342 ($sdff) from module link_diag (D = $flatten\probe.\receiver.$procmux$734_Y, Q = \probe.receiver.state).
Adding EN signal on $flatten\probe.\receiver.$procdff$1132 ($dff) from module link_diag (D = \probe.receiver.shift, Q = \probe.receiver.data).
Adding SRST signal on $flatten\probe.\receiver.$procdff$1133 ($dff) from module link_diag (D = \probe.rx_sync, Q = \probe.receiver.valid, rval = 1'0).
Adding SRST signal on $flatten\probe.\receiver.$procdff$1134 ($dff) from module link_diag (D = $flatten\probe.\receiver.$logic_not$link_diag.v:125$171_Y, Q = \probe.receiver.bad_stop, rval = 1'0).
Adding SRST signal on $flatten\probe.\receiver.$procdff$1135 ($dff) from module link_diag (D = $flatten\probe.\receiver.$procmux$704_Y, Q = \probe.receiver.timer, rval = 16'0000000000000000).
Adding EN signal on $auto$ff.cc:337:slice$1375 ($sdff) from module link_diag (D = $flatten\probe.\receiver.$procmux$704_Y, Q = \probe.receiver.timer).
Adding EN signal on $flatten\probe.\receiver.$procdff$1136 ($dff) from module link_diag (D = $flatten\probe.\receiver.$procmux$689_Y, Q = \probe.receiver.bit_index).
Adding EN signal on $flatten\probe.\receiver.$procdff$1137 ($dff) from module link_diag (D = $flatten\probe.\receiver.$2$lookahead\shift$141[7:0]$148, Q = \probe.receiver.shift).

3.13.7. Executing OPT_CLEAN pass (remove unused cells and wires).
Finding unused cells or wires in module \link_diag..
Removed 78 unused cells and 78 unused wires.
<suppressed ~79 debug messages>

3.13.8. Executing OPT_EXPR pass (perform const folding).
Optimizing module link_diag.
<suppressed ~12 debug messages>

3.13.9. Rerunning OPT passes. (Maybe there is more to do..)

3.13.10. Executing OPT_MUXTREE pass (detect dead branches in mux trees).
Running muxtree optimizer on module \link_diag..
  Creating internal representation of mux trees.
  Evaluating internal representation of mux trees.
  Analyzing evaluation results.
Removed 0 multiplexer ports.
<suppressed ~127 debug messages>

3.13.11. Executing OPT_REDUCE pass (consolidate $*mux and $reduce_* inputs).
  Optimizing cells in module \link_diag.
    New ctrl vector for $pmux cell $flatten\probe.\receiver.$procmux$644: $flatten\probe.\receiver.$procmux$631_CMP
  Optimizing cells in module \link_diag.
Performed a total of 1 changes.

3.13.12. Executing OPT_MERGE pass (detect identical cells).
Finding identical cells in module `\link_diag'.
Computing hashes of 332 cells of `\link_diag'.
Finding duplicate cells in `\link_diag'.
Computing hashes of 308 cells of `\link_diag'.
Finding duplicate cells in `\link_diag'.
Computing hashes of 306 cells of `\link_diag'.
Finding duplicate cells in `\link_diag'.
<suppressed ~78 debug messages>
Removed a total of 26 cells.

3.13.13. Executing OPT_DFF pass (perform DFF optimizations).

3.13.14. Executing OPT_CLEAN pass (remove unused cells and wires).
Finding unused cells or wires in module \link_diag..
Removed 0 unused cells and 26 unused wires.
<suppressed ~1 debug messages>

3.13.15. Executing OPT_EXPR pass (perform const folding).
Optimizing module link_diag.

3.13.16. Rerunning OPT passes. (Maybe there is more to do..)

3.13.17. Executing OPT_MUXTREE pass (detect dead branches in mux trees).
Running muxtree optimizer on module \link_diag..
  Creating internal representation of mux trees.
  Evaluating internal representation of mux trees.
  Analyzing evaluation results.
Removed 0 multiplexer ports.
<suppressed ~127 debug messages>

3.13.18. Executing OPT_REDUCE pass (consolidate $*mux and $reduce_* inputs).
  Optimizing cells in module \link_diag.
Performed a total of 0 changes.

3.13.19. Executing OPT_MERGE pass (detect identical cells).
Finding identical cells in module `\link_diag'.
Computing hashes of 306 cells of `\link_diag'.
Finding duplicate cells in `\link_diag'.
Removed a total of 0 cells.

3.13.20. Executing OPT_DFF pass (perform DFF optimizations).

3.13.21. Executing OPT_CLEAN pass (remove unused cells and wires).
Finding unused cells or wires in module \link_diag..

3.13.22. Executing OPT_EXPR pass (perform const folding).
Optimizing module link_diag.

3.13.23. Finished fast OPT passes. (There is nothing left to do.)

3.14. Executing WREDUCE pass (reducing word size of cells).
Removed top 22 address bits (of 32) from memory init port link_diag.$flatten\display.$meminit$\pattern$../panel/panel.v:66$62 (display.pattern).
Removed top 27 address bits (of 32) from memory init port link_diag.$flatten\display.$auto$mem.cc:351:emit$575 ($flatten\display.$auto$proc_rom.cc:155:do_switch$573).
Removed top 1 bits (of 2) from port B of cell link_diag.$auto$simple.cc:194:make_patterns_logic$1335 ($ne).
Removed top 2 bits (of 3) from port B of cell link_diag.$auto$simple.cc:194:make_patterns_logic$1333 ($ne).
Removed top 1 bits (of 2) from port B of cell link_diag.$auto$simple.cc:194:make_patterns_logic$1329 ($ne).
Removed top 1 bits (of 2) from port B of cell link_diag.$auto$simple.cc:194:make_patterns_logic$1273 ($ne).
Removed top 1 bits (of 2) from port B of cell link_diag.$auto$simple.cc:194:make_patterns_logic$1271 ($ne).
Removed top 3 bits (of 4) from mux cell link_diag.$flatten\display.$procmux$1049 ($mux).
Removed top 3 bits (of 4) from port B of cell link_diag.$flatten\display.$procmux$940_CMP0 ($eq).
Removed top 2 bits (of 4) from port B of cell link_diag.$flatten\display.$procmux$939_CMP0 ($eq).
Removed top 1 bits (of 4) from port B of cell link_diag.$flatten\display.$procmux$938_CMP4 ($eq).
Removed top 1 bits (of 4) from port B of cell link_diag.$flatten\display.$procmux$938_CMP3 ($eq).
Removed top 1 bits (of 4) from port B of cell link_diag.$flatten\display.$procmux$938_CMP2 ($eq).
Removed top 1 bits (of 4) from port B of cell link_diag.$flatten\display.$procmux$938_CMP1 ($eq).
Removed top 2 bits (of 4) from port B of cell link_diag.$flatten\display.$procmux$938_CMP0 ($eq).
Removed top 25 bits (of 32) from port B of cell link_diag.$flatten\display.$lt$../panel/panel.v:183$54 ($lt).
Removed top 25 bits (of 32) from port B of cell link_diag.$flatten\display.$ge$../panel/panel.v:183$53 ($ge).
Removed top 25 bits (of 32) from port B of cell link_diag.$flatten\display.$ge$../panel/panel.v:179$52 ($ge).
Removed top 28 bits (of 32) from port A of cell link_diag.$flatten\display.$sub$../panel/panel.v:178$50 ($sub).
Removed top 27 bits (of 32) from port Y of cell link_diag.$flatten\display.$sub$../panel/panel.v:178$50 ($sub).
Removed top 28 bits (of 32) from port B of cell link_diag.$flatten\display.$lt$../panel/panel.v:176$49 ($lt).
Removed top 28 bits (of 32) from port B of cell link_diag.$flatten\display.$lt$../panel/panel.v:175$48 ($lt).
Removed top 30 bits (of 32) from port B of cell link_diag.$flatten\display.$lt$../panel/panel.v:174$47 ($lt).
Removed top 3 bits (of 6) from port B of cell link_diag.$flatten\display.$eq$../panel/panel.v:158$42 ($eq).
Removed top 1 bits (of 8) from port B of cell link_diag.$flatten\display.$eq$../panel/panel.v:157$41 ($eq).
Removed top 1 bits (of 8) from port B of cell link_diag.$flatten\display.$eq$../panel/panel.v:155$39 ($eq).
Removed top 30 bits (of 32) from port B of cell link_diag.$flatten\display.$lt$../panel/panel.v:135$25 ($lt).
Removed top 31 bits (of 32) from port B of cell link_diag.$flatten\display.$sub$../panel/panel.v:131$22 ($sub).
Removed top 15 bits (of 32) from port Y of cell link_diag.$flatten\display.$sub$../panel/panel.v:131$22 ($sub).
Removed top 5 bits (of 8) from port B of cell link_diag.$flatten\display.$eq$../panel/panel.v:125$18 ($eq).
Removed top 1 bits (of 16) from port A of cell link_diag.$flatten\probe.\receiver.$sub$link_diag.v:112$151 ($sub).
Converting cell link_diag.$flatten\probe.\receiver.$neg$link_diag.v:118$163 ($neg) from signed to unsigned.
Removed top 1 bits (of 4) from port A of cell link_diag.$flatten\probe.\receiver.$neg$link_diag.v:118$163 ($neg).
Removed top 1 bits (of 2) from port B of cell link_diag.$flatten\probe.\receiver.$procmux$749_CMP0 ($eq).
Removed top 1 bits (of 3) from mux cell link_diag.$flatten\probe.$procmux$903 ($mux).
Removed top 2 bits (of 3) from port B of cell link_diag.$flatten\probe.$procmux$857_CMP0 ($eq).
Removed top 1 bits (of 3) from port B of cell link_diag.$flatten\probe.$procmux$850_CMP0 ($eq).
Removed top 7 bits (of 8) from port B of cell link_diag.$flatten\probe.$add$link_diag.v:82$102 ($add).
Removed top 28 bits (of 32) from port B of cell link_diag.$flatten\probe.$ge$link_diag.v:60$97 ($ge).
Removed top 1 bits (of 19) from port B of cell link_diag.$flatten\probe.$eq$link_diag.v:54$95 ($eq).
Removed top 14 bits (of 32) from port B of cell link_diag.$flatten\probe.$lt$link_diag.v:53$93 ($lt).
Removed top 1 bits (of 3) from port B of cell link_diag.$flatten\probe.$eq$link_diag.v:48$90 ($eq).
Removed top 1 bits (of 3) from port B of cell link_diag.$flatten\probe.$ne$link_diag.v:47$89 ($ne).
Removed top 1 bits (of 24) from port B of cell link_diag.$flatten\probe.$eq$link_diag.v:38$86 ($eq).
Removed top 1 bits (of 3) from wire link_diag.$flatten\probe.$procmux$903_Y.
Removed top 3 bits (of 4) from wire link_diag.$flatten\display.$procmux$1049_Y.

3.15. Executing PEEPOPT pass (run peephole optimizers).

3.16. Executing OPT_CLEAN pass (remove unused cells and wires).
Finding unused cells or wires in module \link_diag..
Removed 0 unused cells and 2 unused wires.
<suppressed ~1 debug messages>

3.17. Executing SHARE pass (SAT-based resource sharing).

3.18. Executing TECHMAP pass (map to technology primitives).

3.18.1. Executing Verilog-2005 frontend: C:\oss-cad-suite\bin\../share/yosys/cmp2lut.v
Parsing Verilog input from `C:\oss-cad-suite\bin\../share/yosys/cmp2lut.v' to AST representation.
Generating RTLIL representation for module `\_90_lut_cmp_'.
Successfully finished Verilog frontend.

3.18.2. Continuing TECHMAP pass.
Using template $paramod$95cc903f66ace9a14a4cfd768767dedcebc73225\_90_lut_cmp_ for cells of type $lt.
No more expansions possible.
<suppressed ~237 debug messages>

3.19. Executing OPT_EXPR pass (perform const folding).
Optimizing module link_diag.

3.20. Executing OPT_CLEAN pass (remove unused cells and wires).
Finding unused cells or wires in module \link_diag..
Removed 0 unused cells and 3 unused wires.
<suppressed ~1 debug messages>

3.21. Executing ALUMACC pass (create $alu and $macc cells).
Extracting $alu and $macc cells in module link_diag:
  creating $macc model for $flatten\probe.$add$link_diag.v:95$125 ($add).
  creating $macc model for $flatten\probe.$add$link_diag.v:91$118 ($add).
  creating $macc model for $flatten\probe.$add$link_diag.v:82$102 ($add).
  creating $macc model for $flatten\probe.\receiver.$sub$link_diag.v:123$170 ($sub).
  creating $macc model for $flatten\probe.\receiver.$add$link_diag.v:121$168 ($add).
  creating $macc model for $flatten\probe.\receiver.$sub$link_diag.v:119$166 ($sub).
  creating $macc model for $flatten\probe.\receiver.$neg$link_diag.v:118$163 ($neg).
  creating $macc model for $flatten\probe.\receiver.$sub$link_diag.v:112$151 ($sub).
  creating $macc model for $flatten\probe.$sub$link_diag.v:68$101 ($sub).
  creating $macc model for $flatten\probe.\transmitter.$add$link_diag.v:149$187 ($add).
  creating $macc model for $flatten\probe.\transmitter.$sub$link_diag.v:144$184 ($sub).
  creating $macc model for $flatten\display.$add$../panel/panel.v:37$4 ($add).
  creating $macc model for $flatten\probe.$add$link_diag.v:66$99 ($add).
  creating $macc model for $flatten\probe.$add$link_diag.v:53$94 ($add).
  creating $macc model for $flatten\display.$sub$../panel/panel.v:131$22 ($sub).
  creating $macc model for $flatten\display.$add$../panel/panel.v:136$27 ($add).
  creating $macc model for $flatten\display.$add$../panel/panel.v:150$33 ($add).
  creating $macc model for $flatten\display.$add$../panel/panel.v:151$34 ($add).
  creating $macc model for $flatten\display.$add$../panel/panel.v:152$35 ($add).
  creating $macc model for $flatten\display.$add$../panel/panel.v:156$40 ($add).
  creating $macc model for $flatten\display.$add$../panel/panel.v:159$43 ($add).
  creating $macc model for $flatten\display.$add$../panel/panel.v:163$44 ($add).
  creating $macc model for $flatten\display.$sub$../panel/panel.v:178$50 ($sub).
  creating $macc model for $flatten\probe.$add$link_diag.v:41$88 ($add).
  creating $macc model for $add$link_diag.v:11$80 ($add).
  creating $macc model for $flatten\display.$add$../panel/panel.v:26$2 ($add).
  creating $alu model for $macc $flatten\display.$add$../panel/panel.v:26$2.
  creating $alu model for $macc $add$link_diag.v:11$80.
  creating $alu model for $macc $flatten\probe.$add$link_diag.v:41$88.
  creating $alu model for $macc $flatten\display.$sub$../panel/panel.v:178$50.
  creating $alu model for $macc $flatten\display.$add$../panel/panel.v:163$44.
  creating $alu model for $macc $flatten\display.$add$../panel/panel.v:159$43.
  creating $alu model for $macc $flatten\display.$add$../panel/panel.v:156$40.
  creating $alu model for $macc $flatten\display.$add$../panel/panel.v:152$35.
  creating $alu model for $macc $flatten\display.$add$../panel/panel.v:151$34.
  creating $alu model for $macc $flatten\display.$add$../panel/panel.v:150$33.
  creating $alu model for $macc $flatten\display.$add$../panel/panel.v:136$27.
  creating $alu model for $macc $flatten\display.$sub$../panel/panel.v:131$22.
  creating $alu model for $macc $flatten\probe.$add$link_diag.v:53$94.
  creating $alu model for $macc $flatten\probe.$add$link_diag.v:66$99.
  creating $alu model for $macc $flatten\display.$add$../panel/panel.v:37$4.
  creating $alu model for $macc $flatten\probe.\transmitter.$sub$link_diag.v:144$184.
  creating $alu model for $macc $flatten\probe.\transmitter.$add$link_diag.v:149$187.
  creating $alu model for $macc $flatten\probe.$sub$link_diag.v:68$101.
  creating $alu model for $macc $flatten\probe.\receiver.$sub$link_diag.v:112$151.
  creating $alu model for $macc $flatten\probe.\receiver.$neg$link_diag.v:118$163.
  creating $alu model for $macc $flatten\probe.\receiver.$sub$link_diag.v:119$166.
  creating $alu model for $macc $flatten\probe.\receiver.$add$link_diag.v:121$168.
  creating $alu model for $macc $flatten\probe.\receiver.$sub$link_diag.v:123$170.
  creating $alu model for $macc $flatten\probe.$add$link_diag.v:82$102.
  creating $alu model for $macc $flatten\probe.$add$link_diag.v:91$118.
  creating $alu model for $macc $flatten\probe.$add$link_diag.v:95$125.
  creating $alu model for $flatten\probe.$ge$link_diag.v:60$97 ($ge): new $alu
  creating $alu model for $flatten\probe.$lt$link_diag.v:53$93 ($lt): new $alu
  creating $alu model for $flatten\display.$lt$../panel/panel.v:174$47 ($lt): new $alu
  creating $alu model for $flatten\display.$lt$../panel/panel.v:175$48 ($lt): new $alu
  creating $alu model for $flatten\display.$lt$../panel/panel.v:176$49 ($lt): new $alu
  creating $alu model for $flatten\display.$ge$../panel/panel.v:179$52 ($ge): new $alu
  creating $alu model for $flatten\display.$ge$../panel/panel.v:183$53 ($ge): new $alu
  creating $alu model for $flatten\display.$lt$../panel/panel.v:183$54 ($lt): new $alu
  creating $alu model for $flatten\probe.$eq$link_diag.v:54$95 ($eq): merged with $flatten\probe.$lt$link_diag.v:53$93.
  creating $alu cell for $flatten\display.$lt$../panel/panel.v:183$54: $auto$alumacc.cc:548:replace_alu$1424
  creating $alu cell for $flatten\display.$ge$../panel/panel.v:183$53: $auto$alumacc.cc:548:replace_alu$1429
  creating $alu cell for $flatten\display.$ge$../panel/panel.v:179$52: $auto$alumacc.cc:548:replace_alu$1442
  creating $alu cell for $flatten\display.$lt$../panel/panel.v:176$49: $auto$alumacc.cc:548:replace_alu$1455
  creating $alu cell for $flatten\display.$lt$../panel/panel.v:175$48: $auto$alumacc.cc:548:replace_alu$1460
  creating $alu cell for $flatten\display.$lt$../panel/panel.v:174$47: $auto$alumacc.cc:548:replace_alu$1465
  creating $alu cell for $flatten\probe.$lt$link_diag.v:53$93, $flatten\probe.$eq$link_diag.v:54$95: $auto$alumacc.cc:548:replace_alu$1470
  creating $alu cell for $flatten\probe.$ge$link_diag.v:60$97: $auto$alumacc.cc:548:replace_alu$1477
  creating $alu cell for $flatten\probe.$add$link_diag.v:95$125: $auto$alumacc.cc:548:replace_alu$1490
  creating $alu cell for $flatten\probe.$add$link_diag.v:91$118: $auto$alumacc.cc:548:replace_alu$1493
  creating $alu cell for $flatten\probe.$add$link_diag.v:82$102: $auto$alumacc.cc:548:replace_alu$1496
  creating $alu cell for $flatten\probe.\receiver.$sub$link_diag.v:123$170: $auto$alumacc.cc:548:replace_alu$1499
  creating $alu cell for $flatten\probe.\receiver.$add$link_diag.v:121$168: $auto$alumacc.cc:548:replace_alu$1502
  creating $alu cell for $flatten\probe.\receiver.$sub$link_diag.v:119$166: $auto$alumacc.cc:548:replace_alu$1505
  creating $alu cell for $flatten\probe.\receiver.$neg$link_diag.v:118$163: $auto$alumacc.cc:548:replace_alu$1508
  creating $alu cell for $flatten\probe.\receiver.$sub$link_diag.v:112$151: $auto$alumacc.cc:548:replace_alu$1511
  creating $alu cell for $flatten\probe.$sub$link_diag.v:68$101: $auto$alumacc.cc:548:replace_alu$1514
  creating $alu cell for $flatten\probe.\transmitter.$add$link_diag.v:149$187: $auto$alumacc.cc:548:replace_alu$1517
  creating $alu cell for $flatten\probe.\transmitter.$sub$link_diag.v:144$184: $auto$alumacc.cc:548:replace_alu$1520
  creating $alu cell for $flatten\display.$add$../panel/panel.v:37$4: $auto$alumacc.cc:548:replace_alu$1523
  creating $alu cell for $flatten\probe.$add$link_diag.v:66$99: $auto$alumacc.cc:548:replace_alu$1526
  creating $alu cell for $flatten\probe.$add$link_diag.v:53$94: $auto$alumacc.cc:548:replace_alu$1529
  creating $alu cell for $flatten\display.$sub$../panel/panel.v:131$22: $auto$alumacc.cc:548:replace_alu$1532
  creating $alu cell for $flatten\display.$add$../panel/panel.v:136$27: $auto$alumacc.cc:548:replace_alu$1535
  creating $alu cell for $flatten\display.$add$../panel/panel.v:150$33: $auto$alumacc.cc:548:replace_alu$1538
  creating $alu cell for $flatten\display.$add$../panel/panel.v:151$34: $auto$alumacc.cc:548:replace_alu$1541
  creating $alu cell for $flatten\display.$add$../panel/panel.v:152$35: $auto$alumacc.cc:548:replace_alu$1544
  creating $alu cell for $flatten\display.$add$../panel/panel.v:156$40: $auto$alumacc.cc:548:replace_alu$1547
  creating $alu cell for $flatten\display.$add$../panel/panel.v:159$43: $auto$alumacc.cc:548:replace_alu$1550
  creating $alu cell for $flatten\display.$add$../panel/panel.v:163$44: $auto$alumacc.cc:548:replace_alu$1553
  creating $alu cell for $flatten\display.$sub$../panel/panel.v:178$50: $auto$alumacc.cc:548:replace_alu$1556
  creating $alu cell for $flatten\probe.$add$link_diag.v:41$88: $auto$alumacc.cc:548:replace_alu$1559
  creating $alu cell for $add$link_diag.v:11$80: $auto$alumacc.cc:548:replace_alu$1562
  creating $alu cell for $flatten\display.$add$../panel/panel.v:26$2: $auto$alumacc.cc:548:replace_alu$1565
  created 34 $alu and 0 $macc cells.

3.22. Executing OPT pass (performing simple optimizations).

3.22.1. Executing OPT_EXPR pass (perform const folding).
Optimizing module link_diag.
<suppressed ~1 debug messages>

3.22.2. Executing OPT_MERGE pass (detect identical cells).
Finding identical cells in module `\link_diag'.
Computing hashes of 326 cells of `\link_diag'.
Finding duplicate cells in `\link_diag'.
Computing hashes of 325 cells of `\link_diag'.
Finding duplicate cells in `\link_diag'.
<suppressed ~5 debug messages>
Removed a total of 1 cells.

3.22.3. Executing OPT_MUXTREE pass (detect dead branches in mux trees).
Running muxtree optimizer on module \link_diag..
  Creating internal representation of mux trees.
  Evaluating internal representation of mux trees.
  Analyzing evaluation results.
Removed 0 multiplexer ports.
<suppressed ~127 debug messages>

3.22.4. Executing OPT_REDUCE pass (consolidate $*mux and $reduce_* inputs).
  Optimizing cells in module \link_diag.
Performed a total of 0 changes.

3.22.5. Executing OPT_MERGE pass (detect identical cells).
Finding identical cells in module `\link_diag'.
Computing hashes of 325 cells of `\link_diag'.
Finding duplicate cells in `\link_diag'.
Removed a total of 0 cells.

3.22.6. Executing OPT_DFF pass (perform DFF optimizations).
Adding SRST signal on $auto$ff.cc:337:slice$1227 ($sdffce) from module link_diag (D = $flatten\display.$add$../panel/panel.v:151$34_Y [2], Q = \display.state [2], rval = 1'0).
Adding SRST signal on $auto$ff.cc:337:slice$1227 ($sdffce) from module link_diag (D = { $flatten\display.$procmux$1045_Y [3] $flatten\display.$procmux$1045_Y [1] }, Q = { \display.state [3] \display.state [1] }, rval = 2'11).

3.22.7. Executing OPT_CLEAN pass (remove unused cells and wires).
Finding unused cells or wires in module \link_diag..
Removed 1 unused cells and 13 unused wires.
<suppressed ~2 debug messages>

3.22.8. Executing OPT_EXPR pass (perform const folding).
Optimizing module link_diag.

3.22.9. Rerunning OPT passes. (Maybe there is more to do..)

3.22.10. Executing OPT_MUXTREE pass (detect dead branches in mux trees).
Running muxtree optimizer on module \link_diag..
  Creating internal representation of mux trees.
  Evaluating internal representation of mux trees.
  Analyzing evaluation results.
Removed 0 multiplexer ports.
<suppressed ~128 debug messages>

3.22.11. Executing OPT_REDUCE pass (consolidate $*mux and $reduce_* inputs).
  Optimizing cells in module \link_diag.
Performed a total of 0 changes.

3.22.12. Executing OPT_MERGE pass (detect identical cells).
Finding identical cells in module `\link_diag'.
Computing hashes of 328 cells of `\link_diag'.
Finding duplicate cells in `\link_diag'.
Computing hashes of 327 cells of `\link_diag'.
Finding duplicate cells in `\link_diag'.
<suppressed ~3 debug messages>
Removed a total of 1 cells.

3.22.13. Executing OPT_DFF pass (perform DFF optimizations).

3.22.14. Executing OPT_CLEAN pass (remove unused cells and wires).
Finding unused cells or wires in module \link_diag..
Removed 0 unused cells and 1 unused wires.
<suppressed ~1 debug messages>

3.22.15. Executing OPT_EXPR pass (perform const folding).
Optimizing module link_diag.

3.22.16. Rerunning OPT passes. (Maybe there is more to do..)

3.22.17. Executing OPT_MUXTREE pass (detect dead branches in mux trees).
Running muxtree optimizer on module \link_diag..
  Creating internal representation of mux trees.
  Evaluating internal representation of mux trees.
  Analyzing evaluation results.
Removed 0 multiplexer ports.
<suppressed ~128 debug messages>

3.22.18. Executing OPT_REDUCE pass (consolidate $*mux and $reduce_* inputs).
  Optimizing cells in module \link_diag.
Performed a total of 0 changes.

3.22.19. Executing OPT_MERGE pass (detect identical cells).
Finding identical cells in module `\link_diag'.
Computing hashes of 327 cells of `\link_diag'.
Finding duplicate cells in `\link_diag'.
Removed a total of 0 cells.

3.22.20. Executing OPT_DFF pass (perform DFF optimizations).

3.22.21. Executing OPT_CLEAN pass (remove unused cells and wires).
Finding unused cells or wires in module \link_diag..

3.22.22. Executing OPT_EXPR pass (perform const folding).
Optimizing module link_diag.

3.22.23. Finished fast OPT passes. (There is nothing left to do.)

3.23. Executing MEMORY pass.

3.23.1. Executing OPT_MEM pass (optimize memories).
link_diag.$flatten\display.$auto$proc_rom.cc:155:do_switch$573: removing const-0 lane 15
Performed a total of 1 transformations.

3.23.2. Executing OPT_MEM_PRIORITY pass (removing unnecessary memory write priority relations).
Performed a total of 0 transformations.

3.23.3. Executing OPT_MEM_FEEDBACK pass (finding memory read-to-write feedback paths).
  Analyzing link_diag.probe.fifo write port 0.

3.23.4. Executing MEMORY_BMUX2ROM pass (converting muxes to ROMs).

3.23.5. Executing MEMORY_DFF pass (merging $dff cells to $memrd).
Checking read port `\probe.fifo'[0] in module `\link_diag': merging output FF to cell.
    Write port 0: don't care on collision.
Checking read port `\display.pattern'[0] in module `\link_diag': merging output FF to cell.
Checking read port `$flatten\display.$auto$proc_rom.cc:155:do_switch$573'[0] in module `\link_diag': no output FF found.
Checking read port address `$flatten\display.$auto$proc_rom.cc:155:do_switch$573'[0] in module `\link_diag': address FF has fully-defined init value, not supported.

3.23.6. Executing OPT_CLEAN pass (remove unused cells and wires).
Finding unused cells or wires in module \link_diag..
Removed 2 unused cells and 16 unused wires.
<suppressed ~3 debug messages>

3.23.7. Executing MEMORY_SHARE pass (consolidating $memrd/$memwr cells).

3.23.8. Executing OPT_MEM_WIDEN pass (optimize memories where all ports are wide).
Performed a total of 0 transformations.

3.23.9. Executing OPT_CLEAN pass (remove unused cells and wires).
Finding unused cells or wires in module \link_diag..

3.23.10. Executing MEMORY_COLLECT pass (generating $mem cells).

3.24. Executing OPT_CLEAN pass (remove unused cells and wires).
Finding unused cells or wires in module \link_diag..

3.25. Executing MEMORY_LIBMAP pass (mapping memories to cells).
mapping memory link_diag.display.pattern via $__ICE40_RAM4K_
using FF mapping for memory link_diag.$flatten\display.$auto$proc_rom.cc:155:do_switch$573
mapping memory link_diag.probe.fifo via $__ICE40_RAM4K_
<suppressed ~134 debug messages>

3.26. Executing TECHMAP pass (map to technology primitives).

3.26.1. Executing Verilog-2005 frontend: C:\oss-cad-suite\bin\../share/yosys/ice40/brams_map.v
Parsing Verilog input from `C:\oss-cad-suite\bin\../share/yosys/ice40/brams_map.v' to AST representation.
Generating RTLIL representation for module `$__ICE40_RAM4K_'.
Successfully finished Verilog frontend.

3.26.2. Executing Verilog-2005 frontend: C:\oss-cad-suite\bin\../share/yosys/ice40/spram_map.v
Parsing Verilog input from `C:\oss-cad-suite\bin\../share/yosys/ice40/spram_map.v' to AST representation.
Generating RTLIL representation for module `$__ICE40_SPRAM_'.
Successfully finished Verilog frontend.

3.26.3. Continuing TECHMAP pass.
Using template $paramod$13b3947419e62b7bbba1b93c77e4155efbe69a94$__ICE40_RAM4K_ for cells of type $__ICE40_RAM4K_.
Using template $paramod$1be1a460a9d98e36f7471307a2a59f16c8c5053d$__ICE40_RAM4K_ for cells of type $__ICE40_RAM4K_.
Using template $paramod$def9d39a95bfad5be29ba196d97736affe2f19e7$__ICE40_RAM4K_ for cells of type $__ICE40_RAM4K_.
No more expansions possible.
<suppressed ~64 debug messages>

3.27. Executing ICE40_BRAMINIT pass.

3.28. Executing OPT pass (performing simple optimizations).

3.28.1. Executing OPT_EXPR pass (perform const folding).
Optimizing module link_diag.
<suppressed ~102 debug messages>

3.28.2. Executing OPT_MERGE pass (detect identical cells).
Finding identical cells in module `\link_diag'.
Computing hashes of 299 cells of `\link_diag'.
Finding duplicate cells in `\link_diag'.
Computing hashes of 295 cells of `\link_diag'.
Finding duplicate cells in `\link_diag'.
<suppressed ~12 debug messages>
Removed a total of 4 cells.

3.28.3. Executing OPT_DFF pass (perform DFF optimizations).
Adding SRST signal on $auto$ff.cc:337:slice$1193 ($dffe) from module link_diag (D = $flatten\display.$add$../panel/panel.v:156$40_Y, Q = \display.phase, rval = 8'00000000).
Adding SRST signal on $auto$ff.cc:337:slice$1387 ($dffe) from module link_diag (D = $flatten\probe.\receiver.$procmux$687_Y, Q = \probe.receiver.bit_index, rval = 3'000).
Adding SRST signal on $auto$ff.cc:337:slice$1288 ($dffe) from module link_diag (D = $flatten\probe.\transmitter.$procmux$591_Y, Q = \probe.transmitter.bit_index, rval = 4'0000).

3.28.4. Executing OPT_CLEAN pass (remove unused cells and wires).
Finding unused cells or wires in module \link_diag..
Removed 5 unused cells and 108 unused wires.
<suppressed ~6 debug messages>

3.28.5. Rerunning OPT passes. (Removed registers in this run.)

3.28.6. Executing OPT_EXPR pass (perform const folding).
Optimizing module link_diag.

3.28.7. Executing OPT_MERGE pass (detect identical cells).
Finding identical cells in module `\link_diag'.
Computing hashes of 292 cells of `\link_diag'.
Finding duplicate cells in `\link_diag'.
Removed a total of 0 cells.

3.28.8. Executing OPT_DFF pass (perform DFF optimizations).
Adding SRST signal on $auto$ff.cc:337:slice$1267 ($dffe) from module link_diag (D = $flatten\probe.$procmux$847_Y [3:0], Q = \probe.guard_count [3:0], rval = 4'0000).

3.28.9. Executing OPT_CLEAN pass (remove unused cells and wires).
Finding unused cells or wires in module \link_diag..

3.28.10. Rerunning OPT passes. (Removed registers in this run.)

3.28.11. Executing OPT_EXPR pass (perform const folding).
Optimizing module link_diag.

3.28.12. Executing OPT_MERGE pass (detect identical cells).
Finding identical cells in module `\link_diag'.
Computing hashes of 293 cells of `\link_diag'.
Finding duplicate cells in `\link_diag'.
Removed a total of 0 cells.

3.28.13. Executing OPT_DFF pass (perform DFF optimizations).

3.28.14. Executing OPT_CLEAN pass (remove unused cells and wires).
Finding unused cells or wires in module \link_diag..

3.28.15. Finished fast OPT passes.

3.29. Executing MEMORY_MAP pass (converting memories to logic and flip-flops).
Mapping memory $flatten\display.$auto$proc_rom.cc:155:do_switch$573 in module \link_diag:
  created 32 $dff cells and 0 static cells of width 15.
  read interface: 0 $dff and 31 $mux cells.
  write interface: 0 write mux blocks.

3.30. Executing OPT pass (performing simple optimizations).

3.30.1. Executing OPT_EXPR pass (perform const folding).
Optimizing module link_diag.
<suppressed ~8 debug messages>

3.30.2. Executing OPT_MERGE pass (detect identical cells).
Finding identical cells in module `\link_diag'.
Computing hashes of 315 cells of `\link_diag'.
Finding duplicate cells in `\link_diag'.
Removed a total of 0 cells.

3.30.3. Executing OPT_MUXTREE pass (detect dead branches in mux trees).
Running muxtree optimizer on module \link_diag..
  Creating internal representation of mux trees.
  Evaluating internal representation of mux trees.
  Analyzing evaluation results.
Removed 0 multiplexer ports.
<suppressed ~99 debug messages>

3.30.4. Executing OPT_REDUCE pass (consolidate $*mux and $reduce_* inputs).
  Optimizing cells in module \link_diag.
    Consolidated identical input bits for $mux cell $memory$flatten\display.$auto$proc_rom.cc:155:do_switch$573$rdmux[0][4][6]$1789:
      Old ports: A=15'001000100100111, B=15'001100000000000, Y=$memory$flatten\display.$auto$proc_rom.cc:155:do_switch$573$rdmux[0][3][3]$a$1757
      New ports: A=2'01, B=2'10, Y={ $memory$flatten\display.$auto$proc_rom.cc:155:do_switch$573$rdmux[0][3][3]$a$1757 [11] $memory$flatten\display.$auto$proc_rom.cc:155:do_switch$573$rdmux[0][3][3]$a$1757 [0] }
      New connections: { $memory$flatten\display.$auto$proc_rom.cc:155:do_switch$573$rdmux[0][3][3]$a$1757 [14:12] $memory$flatten\display.$auto$proc_rom.cc:155:do_switch$573$rdmux[0][3][3]$a$1757 [10:1] } = { 5'00100 $memory$flatten\display.$auto$proc_rom.cc:155:do_switch$573$rdmux[0][3][3]$a$1757 [0] 2'00 $memory$flatten\display.$auto$proc_rom.cc:155:do_switch$573$rdmux[0][3][3]$a$1757 [0] 2'00 $memory$flatten\display.$auto$proc_rom.cc:155:do_switch$573$rdmux[0][3][3]$a$1757 [0] $memory$flatten\display.$auto$proc_rom.cc:155:do_switch$573$rdmux[0][3][3]$a$1757 [0] }
    Consolidated identical input bits for $mux cell $memory$flatten\display.$auto$proc_rom.cc:155:do_switch$573$rdmux[0][4][5]$1786:
      Old ports: A=15'000111100000001, B=15'001000001000000, Y=$memory$flatten\display.$auto$proc_rom.cc:155:do_switch$573$rdmux[0][3][2]$b$1755
      New ports: A=2'01, B=2'10, Y={ $memory$flatten\display.$auto$proc_rom.cc:155:do_switch$573$rdmux[0][3][2]$b$1755 [6] $memory$flatten\display.$auto$proc_rom.cc:155:do_switch$573$rdmux[0][3][2]$b$1755 [0] }
      New connections: { $memory$flatten\display.$auto$proc_rom.cc:155:do_switch$573$rdmux[0][3][2]$b$1755 [14:7] $memory$flatten\display.$auto$proc_rom.cc:155:do_switch$573$rdmux[0][3][2]$b$1755 [5:1] } = { 2'00 $memory$flatten\display.$auto$proc_rom.cc:155:do_switch$573$rdmux[0][3][2]$b$1755 [6] $memory$flatten\display.$auto$proc_rom.cc:155:do_switch$573$rdmux[0][3][2]$b$1755 [0] $memory$flatten\display.$auto$proc_rom.cc:155:do_switch$573$rdmux[0][3][2]$b$1755 [0] $memory$flatten\display.$auto$proc_rom.cc:155:do_switch$573$rdmux[0][3][2]$b$1755 [0] $memory$flatten\display.$auto$proc_rom.cc:155:do_switch$573$rdmux[0][3][2]$b$1755 [0] 6'000000 }
    Consolidated identical input bits for $mux cell $memory$flatten\display.$auto$proc_rom.cc:155:do_switch$573$rdmux[0][4][4]$1783:
      Old ports: A=15'000110100000001, B=15'000111010000110, Y=$memory$flatten\display.$auto$proc_rom.cc:155:do_switch$573$rdmux[0][3][2]$a$1754
      New ports: A=2'01, B=2'10, Y=$memory$flatten\display.$auto$proc_rom.cc:155:do_switch$573$rdmux[0][3][2]$a$1754 [1:0]
      New connections: $memory$flatten\display.$auto$proc_rom.cc:155:do_switch$573$rdmux[0][3][2]$a$1754 [14:2] = { 5'00011 $memory$flatten\display.$auto$proc_rom.cc:155:do_switch$573$rdmux[0][3][2]$a$1754 [1:0] $memory$flatten\display.$auto$proc_rom.cc:155:do_switch$573$rdmux[0][3][2]$a$1754 [1] 4'0000 $memory$flatten\display.$auto$proc_rom.cc:155:do_switch$573$rdmux[0][3][2]$a$1754 [1] }
    Consolidated identical input bits for $mux cell $memory$flatten\display.$auto$proc_rom.cc:155:do_switch$573$rdmux[0][4][3]$1780:
      Old ports: A=15'000011100100000, B=15'000110000011000, Y=$memory$flatten\display.$auto$proc_rom.cc:155:do_switch$573$rdmux[0][3][1]$b$1752
      New ports: A=2'10, B=2'01, Y={ $memory$flatten\display.$auto$proc_rom.cc:155:do_switch$573$rdmux[0][3][1]$b$1752 [5] $memory$flatten\display.$auto$proc_rom.cc:155:do_switch$573$rdmux[0][3][1]$b$1752 [3] }
      New connections: { $memory$flatten\display.$auto$proc_rom.cc:155:do_switch$573$rdmux[0][3][1]$b$1752 [14:6] $memory$flatten\display.$auto$proc_rom.cc:155:do_switch$573$rdmux[0][3][1]$b$1752 [4] $memory$flatten\display.$auto$proc_rom.cc:155:do_switch$573$rdmux[0][3][1]$b$1752 [2:0] } = { 3'000 $memory$flatten\display.$auto$proc_rom.cc:155:do_switch$573$rdmux[0][3][1]$b$1752 [3] 1'1 $memory$flatten\display.$auto$proc_rom.cc:155:do_switch$573$rdmux[0][3][1]$b$1752 [5] $memory$flatten\display.$auto$proc_rom.cc:155:do_switch$573$rdmux[0][3][1]$b$1752 [5] 2'00 $memory$flatten\display.$auto$proc_rom.cc:155:do_switch$573$rdmux[0][3][1]$b$1752 [3] 3'000 }
    Consolidated identical input bits for $mux cell $memory$flatten\display.$auto$proc_rom.cc:155:do_switch$573$rdmux[0][4][2]$1777:
      Old ports: A=15'000010100000000, B=15'000011000000001, Y=$memory$flatten\display.$auto$proc_rom.cc:155:do_switch$573$rdmux[0][3][1]$a$1751
      New ports: A=2'10, B=2'01, Y={ $memory$flatten\display.$auto$proc_rom.cc:155:do_switch$573$rdmux[0][3][1]$a$1751 [8] $memory$flatten\display.$auto$proc_rom.cc:155:do_switch$573$rdmux[0][3][1]$a$1751 [0] }
      New connections: { $memory$flatten\display.$auto$proc_rom.cc:155:do_switch$573$rdmux[0][3][1]$a$1751 [14:9] $memory$flatten\display.$auto$proc_rom.cc:155:do_switch$573$rdmux[0][3][1]$a$1751 [7:1] } = { 5'00001 $memory$flatten\display.$auto$proc_rom.cc:155:do_switch$573$rdmux[0][3][1]$a$1751 [0] 7'0000000 }
    Consolidated identical input bits for $mux cell $memory$flatten\display.$auto$proc_rom.cc:155:do_switch$573$rdmux[0][4][1]$1774:
      Old ports: A=15'000001100110101, B=15'000010000010010, Y=$memory$flatten\display.$auto$proc_rom.cc:155:do_switch$573$rdmux[0][3][0]$b$1749
      New ports: A=2'01, B=2'10, Y=$memory$flatten\display.$auto$proc_rom.cc:155:do_switch$573$rdmux[0][3][0]$b$1749 [1:0]
      New connections: $memory$flatten\display.$auto$proc_rom.cc:155:do_switch$573$rdmux[0][3][0]$b$1749 [14:2] = { 4'0000 $memory$flatten\display.$auto$proc_rom.cc:155:do_switch$573$rdmux[0][3][0]$b$1749 [1:0] $memory$flatten\display.$auto$proc_rom.cc:155:do_switch$573$rdmux[0][3][0]$b$1749 [0] 2'00 $memory$flatten\display.$auto$proc_rom.cc:155:do_switch$573$rdmux[0][3][0]$b$1749 [0] 2'10 $memory$flatten\display.$auto$proc_rom.cc:155:do_switch$573$rdmux[0][3][0]$b$1749 [0] }
    Consolidated identical input bits for $mux cell $memory$flatten\display.$auto$proc_rom.cc:155:do_switch$573$rdmux[0][4][0]$1771:
      Old ports: A=15'000000000000000, B=15'000001000000111, Y=$memory$flatten\display.$auto$proc_rom.cc:155:do_switch$573$rdmux[0][3][0]$a$1748
      New ports: A=1'0, B=1'1, Y=$memory$flatten\display.$auto$proc_rom.cc:155:do_switch$573$rdmux[0][3][0]$a$1748 [0]
      New connections: $memory$flatten\display.$auto$proc_rom.cc:155:do_switch$573$rdmux[0][3][0]$a$1748 [14:1] = { 5'00000 $memory$flatten\display.$auto$proc_rom.cc:155:do_switch$573$rdmux[0][3][0]$a$1748 [0] 6'000000 $memory$flatten\display.$auto$proc_rom.cc:155:do_switch$573$rdmux[0][3][0]$a$1748 [0] $memory$flatten\display.$auto$proc_rom.cc:155:do_switch$573$rdmux[0][3][0]$a$1748 [0] }
    Consolidated identical input bits for $mux cell $memory$flatten\display.$auto$proc_rom.cc:155:do_switch$573$rdmux[0][4][10]$1801:
      Old ports: A=15'010001100000000, B=15'111010010100000, Y=$memory$flatten\display.$auto$proc_rom.cc:155:do_switch$573$rdmux[0][3][5]$a$1763
      New ports: A=2'10, B=2'01, Y={ $memory$flatten\display.$auto$proc_rom.cc:155:do_switch$573$rdmux[0][3][5]$a$1763 [8] $memory$flatten\display.$auto$proc_rom.cc:155:do_switch$573$rdmux[0][3][5]$a$1763 [5] }
      New connections: { $memory$flatten\display.$auto$proc_rom.cc:155:do_switch$573$rdmux[0][3][5]$a$1763 [14:9] $memory$flatten\display.$auto$proc_rom.cc:155:do_switch$573$rdmux[0][3][5]$a$1763 [7:6] $memory$flatten\display.$auto$proc_rom.cc:155:do_switch$573$rdmux[0][3][5]$a$1763 [4:0] } = { $memory$flatten\display.$auto$proc_rom.cc:155:do_switch$573$rdmux[0][3][5]$a$1763 [5] 1'1 $memory$flatten\display.$auto$proc_rom.cc:155:do_switch$573$rdmux[0][3][5]$a$1763 [5] 1'0 $memory$flatten\display.$auto$proc_rom.cc:155:do_switch$573$rdmux[0][3][5]$a$1763 [5] $memory$flatten\display.$auto$proc_rom.cc:155:do_switch$573$rdmux[0][3][5]$a$1763 [8] $memory$flatten\display.$auto$proc_rom.cc:155:do_switch$573$rdmux[0][3][5]$a$1763 [5] 6'000000 }
    Consolidated identical input bits for $mux cell $memory$flatten\display.$auto$proc_rom.cc:155:do_switch$573$rdmux[0][4][9]$1798:
      Old ports: A=15'010000000000000, B=15'010000100000000, Y=$memory$flatten\display.$auto$proc_rom.cc:155:do_switch$573$rdmux[0][3][4]$b$1761
      New ports: A=1'0, B=1'1, Y=$memory$flatten\display.$auto$proc_rom.cc:155:do_switch$573$rdmux[0][3][4]$b$1761 [8]
      New connections: { $memory$flatten\display.$auto$proc_rom.cc:155:do_switch$573$rdmux[0][3][4]$b$1761 [14:9] $memory$flatten\display.$auto$proc_rom.cc:155:do_switch$573$rdmux[0][3][4]$b$1761 [7:0] } = 14'01000000000000
    Consolidated identical input bits for $mux cell $memory$flatten\display.$auto$proc_rom.cc:155:do_switch$573$rdmux[0][4][8]$1795:
      Old ports: A=15'001110111001010, B=15'001111001110011, Y=$memory$flatten\display.$auto$proc_rom.cc:155:do_switch$573$rdmux[0][3][4]$a$1760
      New ports: A=2'10, B=2'01, Y={ $memory$flatten\display.$auto$proc_rom.cc:155:do_switch$573$rdmux[0][3][4]$a$1760 [3] $memory$flatten\display.$auto$proc_rom.cc:155:do_switch$573$rdmux[0][3][4]$a$1760 [0] }
      New connections: { $memory$flatten\display.$auto$proc_rom.cc:155:do_switch$573$rdmux[0][3][4]$a$1760 [14:4] $memory$flatten\display.$auto$proc_rom.cc:155:do_switch$573$rdmux[0][3][4]$a$1760 [2:1] } = { 5'00111 $memory$flatten\display.$auto$proc_rom.cc:155:do_switch$573$rdmux[0][3][4]$a$1760 [0] $memory$flatten\display.$auto$proc_rom.cc:155:do_switch$573$rdmux[0][3][4]$a$1760 [3] $memory$flatten\display.$auto$proc_rom.cc:155:do_switch$573$rdmux[0][3][4]$a$1760 [3] 1'1 $memory$flatten\display.$auto$proc_rom.cc:155:do_switch$573$rdmux[0][3][4]$a$1760 [0] $memory$flatten\display.$auto$proc_rom.cc:155:do_switch$573$rdmux[0][3][4]$a$1760 [0] 2'01 }
    New ctrl vector for $pmux cell $flatten\probe.\receiver.$procmux$704: { $flatten\probe.\receiver.$procmux$645_CMP $auto$opt_reduce.cc:137:opt_pmux$1820 }
    Consolidated identical input bits for $mux cell $flatten\probe.\receiver.$procmux$744:
      Old ports: A=2'10, B=2'00, Y=$flatten\probe.\receiver.$procmux$744_Y
      New ports: A=1'1, B=1'0, Y=$flatten\probe.\receiver.$procmux$744_Y [1]
      New connections: $flatten\probe.\receiver.$procmux$744_Y [0] = 1'0
    Consolidated identical input bits for $mux cell $flatten\probe.\transmitter.$procmux$582:
      Old ports: A={ 1'1 \probe.tx_data 1'0 }, B={ 1'1 \probe.transmitter.shift [9:1] }, Y=$flatten\probe.\transmitter.$procmux$582_Y
      New ports: A={ \probe.tx_data 1'0 }, B=\probe.transmitter.shift [9:1], Y=$flatten\probe.\transmitter.$procmux$582_Y [8:0]
      New connections: $flatten\probe.\transmitter.$procmux$582_Y [9] = 1'1
    Consolidated identical input bits for $mux cell $memory$flatten\display.$auto$proc_rom.cc:155:do_switch$573$rdmux[0][4][7]$1792:
      Old ports: A=15'001100100000110, B=15'001110001100000, Y=$memory$flatten\display.$auto$proc_rom.cc:155:do_switch$573$rdmux[0][3][3]$b$1758
      New ports: A=2'01, B=2'10, Y={ $memory$flatten\display.$auto$proc_rom.cc:155:do_switch$573$rdmux[0][3][3]$b$1758 [5] $memory$flatten\display.$auto$proc_rom.cc:155:do_switch$573$rdmux[0][3][3]$b$1758 [1] }
      New connections: { $memory$flatten\display.$auto$proc_rom.cc:155:do_switch$573$rdmux[0][3][3]$b$1758 [14:6] $memory$flatten\display.$auto$proc_rom.cc:155:do_switch$573$rdmux[0][3][3]$b$1758 [4:2] $memory$flatten\display.$auto$proc_rom.cc:155:do_switch$573$rdmux[0][3][3]$b$1758 [0] } = { 4'0011 $memory$flatten\display.$auto$proc_rom.cc:155:do_switch$573$rdmux[0][3][3]$b$1758 [5] 1'0 $memory$flatten\display.$auto$proc_rom.cc:155:do_switch$573$rdmux[0][3][3]$b$1758 [1] 1'0 $memory$flatten\display.$auto$proc_rom.cc:155:do_switch$573$rdmux[0][3][3]$b$1758 [5] 2'00 $memory$flatten\display.$auto$proc_rom.cc:155:do_switch$573$rdmux[0][3][3]$b$1758 [1] 1'0 }
    Consolidated identical input bits for $pmux cell $flatten\display.$procmux$1105:
      Old ports: A=16'0000000000000000, B={ 33'000000001010101000000001101010100 \display.config_word [14:0] 32'00000000010101010000000101010101 }, Y=\display.word
      New ports: A=15'000000000000000, B={ 30'000000010101010000000110101010 \display.config_word [14:0] 30'000000001010101000000101010101 }, Y=\display.word [14:0]
      New connections: \display.word [15] = 1'0
    Consolidated identical input bits for $mux cell $flatten\probe.$procmux$903:
      Old ports: A=2'00, B=2'10, Y=$auto$wreduce.cc:513:run$1411 [1:0]
      New ports: A=1'0, B=1'1, Y=$auto$wreduce.cc:513:run$1411 [1]
      New connections: $auto$wreduce.cc:513:run$1411 [0] = 1'0
    Consolidated identical input bits for $pmux cell $flatten\display.$procmux$1112:
      Old ports: A=16'0000000010000000, B=112'0000000000010000000000000000111100000000000110000000000000001100010000000000000000000010011100011000000000000000, Y=\display.length
      New ports: A=9'001000000, B=63'000010000000001111000011000000001100010000000000110001100000000, Y={ \display.length [15:14] \display.length [7] \display.length [5:0] }
      New connections: { \display.length [13:8] \display.length [6] } = { 4'0000 \display.length [5] 1'0 \display.length [5] }
  Optimizing cells in module \link_diag.
    Consolidated identical input bits for $mux cell $memory$flatten\display.$auto$proc_rom.cc:155:do_switch$573$rdmux[0][3][5]$1762:
      Old ports: A=$memory$flatten\display.$auto$proc_rom.cc:155:do_switch$573$rdmux[0][3][5]$a$1763, B=15'111010010100000, Y=$memory$flatten\display.$auto$proc_rom.cc:155:do_switch$573$rdmux[0][2][2]$b$1743
      New ports: A={ $memory$flatten\display.$auto$proc_rom.cc:155:do_switch$573$rdmux[0][3][5]$a$1763 [8] $memory$flatten\display.$auto$proc_rom.cc:155:do_switch$573$rdmux[0][3][5]$a$1763 [5] }, B=2'01, Y={ $memory$flatten\display.$auto$proc_rom.cc:155:do_switch$573$rdmux[0][2][2]$b$1743 [8] $memory$flatten\display.$auto$proc_rom.cc:155:do_switch$573$rdmux[0][2][2]$b$1743 [5] }
      New connections: { $memory$flatten\display.$auto$proc_rom.cc:155:do_switch$573$rdmux[0][2][2]$b$1743 [14:9] $memory$flatten\display.$auto$proc_rom.cc:155:do_switch$573$rdmux[0][2][2]$b$1743 [7:6] $memory$flatten\display.$auto$proc_rom.cc:155:do_switch$573$rdmux[0][2][2]$b$1743 [4:0] } = { $memory$flatten\display.$auto$proc_rom.cc:155:do_switch$573$rdmux[0][2][2]$b$1743 [5] 1'1 $memory$flatten\display.$auto$proc_rom.cc:155:do_switch$573$rdmux[0][2][2]$b$1743 [5] 1'0 $memory$flatten\display.$auto$proc_rom.cc:155:do_switch$573$rdmux[0][2][2]$b$1743 [5] $memory$flatten\display.$auto$proc_rom.cc:155:do_switch$573$rdmux[0][2][2]$b$1743 [8] $memory$flatten\display.$auto$proc_rom.cc:155:do_switch$573$rdmux[0][2][2]$b$1743 [5] 6'000000 }
    Consolidated identical input bits for $mux cell $memory$flatten\display.$auto$proc_rom.cc:155:do_switch$573$rdmux[0][3][4]$1759:
      Old ports: A=$memory$flatten\display.$auto$proc_rom.cc:155:do_switch$573$rdmux[0][3][4]$a$1760, B=$memory$flatten\display.$auto$proc_rom.cc:155:do_switch$573$rdmux[0][3][4]$b$1761, Y=$memory$flatten\display.$auto$proc_rom.cc:155:do_switch$573$rdmux[0][2][2]$a$1742
      New ports: A={ 1'0 $memory$flatten\display.$auto$proc_rom.cc:155:do_switch$573$rdmux[0][3][4]$a$1760 [3] $memory$flatten\display.$auto$proc_rom.cc:155:do_switch$573$rdmux[0][3][4]$a$1760 [3] 1'1 $memory$flatten\display.$auto$proc_rom.cc:155:do_switch$573$rdmux[0][3][4]$a$1760 [0] }, B={ 1'1 $memory$flatten\display.$auto$proc_rom.cc:155:do_switch$573$rdmux[0][3][4]$b$1761 [8] 3'000 }, Y={ $memory$flatten\display.$auto$proc_rom.cc:155:do_switch$573$rdmux[0][2][2]$a$1742 [13] $memory$flatten\display.$auto$proc_rom.cc:155:do_switch$573$rdmux[0][2][2]$a$1742 [8] $memory$flatten\display.$auto$proc_rom.cc:155:do_switch$573$rdmux[0][2][2]$a$1742 [3] $memory$flatten\display.$auto$proc_rom.cc:155:do_switch$573$rdmux[0][2][2]$a$1742 [1:0] }
      New connections: { $memory$flatten\display.$auto$proc_rom.cc:155:do_switch$573$rdmux[0][2][2]$a$1742 [14] $memory$flatten\display.$auto$proc_rom.cc:155:do_switch$573$rdmux[0][2][2]$a$1742 [12:9] $memory$flatten\display.$auto$proc_rom.cc:155:do_switch$573$rdmux[0][2][2]$a$1742 [7:4] $memory$flatten\display.$auto$proc_rom.cc:155:do_switch$573$rdmux[0][2][2]$a$1742 [2] } = { 1'0 $memory$flatten\display.$auto$proc_rom.cc:155:do_switch$573$rdmux[0][2][2]$a$1742 [1] $memory$flatten\display.$auto$proc_rom.cc:155:do_switch$573$rdmux[0][2][2]$a$1742 [1] $memory$flatten\display.$auto$proc_rom.cc:155:do_switch$573$rdmux[0][2][2]$a$1742 [1:0] $memory$flatten\display.$auto$proc_rom.cc:155:do_switch$573$rdmux[0][2][2]$a$1742 [3] $memory$flatten\display.$auto$proc_rom.cc:155:do_switch$573$rdmux[0][2][2]$a$1742 [1:0] $memory$flatten\display.$auto$proc_rom.cc:155:do_switch$573$rdmux[0][2][2]$a$1742 [0] 1'0 }
    Consolidated identical input bits for $mux cell $memory$flatten\display.$auto$proc_rom.cc:155:do_switch$573$rdmux[0][3][3]$1756:
      Old ports: A=$memory$flatten\display.$auto$proc_rom.cc:155:do_switch$573$rdmux[0][3][3]$a$1757, B=$memory$flatten\display.$auto$proc_rom.cc:155:do_switch$573$rdmux[0][3][3]$b$1758, Y=$memory$flatten\display.$auto$proc_rom.cc:155:do_switch$573$rdmux[0][2][1]$b$1740
      New ports: A={ $memory$flatten\display.$auto$proc_rom.cc:155:do_switch$573$rdmux[0][3][3]$a$1757 [11] 1'0 $memory$flatten\display.$auto$proc_rom.cc:155:do_switch$573$rdmux[0][3][3]$a$1757 [0] $memory$flatten\display.$auto$proc_rom.cc:155:do_switch$573$rdmux[0][3][3]$a$1757 [0] $memory$flatten\display.$auto$proc_rom.cc:155:do_switch$573$rdmux[0][3][3]$a$1757 [0] }, B={ 1'1 $memory$flatten\display.$auto$proc_rom.cc:155:do_switch$573$rdmux[0][3][3]$b$1758 [5] $memory$flatten\display.$auto$proc_rom.cc:155:do_switch$573$rdmux[0][3][3]$b$1758 [5] $memory$flatten\display.$auto$proc_rom.cc:155:do_switch$573$rdmux[0][3][3]$b$1758 [1] 1'0 }, Y={ $memory$flatten\display.$auto$proc_rom.cc:155:do_switch$573$rdmux[0][2][1]$b$1740 [11] $memory$flatten\display.$auto$proc_rom.cc:155:do_switch$573$rdmux[0][2][1]$b$1740 [6:5] $memory$flatten\display.$auto$proc_rom.cc:155:do_switch$573$rdmux[0][2][1]$b$1740 [1:0] }
      New connections: { $memory$flatten\display.$auto$proc_rom.cc:155:do_switch$573$rdmux[0][2][1]$b$1740 [14:12] $memory$flatten\display.$auto$proc_rom.cc:155:do_switch$573$rdmux[0][2][1]$b$1740 [10:7] $memory$flatten\display.$auto$proc_rom.cc:155:do_switch$573$rdmux[0][2][1]$b$1740 [4:2] } = { 3'001 $memory$flatten\display.$auto$proc_rom.cc:155:do_switch$573$rdmux[0][2][1]$b$1740 [6] 1'0 $memory$flatten\display.$auto$proc_rom.cc:155:do_switch$573$rdmux[0][2][1]$b$1740 [1] 3'000 $memory$flatten\display.$auto$proc_rom.cc:155:do_switch$573$rdmux[0][2][1]$b$1740 [1] }
    Consolidated identical input bits for $mux cell $memory$flatten\display.$auto$proc_rom.cc:155:do_switch$573$rdmux[0][3][2]$1753:
      Old ports: A=$memory$flatten\display.$auto$proc_rom.cc:155:do_switch$573$rdmux[0][3][2]$a$1754, B=$memory$flatten\display.$auto$proc_rom.cc:155:do_switch$573$rdmux[0][3][2]$b$1755, Y=$memory$flatten\display.$auto$proc_rom.cc:155:do_switch$573$rdmux[0][2][1]$a$1739
      New ports: A={ 1'1 $memory$flatten\display.$auto$proc_rom.cc:155:do_switch$573$rdmux[0][3][2]$a$1754 [1] 1'0 $memory$flatten\display.$auto$proc_rom.cc:155:do_switch$573$rdmux[0][3][2]$a$1754 [1:0] }, B={ $memory$flatten\display.$auto$proc_rom.cc:155:do_switch$573$rdmux[0][3][2]$b$1755 [0] $memory$flatten\display.$auto$proc_rom.cc:155:do_switch$573$rdmux[0][3][2]$b$1755 [0] $memory$flatten\display.$auto$proc_rom.cc:155:do_switch$573$rdmux[0][3][2]$b$1755 [6] 1'0 $memory$flatten\display.$auto$proc_rom.cc:155:do_switch$573$rdmux[0][3][2]$b$1755 [0] }, Y={ $memory$flatten\display.$auto$proc_rom.cc:155:do_switch$573$rdmux[0][2][1]$a$1739 [10:9] $memory$flatten\display.$auto$proc_rom.cc:155:do_switch$573$rdmux[0][2][1]$a$1739 [6] $memory$flatten\display.$auto$proc_rom.cc:155:do_switch$573$rdmux[0][2][1]$a$1739 [1:0] }
      New connections: { $memory$flatten\display.$auto$proc_rom.cc:155:do_switch$573$rdmux[0][2][1]$a$1739 [14:11] $memory$flatten\display.$auto$proc_rom.cc:155:do_switch$573$rdmux[0][2][1]$a$1739 [8:7] $memory$flatten\display.$auto$proc_rom.cc:155:do_switch$573$rdmux[0][2][1]$a$1739 [5:2] } = { 2'00 $memory$flatten\display.$auto$proc_rom.cc:155:do_switch$573$rdmux[0][2][1]$a$1739 [6] $memory$flatten\display.$auto$proc_rom.cc:155:do_switch$573$rdmux[0][2][1]$a$1739 [10] $memory$flatten\display.$auto$proc_rom.cc:155:do_switch$573$rdmux[0][2][1]$a$1739 [0] $memory$flatten\display.$auto$proc_rom.cc:155:do_switch$573$rdmux[0][2][1]$a$1739 [1] 3'000 $memory$flatten\display.$auto$proc_rom.cc:155:do_switch$573$rdmux[0][2][1]$a$1739 [1] }
    Consolidated identical input bits for $mux cell $memory$flatten\display.$auto$proc_rom.cc:155:do_switch$573$rdmux[0][3][1]$1750:
      Old ports: A=$memory$flatten\display.$auto$proc_rom.cc:155:do_switch$573$rdmux[0][3][1]$a$1751, B=$memory$flatten\display.$auto$proc_rom.cc:155:do_switch$573$rdmux[0][3][1]$b$1752, Y=$memory$flatten\display.$auto$proc_rom.cc:155:do_switch$573$rdmux[0][2][0]$b$1737
      New ports: A={ $memory$flatten\display.$auto$proc_rom.cc:155:do_switch$573$rdmux[0][3][1]$a$1751 [0] $memory$flatten\display.$auto$proc_rom.cc:155:do_switch$573$rdmux[0][3][1]$a$1751 [8] 2'00 $memory$flatten\display.$auto$proc_rom.cc:155:do_switch$573$rdmux[0][3][1]$a$1751 [0] }, B={ $memory$flatten\display.$auto$proc_rom.cc:155:do_switch$573$rdmux[0][3][1]$b$1752 [5] $memory$flatten\display.$auto$proc_rom.cc:155:do_switch$573$rdmux[0][3][1]$b$1752 [5] $memory$flatten\display.$auto$proc_rom.cc:155:do_switch$573$rdmux[0][3][1]$b$1752 [5] $memory$flatten\display.$auto$proc_rom.cc:155:do_switch$573$rdmux[0][3][1]$b$1752 [3] 1'0 }, Y={ $memory$flatten\display.$auto$proc_rom.cc:155:do_switch$573$rdmux[0][2][0]$b$1737 [9:8] $memory$flatten\display.$auto$proc_rom.cc:155:do_switch$573$rdmux[0][2][0]$b$1737 [5] $memory$flatten\display.$auto$proc_rom.cc:155:do_switch$573$rdmux[0][2][0]$b$1737 [3] $memory$flatten\display.$auto$proc_rom.cc:155:do_switch$573$rdmux[0][2][0]$b$1737 [0] }
      New connections: { $memory$flatten\display.$auto$proc_rom.cc:155:do_switch$573$rdmux[0][2][0]$b$1737 [14:10] $memory$flatten\display.$auto$proc_rom.cc:155:do_switch$573$rdmux[0][2][0]$b$1737 [7:6] $memory$flatten\display.$auto$proc_rom.cc:155:do_switch$573$rdmux[0][2][0]$b$1737 [4] $memory$flatten\display.$auto$proc_rom.cc:155:do_switch$573$rdmux[0][2][0]$b$1737 [2:1] } = { 3'000 $memory$flatten\display.$auto$proc_rom.cc:155:do_switch$573$rdmux[0][2][0]$b$1737 [3] 3'100 $memory$flatten\display.$auto$proc_rom.cc:155:do_switch$573$rdmux[0][2][0]$b$1737 [3] 2'00 }
    Consolidated identical input bits for $mux cell $memory$flatten\display.$auto$proc_rom.cc:155:do_switch$573$rdmux[0][3][0]$1747:
      Old ports: A=$memory$flatten\display.$auto$proc_rom.cc:155:do_switch$573$rdmux[0][3][0]$a$1748, B=$memory$flatten\display.$auto$proc_rom.cc:155:do_switch$573$rdmux[0][3][0]$b$1749, Y=$memory$flatten\display.$auto$proc_rom.cc:155:do_switch$573$rdmux[0][2][0]$a$1736
      New ports: A={ 3'000 $memory$flatten\display.$auto$proc_rom.cc:155:do_switch$573$rdmux[0][3][0]$a$1748 [0] $memory$flatten\display.$auto$proc_rom.cc:155:do_switch$573$rdmux[0][3][0]$a$1748 [0] }, B={ $memory$flatten\display.$auto$proc_rom.cc:155:do_switch$573$rdmux[0][3][0]$b$1749 [1:0] 1'1 $memory$flatten\display.$auto$proc_rom.cc:155:do_switch$573$rdmux[0][3][0]$b$1749 [1:0] }, Y={ $memory$flatten\display.$auto$proc_rom.cc:155:do_switch$573$rdmux[0][2][0]$a$1736 [10] $memory$flatten\display.$auto$proc_rom.cc:155:do_switch$573$rdmux[0][2][0]$a$1736 [5:4] $memory$flatten\display.$auto$proc_rom.cc:155:do_switch$573$rdmux[0][2][0]$a$1736 [1:0] }
      New connections: { $memory$flatten\display.$auto$proc_rom.cc:155:do_switch$573$rdmux[0][2][0]$a$1736 [14:11] $memory$flatten\display.$auto$proc_rom.cc:155:do_switch$573$rdmux[0][2][0]$a$1736 [9:6] $memory$flatten\display.$auto$proc_rom.cc:155:do_switch$573$rdmux[0][2][0]$a$1736 [3:2] } = { 4'0000 $memory$flatten\display.$auto$proc_rom.cc:155:do_switch$573$rdmux[0][2][0]$a$1736 [0] $memory$flatten\display.$auto$proc_rom.cc:155:do_switch$573$rdmux[0][2][0]$a$1736 [5] 3'000 $memory$flatten\display.$auto$proc_rom.cc:155:do_switch$573$rdmux[0][2][0]$a$1736 [0] }
    Consolidated identical input bits for $mux cell $flatten\probe.$procmux$905:
      Old ports: A=3'100, B={ 1'0 $auto$wreduce.cc:513:run$1411 [1:0] }, Y=$flatten\probe.$procmux$905_Y
      New ports: A=2'10, B={ 1'0 $auto$wreduce.cc:513:run$1411 [1] }, Y=$flatten\probe.$procmux$905_Y [2:1]
      New connections: $flatten\probe.$procmux$905_Y [0] = 1'0
  Optimizing cells in module \link_diag.
    Consolidated identical input bits for $mux cell $memory$flatten\display.$auto$proc_rom.cc:155:do_switch$573$rdmux[0][2][2]$1741:
      Old ports: A=$memory$flatten\display.$auto$proc_rom.cc:155:do_switch$573$rdmux[0][2][2]$a$1742, B=$memory$flatten\display.$auto$proc_rom.cc:155:do_switch$573$rdmux[0][2][2]$b$1743, Y=$memory$flatten\display.$auto$proc_rom.cc:155:do_switch$573$rdmux[0][1][1]$a$1733
      New ports: A={ 1'0 $memory$flatten\display.$auto$proc_rom.cc:155:do_switch$573$rdmux[0][2][2]$a$1742 [13] $memory$flatten\display.$auto$proc_rom.cc:155:do_switch$573$rdmux[0][2][2]$a$1742 [1:0] $memory$flatten\display.$auto$proc_rom.cc:155:do_switch$573$rdmux[0][2][2]$a$1742 [8] $memory$flatten\display.$auto$proc_rom.cc:155:do_switch$573$rdmux[0][2][2]$a$1742 [3] $memory$flatten\display.$auto$proc_rom.cc:155:do_switch$573$rdmux[0][2][2]$a$1742 [0] $memory$flatten\display.$auto$proc_rom.cc:155:do_switch$573$rdmux[0][2][2]$a$1742 [3] $memory$flatten\display.$auto$proc_rom.cc:155:do_switch$573$rdmux[0][2][2]$a$1742 [1:0] }, B={ $memory$flatten\display.$auto$proc_rom.cc:155:do_switch$573$rdmux[0][2][2]$b$1743 [5] 1'1 $memory$flatten\display.$auto$proc_rom.cc:155:do_switch$573$rdmux[0][2][2]$b$1743 [5] $memory$flatten\display.$auto$proc_rom.cc:155:do_switch$573$rdmux[0][2][2]$b$1743 [8] $memory$flatten\display.$auto$proc_rom.cc:155:do_switch$573$rdmux[0][2][2]$b$1743 [8] $memory$flatten\display.$auto$proc_rom.cc:155:do_switch$573$rdmux[0][2][2]$b$1743 [5] $memory$flatten\display.$auto$proc_rom.cc:155:do_switch$573$rdmux[0][2][2]$b$1743 [5] 3'000 }, Y={ $memory$flatten\display.$auto$proc_rom.cc:155:do_switch$573$rdmux[0][1][1]$a$1733 [14:13] $memory$flatten\display.$auto$proc_rom.cc:155:do_switch$573$rdmux[0][1][1]$a$1733 [10:7] $memory$flatten\display.$auto$proc_rom.cc:155:do_switch$573$rdmux[0][1][1]$a$1733 [5] $memory$flatten\display.$auto$proc_rom.cc:155:do_switch$573$rdmux[0][1][1]$a$1733 [3] $memory$flatten\display.$auto$proc_rom.cc:155:do_switch$573$rdmux[0][1][1]$a$1733 [1:0] }
      New connections: { $memory$flatten\display.$auto$proc_rom.cc:155:do_switch$573$rdmux[0][1][1]$a$1733 [12:11] $memory$flatten\display.$auto$proc_rom.cc:155:do_switch$573$rdmux[0][1][1]$a$1733 [6] $memory$flatten\display.$auto$proc_rom.cc:155:do_switch$573$rdmux[0][1][1]$a$1733 [4] $memory$flatten\display.$auto$proc_rom.cc:155:do_switch$573$rdmux[0][1][1]$a$1733 [2] } = { $memory$flatten\display.$auto$proc_rom.cc:155:do_switch$573$rdmux[0][1][1]$a$1733 [10] $memory$flatten\display.$auto$proc_rom.cc:155:do_switch$573$rdmux[0][1][1]$a$1733 [1] $memory$flatten\display.$auto$proc_rom.cc:155:do_switch$573$rdmux[0][1][1]$a$1733 [1:0] 1'0 }
    Consolidated identical input bits for $mux cell $memory$flatten\display.$auto$proc_rom.cc:155:do_switch$573$rdmux[0][2][1]$1738:
      Old ports: A=$memory$flatten\display.$auto$proc_rom.cc:155:do_switch$573$rdmux[0][2][1]$a$1739, B=$memory$flatten\display.$auto$proc_rom.cc:155:do_switch$573$rdmux[0][2][1]$b$1740, Y=$memory$flatten\display.$auto$proc_rom.cc:155:do_switch$573$rdmux[0][1][0]$b$1731
      New ports: A={ $memory$flatten\display.$auto$proc_rom.cc:155:do_switch$573$rdmux[0][2][1]$a$1739 [6] $memory$flatten\display.$auto$proc_rom.cc:155:do_switch$573$rdmux[0][2][1]$a$1739 [10] $memory$flatten\display.$auto$proc_rom.cc:155:do_switch$573$rdmux[0][2][1]$a$1739 [10:9] $memory$flatten\display.$auto$proc_rom.cc:155:do_switch$573$rdmux[0][2][1]$a$1739 [0] $memory$flatten\display.$auto$proc_rom.cc:155:do_switch$573$rdmux[0][2][1]$a$1739 [1] $memory$flatten\display.$auto$proc_rom.cc:155:do_switch$573$rdmux[0][2][1]$a$1739 [6] 1'0 $memory$flatten\display.$auto$proc_rom.cc:155:do_switch$573$rdmux[0][2][1]$a$1739 [1:0] }, B={ 1'1 $memory$flatten\display.$auto$proc_rom.cc:155:do_switch$573$rdmux[0][2][1]$b$1740 [11] $memory$flatten\display.$auto$proc_rom.cc:155:do_switch$573$rdmux[0][2][1]$b$1740 [6] 1'0 $memory$flatten\display.$auto$proc_rom.cc:155:do_switch$573$rdmux[0][2][1]$b$1740 [1] 1'0 $memory$flatten\display.$auto$proc_rom.cc:155:do_switch$573$rdmux[0][2][1]$b$1740 [6:5] $memory$flatten\display.$auto$proc_rom.cc:155:do_switch$573$rdmux[0][2][1]$b$1740 [1:0] }, Y={ $memory$flatten\display.$auto$proc_rom.cc:155:do_switch$573$rdmux[0][1][0]$b$1731 [12:5] $memory$flatten\display.$auto$proc_rom.cc:155:do_switch$573$rdmux[0][1][0]$b$1731 [1:0] }
      New connections: { $memory$flatten\display.$auto$proc_rom.cc:155:do_switch$573$rdmux[0][1][0]$b$1731 [14:13] $memory$flatten\display.$auto$proc_rom.cc:155:do_switch$573$rdmux[0][1][0]$b$1731 [4:2] } = { 4'0000 $memory$flatten\display.$auto$proc_rom.cc:155:do_switch$573$rdmux[0][1][0]$b$1731 [1] }
    Consolidated identical input bits for $mux cell $memory$flatten\display.$auto$proc_rom.cc:155:do_switch$573$rdmux[0][2][0]$1735:
      Old ports: A=$memory$flatten\display.$auto$proc_rom.cc:155:do_switch$573$rdmux[0][2][0]$a$1736, B=$memory$flatten\display.$auto$proc_rom.cc:155:do_switch$573$rdmux[0][2][0]$b$1737, Y=$memory$flatten\display.$auto$proc_rom.cc:155:do_switch$573$rdmux[0][1][0]$a$1730
      New ports: A={ $memory$flatten\display.$auto$proc_rom.cc:155:do_switch$573$rdmux[0][2][0]$a$1736 [10] $memory$flatten\display.$auto$proc_rom.cc:155:do_switch$573$rdmux[0][2][0]$a$1736 [0] $memory$flatten\display.$auto$proc_rom.cc:155:do_switch$573$rdmux[0][2][0]$a$1736 [5] $memory$flatten\display.$auto$proc_rom.cc:155:do_switch$573$rdmux[0][2][0]$a$1736 [5:4] 1'0 $memory$flatten\display.$auto$proc_rom.cc:155:do_switch$573$rdmux[0][2][0]$a$1736 [0] $memory$flatten\display.$auto$proc_rom.cc:155:do_switch$573$rdmux[0][2][0]$a$1736 [1:0] }, B={ 1'1 $memory$flatten\display.$auto$proc_rom.cc:155:do_switch$573$rdmux[0][2][0]$b$1737 [9:8] $memory$flatten\display.$auto$proc_rom.cc:155:do_switch$573$rdmux[0][2][0]$b$1737 [5] $memory$flatten\display.$auto$proc_rom.cc:155:do_switch$573$rdmux[0][2][0]$b$1737 [3] $memory$flatten\display.$auto$proc_rom.cc:155:do_switch$573$rdmux[0][2][0]$b$1737 [3] 2'00 $memory$flatten\display.$auto$proc_rom.cc:155:do_switch$573$rdmux[0][2][0]$b$1737 [0] }, Y={ $memory$flatten\display.$auto$proc_rom.cc:155:do_switch$573$rdmux[0][1][0]$a$1730 [10:8] $memory$flatten\display.$auto$proc_rom.cc:155:do_switch$573$rdmux[0][1][0]$a$1730 [5:0] }
      New connections: { $memory$flatten\display.$auto$proc_rom.cc:155:do_switch$573$rdmux[0][1][0]$a$1730 [14:11] $memory$flatten\display.$auto$proc_rom.cc:155:do_switch$573$rdmux[0][1][0]$a$1730 [7:6] } = { 3'000 $memory$flatten\display.$auto$proc_rom.cc:155:do_switch$573$rdmux[0][1][0]$a$1730 [3] 2'00 }
  Optimizing cells in module \link_diag.
    Consolidated identical input bits for $mux cell $memory$flatten\display.$auto$proc_rom.cc:155:do_switch$573$rdmux[0][1][1]$1732:
      Old ports: A=$memory$flatten\display.$auto$proc_rom.cc:155:do_switch$573$rdmux[0][1][1]$a$1733, B=15'111010010100000, Y=$memory$flatten\display.$auto$proc_rom.cc:155:do_switch$573$rdmux[0][0][0]$b$1728
      New ports: A={ $memory$flatten\display.$auto$proc_rom.cc:155:do_switch$573$rdmux[0][1][1]$a$1733 [14:13] $memory$flatten\display.$auto$proc_rom.cc:155:do_switch$573$rdmux[0][1][1]$a$1733 [10:7] $memory$flatten\display.$auto$proc_rom.cc:155:do_switch$573$rdmux[0][1][1]$a$1733 [5] $memory$flatten\display.$auto$proc_rom.cc:155:do_switch$573$rdmux[0][1][1]$a$1733 [3] $memory$flatten\display.$auto$proc_rom.cc:155:do_switch$573$rdmux[0][1][1]$a$1733 [1:0] }, B=10'1110011000, Y={ $memory$flatten\display.$auto$proc_rom.cc:155:do_switch$573$rdmux[0][0][0]$b$1728 [14:13] $memory$flatten\display.$auto$proc_rom.cc:155:do_switch$573$rdmux[0][0][0]$b$1728 [10:7] $memory$flatten\display.$auto$proc_rom.cc:155:do_switch$573$rdmux[0][0][0]$b$1728 [5] $memory$flatten\display.$auto$proc_rom.cc:155:do_switch$573$rdmux[0][0][0]$b$1728 [3] $memory$flatten\display.$auto$proc_rom.cc:155:do_switch$573$rdmux[0][0][0]$b$1728 [1:0] }
      New connections: { $memory$flatten\display.$auto$proc_rom.cc:155:do_switch$573$rdmux[0][0][0]$b$1728 [12:11] $memory$flatten\display.$auto$proc_rom.cc:155:do_switch$573$rdmux[0][0][0]$b$1728 [6] $memory$flatten\display.$auto$proc_rom.cc:155:do_switch$573$rdmux[0][0][0]$b$1728 [4] $memory$flatten\display.$auto$proc_rom.cc:155:do_switch$573$rdmux[0][0][0]$b$1728 [2] } = { $memory$flatten\display.$auto$proc_rom.cc:155:do_switch$573$rdmux[0][0][0]$b$1728 [10] $memory$flatten\display.$auto$proc_rom.cc:155:do_switch$573$rdmux[0][0][0]$b$1728 [1] $memory$flatten\display.$auto$proc_rom.cc:155:do_switch$573$rdmux[0][0][0]$b$1728 [1:0] 1'0 }
    Consolidated identical input bits for $mux cell $memory$flatten\display.$auto$proc_rom.cc:155:do_switch$573$rdmux[0][1][0]$1729:
      Old ports: A=$memory$flatten\display.$auto$proc_rom.cc:155:do_switch$573$rdmux[0][1][0]$a$1730, B=$memory$flatten\display.$auto$proc_rom.cc:155:do_switch$573$rdmux[0][1][0]$b$1731, Y=$memory$flatten\display.$auto$proc_rom.cc:155:do_switch$573$rdmux[0][0][0]$a$1727
      New ports: A={ 1'0 $memory$flatten\display.$auto$proc_rom.cc:155:do_switch$573$rdmux[0][1][0]$a$1730 [3] $memory$flatten\display.$auto$proc_rom.cc:155:do_switch$573$rdmux[0][1][0]$a$1730 [10:8] 2'00 $memory$flatten\display.$auto$proc_rom.cc:155:do_switch$573$rdmux[0][1][0]$a$1730 [5:0] }, B={ $memory$flatten\display.$auto$proc_rom.cc:155:do_switch$573$rdmux[0][1][0]$b$1731 [12:5] 2'00 $memory$flatten\display.$auto$proc_rom.cc:155:do_switch$573$rdmux[0][1][0]$b$1731 [1] $memory$flatten\display.$auto$proc_rom.cc:155:do_switch$573$rdmux[0][1][0]$b$1731 [1:0] }, Y=$memory$flatten\display.$auto$proc_rom.cc:155:do_switch$573$rdmux[0][0][0]$a$1727 [12:0]
      New connections: $memory$flatten\display.$auto$proc_rom.cc:155:do_switch$573$rdmux[0][0][0]$a$1727 [14:13] = 2'00
  Optimizing cells in module \link_diag.
Performed a total of 29 changes.

3.30.5. Executing OPT_MERGE pass (detect identical cells).
Finding identical cells in module `\link_diag'.
Computing hashes of 316 cells of `\link_diag'.
Finding duplicate cells in `\link_diag'.
Computing hashes of 308 cells of `\link_diag'.
Finding duplicate cells in `\link_diag'.
<suppressed ~24 debug messages>
Removed a total of 8 cells.

3.30.6. Executing OPT_DFF pass (perform DFF optimizations).
Setting constant 1-bit at position 9 on $auto$ff.cc:337:slice$1300 ($sdffe) from module link_diag.

3.30.7. Executing OPT_CLEAN pass (remove unused cells and wires).
Finding unused cells or wires in module \link_diag..
Removed 0 unused cells and 48 unused wires.
<suppressed ~1 debug messages>

3.30.8. Executing OPT_EXPR pass (perform const folding).
Optimizing module link_diag.

3.30.9. Rerunning OPT passes. (Maybe there is more to do..)

3.30.10. Executing OPT_MUXTREE pass (detect dead branches in mux trees).
Running muxtree optimizer on module \link_diag..
  Creating internal representation of mux trees.
  Evaluating internal representation of mux trees.
  Analyzing evaluation results.
Removed 0 multiplexer ports.
<suppressed ~102 debug messages>

3.30.11. Executing OPT_REDUCE pass (consolidate $*mux and $reduce_* inputs).
  Optimizing cells in module \link_diag.
    Consolidated identical input bits for $mux cell $memory$flatten\display.$auto$proc_rom.cc:155:do_switch$573$rdmux[0][3][3]$1756:
      Old ports: A={ $memory$flatten\display.$auto$proc_rom.cc:155:do_switch$573$rdmux[0][3][0]$b$1749 [1] 1'0 $memory$flatten\display.$auto$proc_rom.cc:155:do_switch$573$rdmux[0][3][0]$b$1749 [0] $memory$flatten\display.$auto$proc_rom.cc:155:do_switch$573$rdmux[0][3][0]$b$1749 [0] $memory$flatten\display.$auto$proc_rom.cc:155:do_switch$573$rdmux[0][3][0]$b$1749 [0] }, B={ 1'1 $memory$flatten\display.$auto$proc_rom.cc:155:do_switch$573$rdmux[0][3][0]$b$1749 [1] $memory$flatten\display.$auto$proc_rom.cc:155:do_switch$573$rdmux[0][3][0]$b$1749 [1:0] 1'0 }, Y={ $memory$flatten\display.$auto$proc_rom.cc:155:do_switch$573$rdmux[0][2][1]$b$1740 [11] $memory$flatten\display.$auto$proc_rom.cc:155:do_switch$573$rdmux[0][2][1]$b$1740 [6:5] $memory$flatten\display.$auto$proc_rom.cc:155:do_switch$573$rdmux[0][2][1]$b$1740 [1:0] }
      New ports: A={ $memory$flatten\display.$auto$proc_rom.cc:155:do_switch$573$rdmux[0][3][0]$b$1749 [1] 1'0 $memory$flatten\display.$auto$proc_rom.cc:155:do_switch$573$rdmux[0][3][0]$b$1749 [0] $memory$flatten\display.$auto$proc_rom.cc:155:do_switch$573$rdmux[0][3][0]$b$1749 [0] }, B={ 1'1 $memory$flatten\display.$auto$proc_rom.cc:155:do_switch$573$rdmux[0][3][0]$b$1749 [1] $memory$flatten\display.$auto$proc_rom.cc:155:do_switch$573$rdmux[0][3][0]$b$1749 [1] 1'0 }, Y={ $memory$flatten\display.$auto$proc_rom.cc:155:do_switch$573$rdmux[0][2][1]$b$1740 [11] $memory$flatten\display.$auto$proc_rom.cc:155:do_switch$573$rdmux[0][2][1]$b$1740 [6:5] $memory$flatten\display.$auto$proc_rom.cc:155:do_switch$573$rdmux[0][2][1]$b$1740 [0] }
      New connections: $memory$flatten\display.$auto$proc_rom.cc:155:do_switch$573$rdmux[0][2][1]$b$1740 [1] = $memory$flatten\display.$auto$proc_rom.cc:155:do_switch$573$rdmux[0][3][0]$b$1749 [0]
    Consolidated identical input bits for $mux cell $memory$flatten\display.$auto$proc_rom.cc:155:do_switch$573$rdmux[0][3][2]$1753:
      Old ports: A={ 1'1 $memory$flatten\display.$auto$proc_rom.cc:155:do_switch$573$rdmux[0][3][0]$b$1749 [1] 1'0 $memory$flatten\display.$auto$proc_rom.cc:155:do_switch$573$rdmux[0][3][0]$b$1749 [1:0] }, B={ $memory$flatten\display.$auto$proc_rom.cc:155:do_switch$573$rdmux[0][3][0]$b$1749 [0] $memory$flatten\display.$auto$proc_rom.cc:155:do_switch$573$rdmux[0][3][0]$b$1749 [0] $memory$flatten\display.$auto$proc_rom.cc:155:do_switch$573$rdmux[0][3][0]$b$1749 [1] 1'0 $memory$flatten\display.$auto$proc_rom.cc:155:do_switch$573$rdmux[0][3][0]$b$1749 [0] }, Y={ $memory$flatten\display.$auto$proc_rom.cc:155:do_switch$573$rdmux[0][2][1]$a$1739 [10:9] $memory$flatten\display.$auto$proc_rom.cc:155:do_switch$573$rdmux[0][2][1]$a$1739 [6] $memory$flatten\display.$auto$proc_rom.cc:155:do_switch$573$rdmux[0][2][1]$a$1739 [1:0] }
      New ports: A={ 1'1 $memory$flatten\display.$auto$proc_rom.cc:155:do_switch$573$rdmux[0][3][0]$b$1749 [1] 1'0 $memory$flatten\display.$auto$proc_rom.cc:155:do_switch$573$rdmux[0][3][0]$b$1749 [1] }, B={ $memory$flatten\display.$auto$proc_rom.cc:155:do_switch$573$rdmux[0][3][0]$b$1749 [0] $memory$flatten\display.$auto$proc_rom.cc:155:do_switch$573$rdmux[0][3][0]$b$1749 [0] $memory$flatten\display.$auto$proc_rom.cc:155:do_switch$573$rdmux[0][3][0]$b$1749 [1] 1'0 }, Y={ $memory$flatten\display.$auto$proc_rom.cc:155:do_switch$573$rdmux[0][2][1]$a$1739 [10:9] $memory$flatten\display.$auto$proc_rom.cc:155:do_switch$573$rdmux[0][2][1]$a$1739 [6] $memory$flatten\display.$auto$proc_rom.cc:155:do_switch$573$rdmux[0][2][1]$a$1739 [1] }
      New connections: $memory$flatten\display.$auto$proc_rom.cc:155:do_switch$573$rdmux[0][2][1]$a$1739 [0] = $memory$flatten\display.$auto$proc_rom.cc:155:do_switch$573$rdmux[0][3][0]$b$1749 [0]
    Consolidated identical input bits for $mux cell $memory$flatten\display.$auto$proc_rom.cc:155:do_switch$573$rdmux[0][3][1]$1750:
      Old ports: A={ $memory$flatten\display.$auto$proc_rom.cc:155:do_switch$573$rdmux[0][3][1]$a$1751 [0] $memory$flatten\display.$auto$proc_rom.cc:155:do_switch$573$rdmux[0][3][1]$a$1751 [8] 2'00 $memory$flatten\display.$auto$proc_rom.cc:155:do_switch$573$rdmux[0][3][1]$a$1751 [0] }, B={ $memory$flatten\display.$auto$proc_rom.cc:155:do_switch$573$rdmux[0][3][1]$a$1751 [8] $memory$flatten\display.$auto$proc_rom.cc:155:do_switch$573$rdmux[0][3][1]$a$1751 [8] $memory$flatten\display.$auto$proc_rom.cc:155:do_switch$573$rdmux[0][3][1]$a$1751 [8] $memory$flatten\display.$auto$proc_rom.cc:155:do_switch$573$rdmux[0][3][1]$a$1751 [0] 1'0 }, Y={ $memory$flatten\display.$auto$proc_rom.cc:155:do_switch$573$rdmux[0][2][0]$b$1737 [9:8] $memory$flatten\display.$auto$proc_rom.cc:155:do_switch$573$rdmux[0][2][0]$b$1737 [5] $memory$flatten\display.$auto$proc_rom.cc:155:do_switch$573$rdmux[0][2][0]$b$1737 [3] $memory$flatten\display.$auto$proc_rom.cc:155:do_switch$573$rdmux[0][2][0]$b$1737 [0] }
      New ports: A={ $memory$flatten\display.$auto$proc_rom.cc:155:do_switch$573$rdmux[0][3][1]$a$1751 [0] 2'00 $memory$flatten\display.$auto$proc_rom.cc:155:do_switch$573$rdmux[0][3][1]$a$1751 [0] }, B={ $memory$flatten\display.$auto$proc_rom.cc:155:do_switch$573$rdmux[0][3][1]$a$1751 [8] $memory$flatten\display.$auto$proc_rom.cc:155:do_switch$573$rdmux[0][3][1]$a$1751 [8] $memory$flatten\display.$auto$proc_rom.cc:155:do_switch$573$rdmux[0][3][1]$a$1751 [0] 1'0 }, Y={ $memory$flatten\display.$auto$proc_rom.cc:155:do_switch$573$rdmux[0][2][0]$b$1737 [9] $memory$flatten\display.$auto$proc_rom.cc:155:do_switch$573$rdmux[0][2][0]$b$1737 [5] $memory$flatten\display.$auto$proc_rom.cc:155:do_switch$573$rdmux[0][2][0]$b$1737 [3] $memory$flatten\display.$auto$proc_rom.cc:155:do_switch$573$rdmux[0][2][0]$b$1737 [0] }
      New connections: $memory$flatten\display.$auto$proc_rom.cc:155:do_switch$573$rdmux[0][2][0]$b$1737 [8] = $memory$flatten\display.$auto$proc_rom.cc:155:do_switch$573$rdmux[0][3][1]$a$1751 [8]
  Optimizing cells in module \link_diag.
    Consolidated identical input bits for $mux cell $memory$flatten\display.$auto$proc_rom.cc:155:do_switch$573$rdmux[0][2][1]$1738:
      Old ports: A={ $memory$flatten\display.$auto$proc_rom.cc:155:do_switch$573$rdmux[0][2][1]$a$1739 [6] $memory$flatten\display.$auto$proc_rom.cc:155:do_switch$573$rdmux[0][2][1]$a$1739 [10] $memory$flatten\display.$auto$proc_rom.cc:155:do_switch$573$rdmux[0][2][1]$a$1739 [10:9] $memory$flatten\display.$auto$proc_rom.cc:155:do_switch$573$rdmux[0][2][1]$a$1739 [0] $memory$flatten\display.$auto$proc_rom.cc:155:do_switch$573$rdmux[0][2][1]$a$1739 [1] $memory$flatten\display.$auto$proc_rom.cc:155:do_switch$573$rdmux[0][2][1]$a$1739 [6] 1'0 $memory$flatten\display.$auto$proc_rom.cc:155:do_switch$573$rdmux[0][2][1]$a$1739 [1:0] }, B={ 1'1 $memory$flatten\display.$auto$proc_rom.cc:155:do_switch$573$rdmux[0][2][1]$b$1740 [11] $memory$flatten\display.$auto$proc_rom.cc:155:do_switch$573$rdmux[0][2][1]$b$1740 [6] 1'0 $memory$flatten\display.$auto$proc_rom.cc:155:do_switch$573$rdmux[0][2][1]$b$1740 [1] 1'0 $memory$flatten\display.$auto$proc_rom.cc:155:do_switch$573$rdmux[0][2][1]$b$1740 [6:5] $memory$flatten\display.$auto$proc_rom.cc:155:do_switch$573$rdmux[0][2][1]$b$1740 [1:0] }, Y={ $memory$flatten\display.$auto$proc_rom.cc:155:do_switch$573$rdmux[0][1][0]$b$1731 [12:5] $memory$flatten\display.$auto$proc_rom.cc:155:do_switch$573$rdmux[0][1][0]$b$1731 [1:0] }
      New ports: A={ $memory$flatten\display.$auto$proc_rom.cc:155:do_switch$573$rdmux[0][2][1]$a$1739 [6] $memory$flatten\display.$auto$proc_rom.cc:155:do_switch$573$rdmux[0][2][1]$a$1739 [10] $memory$flatten\display.$auto$proc_rom.cc:155:do_switch$573$rdmux[0][2][1]$a$1739 [10:9] $memory$flatten\display.$auto$proc_rom.cc:155:do_switch$573$rdmux[0][2][1]$a$1739 [1] $memory$flatten\display.$auto$proc_rom.cc:155:do_switch$573$rdmux[0][2][1]$a$1739 [6] 1'0 $memory$flatten\display.$auto$proc_rom.cc:155:do_switch$573$rdmux[0][2][1]$a$1739 [1] $memory$flatten\display.$auto$proc_rom.cc:155:do_switch$573$rdmux[0][3][0]$b$1749 [0] }, B={ 1'1 $memory$flatten\display.$auto$proc_rom.cc:155:do_switch$573$rdmux[0][2][1]$b$1740 [11] $memory$flatten\display.$auto$proc_rom.cc:155:do_switch$573$rdmux[0][2][1]$b$1740 [6] 2'00 $memory$flatten\display.$auto$proc_rom.cc:155:do_switch$573$rdmux[0][2][1]$b$1740 [6:5] $memory$flatten\display.$auto$proc_rom.cc:155:do_switch$573$rdmux[0][3][0]$b$1749 [0] $memory$flatten\display.$auto$proc_rom.cc:155:do_switch$573$rdmux[0][2][1]$b$1740 [0] }, Y={ $memory$flatten\display.$auto$proc_rom.cc:155:do_switch$573$rdmux[0][1][0]$b$1731 [12:9] $memory$flatten\display.$auto$proc_rom.cc:155:do_switch$573$rdmux[0][1][0]$b$1731 [7:5] $memory$flatten\display.$auto$proc_rom.cc:155:do_switch$573$rdmux[0][1][0]$b$1731 [1:0] }
      New connections: $memory$flatten\display.$auto$proc_rom.cc:155:do_switch$573$rdmux[0][1][0]$b$1731 [8] = $memory$flatten\display.$auto$proc_rom.cc:155:do_switch$573$rdmux[0][3][0]$b$1749 [0]
  Optimizing cells in module \link_diag.
Performed a total of 4 changes.

3.30.12. Executing OPT_MERGE pass (detect identical cells).
Finding identical cells in module `\link_diag'.
Computing hashes of 308 cells of `\link_diag'.
Finding duplicate cells in `\link_diag'.
Removed a total of 0 cells.

3.30.13. Executing OPT_DFF pass (perform DFF optimizations).

3.30.14. Executing OPT_CLEAN pass (remove unused cells and wires).
Finding unused cells or wires in module \link_diag..

3.30.15. Executing OPT_EXPR pass (perform const folding).
Optimizing module link_diag.

3.30.16. Rerunning OPT passes. (Maybe there is more to do..)

3.30.17. Executing OPT_MUXTREE pass (detect dead branches in mux trees).
Running muxtree optimizer on module \link_diag..
  Creating internal representation of mux trees.
  Evaluating internal representation of mux trees.
  Analyzing evaluation results.
Removed 0 multiplexer ports.
<suppressed ~98 debug messages>

3.30.18. Executing OPT_REDUCE pass (consolidate $*mux and $reduce_* inputs).
  Optimizing cells in module \link_diag.
Performed a total of 0 changes.

3.30.19. Executing OPT_MERGE pass (detect identical cells).
Finding identical cells in module `\link_diag'.
Computing hashes of 308 cells of `\link_diag'.
Finding duplicate cells in `\link_diag'.
Removed a total of 0 cells.

3.30.20. Executing OPT_DFF pass (perform DFF optimizations).

3.30.21. Executing OPT_CLEAN pass (remove unused cells and wires).
Finding unused cells or wires in module \link_diag..

3.30.22. Executing OPT_EXPR pass (perform const folding).
Optimizing module link_diag.

3.30.23. Finished fast OPT passes. (There is nothing left to do.)

3.31. Executing ICE40_WRAPCARRY pass (wrap carries).

3.32. Executing TECHMAP pass (map to technology primitives).

3.32.1. Executing Verilog-2005 frontend: C:\oss-cad-suite\bin\../share/yosys/techmap.v
Parsing Verilog input from `C:\oss-cad-suite\bin\../share/yosys/techmap.v' to AST representation.
Generating RTLIL representation for module `\_90_simplemap_bool_ops'.
Generating RTLIL representation for module `\_90_simplemap_reduce_ops'.
Generating RTLIL representation for module `\_90_simplemap_logic_ops'.
Generating RTLIL representation for module `\_90_simplemap_compare_ops'.
Generating RTLIL representation for module `\_90_simplemap_various'.
Generating RTLIL representation for module `\_90_simplemap_registers'.
Generating RTLIL representation for module `\_90_shift_ops_shr_shl_sshl_sshr'.
Generating RTLIL representation for module `\_90_shift_shiftx'.
Generating RTLIL representation for module `\_90_fa'.
Generating RTLIL representation for module `\_90_lcu_brent_kung'.
Generating RTLIL representation for module `\_90_alu'.
Generating RTLIL representation for module `\_90_macc'.
Generating RTLIL representation for module `\_90_alumacc'.
Generating RTLIL representation for module `$__div_mod_u'.
Generating RTLIL representation for module `$__div_mod_trunc'.
Generating RTLIL representation for module `\_90_div'.
Generating RTLIL representation for module `\_90_mod'.
Generating RTLIL representation for module `$__div_mod_floor'.
Generating RTLIL representation for module `\_90_divfloor'.
Generating RTLIL representation for module `\_90_modfloor'.
Generating RTLIL representation for module `\_90_pow'.
Generating RTLIL representation for module `\_90_demux'.
Generating RTLIL representation for module `\_90_lut'.
Generating RTLIL representation for module `$connect'.
Generating RTLIL representation for module `$input_port'.
Successfully finished Verilog frontend.

3.32.2. Executing Verilog-2005 frontend: C:\oss-cad-suite\bin\../share/yosys/ice40/arith_map.v
Parsing Verilog input from `C:\oss-cad-suite\bin\../share/yosys/ice40/arith_map.v' to AST representation.
Generating RTLIL representation for module `\_80_ice40_alu'.
Successfully finished Verilog frontend.

3.32.3. Continuing TECHMAP pass.
Using extmapper simplemap for cells of type $sdffe.
Using extmapper simplemap for cells of type $reduce_or.
Using extmapper simplemap for cells of type $dffe.
Using extmapper simplemap for cells of type $sdffce.
Using extmapper simplemap for cells of type $not.
Using extmapper simplemap for cells of type $mux.
Using extmapper simplemap for cells of type $dff.
Using template $paramod$175e67c02b86e96b1288b9dc100122520d7240d8\_90_alu for cells of type $alu.
Using template $paramod$79aa992f2eb7f354d4aaf651790713cf239111fa\_80_ice40_alu for cells of type $alu.
Using template $paramod$c3cd1564c35d873179656addd6052d7ea8b6d991\_80_ice40_alu for cells of type $alu.
Using template $paramod$32efbfac1c4dc57230cf86180788fdfd12e3b511\_80_ice40_alu for cells of type $alu.
Using template $paramod$2af30114e9bd4ccb04dad757b3f0a8f6bf0615b0\_80_ice40_alu for cells of type $alu.
Using template $paramod$32a7b7b86c07519b7537abc18e96f0331f97914d\_80_ice40_alu for cells of type $alu.
Using template $paramod$672a140277c71df8314410f22acc08d55222c3c7\_80_ice40_alu for cells of type $alu.
Using template $paramod$d588c4475f18bc347201f0f2671d73b8c1e7b7ea\_80_ice40_alu for cells of type $alu.
Using template $paramod$20b1d0597707d55efcb9664e40f63985956d7680\_80_ice40_alu for cells of type $alu.
Using template $paramod$956e79e8f8c5e64be7438155ae50a966e615cb04\_80_ice40_alu for cells of type $alu.
Using template $paramod$a1665ef28c749ebcdbe9aecd466e644647b56463\_80_ice40_alu for cells of type $alu.
Using template $paramod$d8458b3c47920e79a4e96c2be935e3ae586a4c76\_80_ice40_alu for cells of type $alu.
Using template $paramod$afd5dba8a212c7808f53e3850a5591fb0ed5c622\_80_ice40_alu for cells of type $alu.
Using template $paramod$025d767fc934a3e7d59a671de523743ebaa07759\_80_ice40_alu for cells of type $alu.
Using template $paramod$3ef7d3dd227da7627a99c5e5a6a4deb817573e39\_80_ice40_alu for cells of type $alu.
Using extmapper simplemap for cells of type $or.
Using extmapper simplemap for cells of type $reduce_and.
Using template $paramod$c15aee48e26a714a5f3d013cd387ce60c26c192c\_80_ice40_alu for cells of type $alu.
Using template $paramod$dac0985ff93ad05fcfcbfe350fa561701ca0a85e\_80_ice40_alu for cells of type $alu.
Using template $paramod$ee9f135470291f7e9a702a13ca7a0f3b25d94913\_80_ice40_alu for cells of type $alu.
Using template $paramod$201d586eed2569f095ddeba6db16e40b8442bc0c\_80_ice40_alu for cells of type $alu.
Using template $paramod$e61f808441c14776646ccea05e0cf89bac53ccdb\_80_ice40_alu for cells of type $alu.
Using template $paramod$795d817be7d199881e47de72f8a46d9f056cb4cd\_80_ice40_alu for cells of type $alu.
Using template $paramod$a40b3a69ab2154dca9743e30e1e84efb03b892b4\_80_ice40_alu for cells of type $alu.
Using template $paramod$dad13a281fa6a9ffd6dd427a87dc9a952e80e9ea\_80_ice40_alu for cells of type $alu.
Using extmapper simplemap for cells of type $ne.
Using extmapper simplemap for cells of type $reduce_bool.
Using extmapper simplemap for cells of type $sdff.
Using extmapper simplemap for cells of type $pmux.
Using extmapper simplemap for cells of type $logic_not.
Using extmapper simplemap for cells of type $eq.
Using extmapper simplemap for cells of type $logic_and.
Using template $paramod$constmap:0fded5c4dd2907e6cd697d451d63ebe0089a762d$paramod$2946c6b859aa2752201bd458da4a1bc8333accc9\_90_shift_shiftx for cells of type $shiftx.
Analyzing pattern of constant bits for this cell:
  Constant input on bit 4 of port B: 1'0
  Constant input on bit 5 of port B: 1'0
  Constant input on bit 6 of port B: 1'0
  Constant input on bit 7 of port B: 1'0
  Constant input on bit 8 of port B: 1'0
  Constant input on bit 9 of port B: 1'0
  Constant input on bit 10 of port B: 1'0
  Constant input on bit 11 of port B: 1'0
  Constant input on bit 12 of port B: 1'0
  Constant input on bit 13 of port B: 1'0
  Constant input on bit 14 of port B: 1'0
  Constant input on bit 15 of port B: 1'0
  Constant input on bit 16 of port B: 1'0
  Constant input on bit 17 of port B: 1'0
  Constant input on bit 18 of port B: 1'0
  Constant input on bit 19 of port B: 1'0
  Constant input on bit 20 of port B: 1'0
  Constant input on bit 21 of port B: 1'0
  Constant input on bit 22 of port B: 1'0
  Constant input on bit 23 of port B: 1'0
  Constant input on bit 24 of port B: 1'0
  Constant input on bit 25 of port B: 1'0
  Constant input on bit 26 of port B: 1'0
  Constant input on bit 27 of port B: 1'0
  Constant input on bit 28 of port B: 1'0
  Constant input on bit 29 of port B: 1'0
  Constant input on bit 30 of port B: 1'0
  Constant input on bit 31 of port B: 1'0
  Constant input on bit 15 of port A: 1'0
Creating constmapped module `$paramod$constmap:2587df5f34ddd9b34820c9f2041c6b3a6cdc78b4$paramod$2946c6b859aa2752201bd458da4a1bc8333accc9\_90_shift_shiftx'.

3.32.56. Executing OPT_MUXTREE pass (detect dead branches in mux trees).
Running muxtree optimizer on module $paramod$constmap:2587df5f34ddd9b34820c9f2041c6b3a6cdc78b4$paramod$2946c6b859aa2752201bd458da4a1bc8333accc9\_90_shift_shiftx..
  Creating internal representation of mux trees.
  Evaluating internal representation of mux trees.
  Analyzing evaluation results.
    dead port 1/2 on $mux $procmux$3487.
    dead port 2/2 on $mux $procmux$3487.
    dead port 1/2 on $mux $procmux$3490.
    dead port 2/2 on $mux $procmux$3493.
    dead port 2/2 on $mux $procmux$3499.
    dead port 2/2 on $mux $procmux$3505.
    dead port 2/2 on $mux $procmux$3511.
Removed 7 multiplexer ports.
<suppressed ~1132 debug messages>

3.32.57. Executing OPT_EXPR pass (perform const folding).
Optimizing module $paramod$constmap:2587df5f34ddd9b34820c9f2041c6b3a6cdc78b4$paramod$2946c6b859aa2752201bd458da4a1bc8333accc9\_90_shift_shiftx.
<suppressed ~56 debug messages>
Removed 0 unused cells and 64 unused wires.
Using template $paramod$constmap:2587df5f34ddd9b34820c9f2041c6b3a6cdc78b4$paramod$2946c6b859aa2752201bd458da4a1bc8333accc9\_90_shift_shiftx for cells of type $shiftx.
Using extmapper simplemap for cells of type $logic_or.
Using extmapper simplemap for cells of type $lut.
Using template $paramod$constmap:aaa79bdfe7451deca7ae697c0784fd1c184bd8f2$paramod$40ccfd5a7f1418017a9af25543d0c43a198b5946\_90_shift_shiftx for cells of type $shift.
Using extmapper simplemap for cells of type $and.
Analyzing pattern of constant bits for this cell:
Creating constmapped module `$paramod$constmap:ed202111594f0a1b622ac8dc4bd7c990ea27025c$paramod$40ccfd5a7f1418017a9af25543d0c43a198b5946\_90_shift_shiftx'.

3.32.63. Executing OPT_MUXTREE pass (detect dead branches in mux trees).
Running muxtree optimizer on module $paramod$constmap:ed202111594f0a1b622ac8dc4bd7c990ea27025c$paramod$40ccfd5a7f1418017a9af25543d0c43a198b5946\_90_shift_shiftx..
  Creating internal representation of mux trees.
  Evaluating internal representation of mux trees.
  Analyzing evaluation results.
    dead port 2/2 on $mux $procmux$3939.
    dead port 2/2 on $mux $procmux$3945.
    dead port 2/2 on $mux $procmux$3951.
Removed 3 multiplexer ports.
<suppressed ~221 debug messages>

3.32.64. Executing OPT_EXPR pass (perform const folding).
Optimizing module $paramod$constmap:ed202111594f0a1b622ac8dc4bd7c990ea27025c$paramod$40ccfd5a7f1418017a9af25543d0c43a198b5946\_90_shift_shiftx.
<suppressed ~2 debug messages>
Removed 0 unused cells and 9 unused wires.
Using template $paramod$constmap:ed202111594f0a1b622ac8dc4bd7c990ea27025c$paramod$40ccfd5a7f1418017a9af25543d0c43a198b5946\_90_shift_shiftx for cells of type $shift.
Using extmapper simplemap for cells of type $pos.
Using extmapper simplemap for cells of type $xor.
Using template $paramod\_90_fa\WIDTH=32'00000000000000000000000000000010 for cells of type $fa.
Using template $paramod\_90_lcu_brent_kung\WIDTH=32'00000000000000000000000000000010 for cells of type $lcu.
No more expansions possible.
<suppressed ~366 debug messages>

3.33. Executing OPT pass (performing simple optimizations).

3.33.1. Executing OPT_EXPR pass (perform const folding).
Optimizing module link_diag.
<suppressed ~2309 debug messages>

3.33.2. Executing OPT_MERGE pass (detect identical cells).
Finding identical cells in module `\link_diag'.
Computing hashes of 2244 cells of `\link_diag'.
Finding duplicate cells in `\link_diag'.
Computing hashes of 1974 cells of `\link_diag'.
Finding duplicate cells in `\link_diag'.
Computing hashes of 1948 cells of `\link_diag'.
Finding duplicate cells in `\link_diag'.
Computing hashes of 1944 cells of `\link_diag'.
Finding duplicate cells in `\link_diag'.
Computing hashes of 1942 cells of `\link_diag'.
Finding duplicate cells in `\link_diag'.
<suppressed ~906 debug messages>
Removed a total of 302 cells.

3.33.3. Executing OPT_DFF pass (perform DFF optimizations).
Adding SRST signal on $auto$ff.cc:337:slice$2546 ($_DFFE_PN_) from module link_diag (D = $auto$simplemap.cc:189:logic_reduce$3274, Q = \display.rgb [5], rval = 1'0).
Adding SRST signal on $auto$ff.cc:337:slice$2540 ($_DFFE_PN_) from module link_diag (D = $auto$simplemap.cc:189:logic_reduce$3454, Q = \display.OE, rval = 1'0).
Adding SRST signal on $auto$ff.cc:337:slice$2539 ($_DFFE_PN_) from module link_diag (D = $auto$simplemap.cc:189:logic_reduce$3429, Q = \display.LAT, rval = 1'0).
Adding SRST signal on $auto$ff.cc:337:slice$2541 ($_DFFE_PN_) from module link_diag (D = $auto$simplemap.cc:189:logic_reduce$3239, Q = \display.rgb [0], rval = 1'0).
Adding SRST signal on $auto$ff.cc:337:slice$2542 ($_DFFE_PN_) from module link_diag (D = $auto$simplemap.cc:189:logic_reduce$3246, Q = \display.rgb [1], rval = 1'0).
Adding SRST signal on $auto$ff.cc:337:slice$2543 ($_DFFE_PN_) from module link_diag (D = $auto$simplemap.cc:189:logic_reduce$3253, Q = \display.rgb [2], rval = 1'0).
Adding SRST signal on $auto$ff.cc:337:slice$2544 ($_DFFE_PN_) from module link_diag (D = $auto$simplemap.cc:189:logic_reduce$3260, Q = \display.rgb [3], rval = 1'0).
Adding SRST signal on $auto$ff.cc:337:slice$2545 ($_DFFE_PN_) from module link_diag (D = $auto$simplemap.cc:189:logic_reduce$3267, Q = \display.rgb [4], rval = 1'0).

3.33.4. Executing OPT_CLEAN pass (remove unused cells and wires).
Finding unused cells or wires in module \link_diag..
Removed 249 unused cells and 1271 unused wires.
<suppressed ~251 debug messages>

3.33.5. Rerunning OPT passes. (Removed registers in this run.)

3.33.6. Executing OPT_EXPR pass (perform const folding).
Optimizing module link_diag.
<suppressed ~3 debug messages>

3.33.7. Executing OPT_MERGE pass (detect identical cells).
Finding identical cells in module `\link_diag'.
Computing hashes of 1690 cells of `\link_diag'.
Finding duplicate cells in `\link_diag'.
Removed a total of 0 cells.

3.33.8. Executing OPT_DFF pass (perform DFF optimizations).

3.33.9. Executing OPT_CLEAN pass (remove unused cells and wires).
Finding unused cells or wires in module \link_diag..
Removed 0 unused cells and 1 unused wires.
<suppressed ~1 debug messages>

3.33.10. Finished fast OPT passes.

3.34. Executing ICE40_OPT pass (performing simple optimizations).

3.34.1. Running ICE40 specific optimizations.
Optimized $__ICE40_CARRY_WRAPPER cell back to logic (without SB_CARRY) link_diag.$auto$alumacc.cc:548:replace_alu$1424.slice[0].carry: CO=\display.phase [3]
Optimized $__ICE40_CARRY_WRAPPER cell back to logic (without SB_CARRY) link_diag.$auto$alumacc.cc:548:replace_alu$1429.slice[0].carry: CO=\display.phase [2]
Optimized $__ICE40_CARRY_WRAPPER cell back to logic (without SB_CARRY) link_diag.$auto$alumacc.cc:548:replace_alu$1442.slice[0].carry: CO=\display.count [0]
Optimized $__ICE40_CARRY_WRAPPER cell back to logic (without SB_CARRY) link_diag.$auto$alumacc.cc:548:replace_alu$1455.slice[0].carry: CO=\display.count [1]
Optimized $__ICE40_CARRY_WRAPPER cell back to logic (without SB_CARRY) link_diag.$auto$alumacc.cc:548:replace_alu$1460.slice[0].carry: CO=\display.count [0]
Optimized $__ICE40_CARRY_WRAPPER cell back to logic (without SB_CARRY) link_diag.$auto$alumacc.cc:548:replace_alu$1465.slice[0].carry: CO=\display.count [0]
Optimized $__ICE40_CARRY_WRAPPER cell back to logic (without SB_CARRY) link_diag.$auto$alumacc.cc:548:replace_alu$1470.slice[0].carry: CO=\probe.low_count [4]
Optimized $__ICE40_CARRY_WRAPPER cell back to logic (without SB_CARRY) link_diag.$auto$alumacc.cc:548:replace_alu$1477.slice[0].carry: CO=\probe.measure [3]
Optimized $__ICE40_CARRY_WRAPPER cell back to logic (without SB_CARRY) link_diag.$auto$alumacc.cc:548:replace_alu$1490.slice[0].carry: CO=\probe.rd_ptr [0]
Optimized $__ICE40_CARRY_WRAPPER cell back to logic (without SB_CARRY) link_diag.$auto$alumacc.cc:548:replace_alu$1493.slice[0].carry: CO=\probe.wr_ptr [0]
Optimized $__ICE40_CARRY_WRAPPER cell back to logic (without SB_CARRY) link_diag.$auto$alumacc.cc:548:replace_alu$1499.slice[0].carry: CO=\probe.receiver.timer [0]
Optimized $__ICE40_CARRY_WRAPPER cell back to logic (without SB_CARRY) link_diag.$auto$alumacc.cc:548:replace_alu$1502.slice[0].carry: CO=\probe.receiver.bit_index [0]
Optimized $__ICE40_CARRY_WRAPPER cell back to logic (without SB_CARRY) link_diag.$auto$alumacc.cc:548:replace_alu$1505.slice[0].carry: CO=\probe.baud_div [0]
Optimized $__ICE40_CARRY_WRAPPER cell back to logic (without SB_CARRY) link_diag.$auto$alumacc.cc:548:replace_alu$1508.slice[0].carry: CO=$auto$alumacc.cc:548:replace_alu$1502.X [0]
Optimized $__ICE40_CARRY_WRAPPER cell back to logic (without SB_CARRY) link_diag.$auto$alumacc.cc:548:replace_alu$1508.slice[3].carry: CO=$auto$alumacc.cc:548:replace_alu$1508.C [3]
Optimized $__ICE40_CARRY_WRAPPER cell back to logic (without SB_CARRY) link_diag.$auto$alumacc.cc:548:replace_alu$1511.slice[0].carry: CO=\probe.baud_div [1]
Optimized $__ICE40_CARRY_WRAPPER cell back to logic (without SB_CARRY) link_diag.$auto$alumacc.cc:548:replace_alu$1511.slice[15].carry: CO=$auto$alumacc.cc:548:replace_alu$1511.C [15]
Optimized $__ICE40_CARRY_WRAPPER cell back to logic (without SB_CARRY) link_diag.$auto$alumacc.cc:548:replace_alu$1514.slice[0].carry: CO=\probe.guard_count [0]
Optimized $__ICE40_CARRY_WRAPPER cell back to logic (without SB_CARRY) link_diag.$auto$alumacc.cc:548:replace_alu$1517.slice[0].carry: CO=\probe.transmitter.bit_index [0]
Optimized $__ICE40_CARRY_WRAPPER cell back to logic (without SB_CARRY) link_diag.$auto$alumacc.cc:548:replace_alu$1520.slice[0].carry: CO=\probe.transmitter.timer [0]
Optimized $__ICE40_CARRY_WRAPPER cell back to logic (without SB_CARRY) link_diag.$auto$alumacc.cc:548:replace_alu$1523.slice[0].carry: CO=\display.heartbeat [0]
Optimized $__ICE40_CARRY_WRAPPER cell back to logic (without SB_CARRY) link_diag.$auto$alumacc.cc:548:replace_alu$1526.slice[0].carry: CO=\probe.measure [0]
Optimized $__ICE40_CARRY_WRAPPER cell back to logic (without SB_CARRY) link_diag.$auto$alumacc.cc:548:replace_alu$1529.slice[0].carry: CO=\probe.low_count [0]
Optimized $__ICE40_CARRY_WRAPPER cell back to logic (without SB_CARRY) link_diag.$auto$alumacc.cc:548:replace_alu$1532.slice[0].carry: CO=\display.length [0]
Optimized $__ICE40_CARRY_WRAPPER cell back to logic (without SB_CARRY) link_diag.$auto$alumacc.cc:548:replace_alu$1532.slice[8].carry: CO=$auto$alumacc.cc:548:replace_alu$1532.C [8]
Optimized $__ICE40_CARRY_WRAPPER cell back to logic (without SB_CARRY) link_diag.$auto$alumacc.cc:548:replace_alu$1532.slice[10].carry: CO=$auto$alumacc.cc:548:replace_alu$1532.C [10]
Optimized $__ICE40_CARRY_WRAPPER cell back to logic (without SB_CARRY) link_diag.$auto$alumacc.cc:548:replace_alu$1532.slice[11].carry: CO=$auto$alumacc.cc:548:replace_alu$1532.C [11]
Optimized $__ICE40_CARRY_WRAPPER cell back to logic (without SB_CARRY) link_diag.$auto$alumacc.cc:548:replace_alu$1532.slice[12].carry: CO=$auto$alumacc.cc:548:replace_alu$1532.C [12]
Optimized $__ICE40_CARRY_WRAPPER cell back to logic (without SB_CARRY) link_diag.$auto$alumacc.cc:548:replace_alu$1532.slice[13].carry: CO=$auto$alumacc.cc:548:replace_alu$1532.C [13]
Optimized $__ICE40_CARRY_WRAPPER cell back to logic (without SB_CARRY) link_diag.$auto$alumacc.cc:548:replace_alu$1532.slice[16].carry: CO=$auto$alumacc.cc:548:replace_alu$1532.C [16]
Optimized $__ICE40_CARRY_WRAPPER cell back to logic (without SB_CARRY) link_diag.$auto$alumacc.cc:548:replace_alu$1538.slice[0].carry: CO=\display.config_index [0]
Optimized $__ICE40_CARRY_WRAPPER cell back to logic (without SB_CARRY) link_diag.$auto$alumacc.cc:548:replace_alu$1541.slice[0].carry: CO=\display.state [0]
Optimized $__ICE40_CARRY_WRAPPER cell back to logic (without SB_CARRY) link_diag.$auto$alumacc.cc:548:replace_alu$1544.slice[0].carry: CO=\display.count [0]
Optimized $__ICE40_CARRY_WRAPPER cell back to logic (without SB_CARRY) link_diag.$auto$alumacc.cc:548:replace_alu$1547.slice[0].carry: CO=\display.phase [0]
Optimized $__ICE40_CARRY_WRAPPER cell back to logic (without SB_CARRY) link_diag.$auto$alumacc.cc:548:replace_alu$1550.slice[0].carry: CO=\display.scan_row [0]
Optimized $__ICE40_CARRY_WRAPPER cell back to logic (without SB_CARRY) link_diag.$auto$alumacc.cc:548:replace_alu$1553.slice[0].carry: CO=\display.tick_div [0]
Optimized $__ICE40_CARRY_WRAPPER cell back to logic (without SB_CARRY) link_diag.$auto$alumacc.cc:548:replace_alu$1559.slice[0].carry: CO=\probe.beacon_count [0]

3.34.2. Executing OPT_EXPR pass (perform const folding).
Optimizing module link_diag.

3.34.3. Executing OPT_MERGE pass (detect identical cells).
Finding identical cells in module `\link_diag'.
Computing hashes of 1690 cells of `\link_diag'.
Finding duplicate cells in `\link_diag'.
Computing hashes of 1685 cells of `\link_diag'.
Finding duplicate cells in `\link_diag'.
<suppressed ~15 debug messages>
Removed a total of 5 cells.

3.34.4. Executing OPT_DFF pass (perform DFF optimizations).

3.34.5. Executing OPT_CLEAN pass (remove unused cells and wires).
Finding unused cells or wires in module \link_diag..
Removed 6 unused cells and 3 unused wires.
<suppressed ~7 debug messages>

3.34.6. Rerunning OPT passes. (Removed registers in this run.)

3.34.7. Running ICE40 specific optimizations.

3.34.8. Executing OPT_EXPR pass (perform const folding).
Optimizing module link_diag.

3.34.9. Executing OPT_MERGE pass (detect identical cells).
Finding identical cells in module `\link_diag'.
Computing hashes of 1679 cells of `\link_diag'.
Finding duplicate cells in `\link_diag'.
Removed a total of 0 cells.

3.34.10. Executing OPT_DFF pass (perform DFF optimizations).

3.34.11. Executing OPT_CLEAN pass (remove unused cells and wires).
Finding unused cells or wires in module \link_diag..

3.34.12. Finished OPT passes. (There is nothing left to do.)

4. Executing TECHMAP pass (map to technology primitives).

4.1. Executing Verilog-2005 frontend: ../panel/ornot2lut.v
Parsing Verilog input from `../panel/ornot2lut.v' to AST representation.
Generating RTLIL representation for module `\map_ornot'.
Generating RTLIL representation for module `\map_andnot'.
Successfully finished Verilog frontend.

4.2. Continuing TECHMAP pass.
No more expansions possible.
<suppressed ~4 debug messages>

5. Executing OPT_CLEAN pass (remove unused cells and wires).
Finding unused cells or wires in module \link_diag..
Removed 4 unused cells and 37 unused wires.
<suppressed ~41 debug messages>

6. Executing SYNTH_ICE40 pass.

6.1. Executing DFFLEGALIZE pass (convert FFs and LATCHes to types supported by the target).

6.2. Executing TECHMAP pass (map to technology primitives).

6.2.1. Executing Verilog-2005 frontend: C:\oss-cad-suite\bin\../share/yosys/ice40/ff_map.v
Parsing Verilog input from `C:\oss-cad-suite\bin\../share/yosys/ice40/ff_map.v' to AST representation.
Generating RTLIL representation for module `$_DFF_N_'.
Generating RTLIL representation for module `$_DFF_P_'.
Generating RTLIL representation for module `$_DFFE_NP_'.
Generating RTLIL representation for module `$_DFFE_PP_'.
Generating RTLIL representation for module `$_DFF_NP0_'.
Generating RTLIL representation for module `$_DFF_NP1_'.
Generating RTLIL representation for module `$_DFF_PP0_'.
Generating RTLIL representation for module `$_DFF_PP1_'.
Generating RTLIL representation for module `$_DFFE_NP0P_'.
Generating RTLIL representation for module `$_DFFE_NP1P_'.
Generating RTLIL representation for module `$_DFFE_PP0P_'.
Generating RTLIL representation for module `$_DFFE_PP1P_'.
Generating RTLIL representation for module `$_SDFF_NP0_'.
Generating RTLIL representation for module `$_SDFF_NP1_'.
Generating RTLIL representation for module `$_SDFF_PP0_'.
Generating RTLIL representation for module `$_SDFF_PP1_'.
Generating RTLIL representation for module `$_SDFFCE_NP0P_'.
Generating RTLIL representation for module `$_SDFFCE_NP1P_'.
Generating RTLIL representation for module `$_SDFFCE_PP0P_'.
Generating RTLIL representation for module `$_SDFFCE_PP1P_'.
Successfully finished Verilog frontend.

6.2.2. Continuing TECHMAP pass.
Using template $_SDFFCE_PP0P_ for cells of type $_SDFFCE_PP0P_.
Using template $_DFF_P_ for cells of type $_DFF_P_.
Using template $_SDFF_PP0_ for cells of type $_SDFF_PP0_.
Using template $_DFFE_PP_ for cells of type $_DFFE_PP_.
Using template $_SDFFCE_PP1P_ for cells of type $_SDFFCE_PP1P_.
No more expansions possible.
<suppressed ~305 debug messages>

6.3. Executing OPT_EXPR pass (perform const folding).
Optimizing module link_diag.
<suppressed ~11 debug messages>

6.4. Executing SIMPLEMAP pass (map simple cells to gate primitives).
Mapping link_diag.$auto$alumacc.cc:548:replace_alu$1490.slice[0].carry ($lut).
Mapping link_diag.$auto$alumacc.cc:548:replace_alu$1493.slice[0].carry ($lut).
Mapping link_diag.$auto$alumacc.cc:548:replace_alu$1499.slice[0].carry ($lut).
Mapping link_diag.$auto$alumacc.cc:548:replace_alu$1502.slice[0].carry ($lut).
Mapping link_diag.$auto$alumacc.cc:548:replace_alu$1505.slice[0].carry ($lut).
Mapping link_diag.$auto$alumacc.cc:548:replace_alu$1508.slice[0].carry ($lut).
Mapping link_diag.$auto$alumacc.cc:548:replace_alu$1508.slice[3].carry ($lut).
Mapping link_diag.$auto$alumacc.cc:548:replace_alu$1511.slice[0].carry ($lut).
Mapping link_diag.$auto$alumacc.cc:548:replace_alu$1511.slice[15].carry ($lut).
Mapping link_diag.$auto$alumacc.cc:548:replace_alu$1514.slice[0].carry ($lut).
Mapping link_diag.$auto$alumacc.cc:548:replace_alu$1517.slice[0].carry ($lut).
Mapping link_diag.$auto$alumacc.cc:548:replace_alu$1520.slice[0].carry ($lut).
Mapping link_diag.$auto$alumacc.cc:548:replace_alu$1523.slice[0].carry ($lut).
Mapping link_diag.$auto$alumacc.cc:548:replace_alu$1526.slice[0].carry ($lut).
Mapping link_diag.$auto$alumacc.cc:548:replace_alu$1529.slice[0].carry ($lut).
Mapping link_diag.$auto$alumacc.cc:548:replace_alu$1532.slice[0].carry ($lut).
Mapping link_diag.$auto$alumacc.cc:548:replace_alu$1532.slice[10].carry ($lut).
Mapping link_diag.$auto$alumacc.cc:548:replace_alu$1532.slice[16].carry ($lut).
Mapping link_diag.$auto$alumacc.cc:548:replace_alu$1532.slice[8].carry ($lut).
Mapping link_diag.$auto$alumacc.cc:548:replace_alu$1538.slice[0].carry ($lut).
Mapping link_diag.$auto$alumacc.cc:548:replace_alu$1541.slice[0].carry ($lut).
Mapping link_diag.$auto$alumacc.cc:548:replace_alu$1544.slice[0].carry ($lut).
Mapping link_diag.$auto$alumacc.cc:548:replace_alu$1547.slice[0].carry ($lut).
Mapping link_diag.$auto$alumacc.cc:548:replace_alu$1550.slice[0].carry ($lut).
Mapping link_diag.$auto$alumacc.cc:548:replace_alu$1553.slice[0].carry ($lut).
Mapping link_diag.$auto$alumacc.cc:548:replace_alu$1559.slice[0].carry ($lut).

6.5. Executing ICE40_OPT pass (performing simple optimizations).

6.5.1. Running ICE40 specific optimizations.

6.5.2. Executing OPT_EXPR pass (perform const folding).
Optimizing module link_diag.
<suppressed ~466 debug messages>

6.5.3. Executing OPT_MERGE pass (detect identical cells).
Finding identical cells in module `\link_diag'.
Computing hashes of 1837 cells of `\link_diag'.
Finding duplicate cells in `\link_diag'.
Computing hashes of 1715 cells of `\link_diag'.
Finding duplicate cells in `\link_diag'.
Computing hashes of 1697 cells of `\link_diag'.
Finding duplicate cells in `\link_diag'.
<suppressed ~420 debug messages>
Removed a total of 140 cells.

6.5.4. Executing OPT_DFF pass (perform DFF optimizations).

6.5.5. Executing OPT_CLEAN pass (remove unused cells and wires).
Finding unused cells or wires in module \link_diag..
Removed 1 unused cells and 1755 unused wires.
<suppressed ~3 debug messages>

6.5.6. Rerunning OPT passes. (Removed registers in this run.)

6.5.7. Running ICE40 specific optimizations.

6.5.8. Executing OPT_EXPR pass (perform const folding).
Optimizing module link_diag.

6.5.9. Executing OPT_MERGE pass (detect identical cells).
Finding identical cells in module `\link_diag'.
Computing hashes of 1696 cells of `\link_diag'.
Finding duplicate cells in `\link_diag'.
Removed a total of 0 cells.

6.5.10. Executing OPT_DFF pass (perform DFF optimizations).

6.5.11. Executing OPT_CLEAN pass (remove unused cells and wires).
Finding unused cells or wires in module \link_diag..

6.5.12. Finished OPT passes. (There is nothing left to do.)

6.6. Executing CHECK pass (checking for obvious problems).
Checking module link_diag...
Found and reported 0 problems.

6.7. Executing TECHMAP pass (map to technology primitives).

6.7.1. Executing Verilog-2005 frontend: C:\oss-cad-suite\bin\../share/yosys/ice40/latches_map.v
Parsing Verilog input from `C:\oss-cad-suite\bin\../share/yosys/ice40/latches_map.v' to AST representation.
Generating RTLIL representation for module `$_DLATCH_N_'.
Generating RTLIL representation for module `$_DLATCH_P_'.
Successfully finished Verilog frontend.

6.7.2. Continuing TECHMAP pass.
No more expansions possible.
<suppressed ~4 debug messages>

6.8. Executing SIMPLEMAP pass (map simple cells to gate primitives).

6.9. Executing TECHMAP pass (map to technology primitives).

6.9.1. Executing Verilog-2005 frontend: C:\oss-cad-suite\bin\../share/yosys/gate2lut.v
Parsing Verilog input from `C:\oss-cad-suite\bin\../share/yosys/gate2lut.v' to AST representation.
Generating RTLIL representation for module `\_90_lut_not'.
Generating RTLIL representation for module `\_90_lut_or'.
Generating RTLIL representation for module `\_90_lut_and'.
Generating RTLIL representation for module `\_90_lut_xor'.
Generating RTLIL representation for module `\_90_lut_mux'.
Successfully finished Verilog frontend.

6.9.2. Continuing TECHMAP pass.
Using template _90_lut_not for cells of type $_NOT_.
Using template _90_lut_or for cells of type $_OR_.
Using template _90_lut_and for cells of type $_AND_.
Using template _90_lut_xor for cells of type $_XOR_.
Using template _90_lut_mux for cells of type $_MUX_.
No more expansions possible.
<suppressed ~1088 debug messages>

6.10. Executing ICE40_WRAPCARRY pass (wrap carries).

6.11. Executing TECHMAP pass (map to technology primitives).

6.11.1. Executing Verilog-2005 frontend: C:\oss-cad-suite\bin\../share/yosys/ice40/ff_map.v
Parsing Verilog input from `C:\oss-cad-suite\bin\../share/yosys/ice40/ff_map.v' to AST representation.
Generating RTLIL representation for module `$_DFF_N_'.
Generating RTLIL representation for module `$_DFF_P_'.
Generating RTLIL representation for module `$_DFFE_NP_'.
Generating RTLIL representation for module `$_DFFE_PP_'.
Generating RTLIL representation for module `$_DFF_NP0_'.
Generating RTLIL representation for module `$_DFF_NP1_'.
Generating RTLIL representation for module `$_DFF_PP0_'.
Generating RTLIL representation for module `$_DFF_PP1_'.
Generating RTLIL representation for module `$_DFFE_NP0P_'.
Generating RTLIL representation for module `$_DFFE_NP1P_'.
Generating RTLIL representation for module `$_DFFE_PP0P_'.
Generating RTLIL representation for module `$_DFFE_PP1P_'.
Generating RTLIL representation for module `$_SDFF_NP0_'.
Generating RTLIL representation for module `$_SDFF_NP1_'.
Generating RTLIL representation for module `$_SDFF_PP0_'.
Generating RTLIL representation for module `$_SDFF_PP1_'.
Generating RTLIL representation for module `$_SDFFCE_NP0P_'.
Generating RTLIL representation for module `$_SDFFCE_NP1P_'.
Generating RTLIL representation for module `$_SDFFCE_PP0P_'.
Generating RTLIL representation for module `$_SDFFCE_PP1P_'.
Successfully finished Verilog frontend.

6.11.2. Continuing TECHMAP pass.
No more expansions possible.
<suppressed ~22 debug messages>
Removed 121 unused cells and 4260 unused wires.

6.12. Executing OPT_LUT pass (optimize LUTs).
Discovering LUTs.
Number of LUTs:     1310
  1-LUT              202
  2-LUT              728
  3-LUT              380
  with \SB_CARRY    (#0)  211
  with \SB_CARRY    (#1)  208

Eliminating LUTs.
Number of LUTs:     1310
  1-LUT              202
  2-LUT              728
  3-LUT              380
  with \SB_CARRY    (#0)  211
  with \SB_CARRY    (#1)  208

Combining LUTs.
Number of LUTs:      780
  1-LUT               85
  2-LUT              164
  3-LUT              322
  4-LUT              209
  with \SB_CARRY    (#0)  211
  with \SB_CARRY    (#1)  208

Eliminated 0 LUTs.
Combined 530 LUTs.
<suppressed ~13884 debug messages>

6.13. Executing TECHMAP pass (map to technology primitives).

6.13.1. Executing Verilog-2005 frontend: C:\oss-cad-suite\bin\../share/yosys/ice40/cells_map.v
Parsing Verilog input from `C:\oss-cad-suite\bin\../share/yosys/ice40/cells_map.v' to AST representation.
Generating RTLIL representation for module `$lut'.
Successfully finished Verilog frontend.

6.13.2. Continuing TECHMAP pass.
Using template $paramod$fd904e9e35cfd343a9df248824bd3f1408724879$lut for cells of type $lut.
Using template $paramod$078443e0e8b302a49ac79789e0fc02b41f07be4c$lut for cells of type $lut.
Using template $paramod$lut\WIDTH=s32'00000000000000000000000000000100\LUT=4'0001 for cells of type $lut.
Using template $paramod$lut\WIDTH=s32'00000000000000000000000000000100\LUT=4'1110 for cells of type $lut.
Using template $paramod$990f0fb2b3d003f8b16e47a6e2203c03f05c2581$lut for cells of type $lut.
Using template $paramod$995ba512a447d27709010e6e3906195ddd4dff0a$lut for cells of type $lut.
Using template $paramod$7125b224d5920c893c2dd3de98a266451c2ebe7d$lut for cells of type $lut.
Using template $paramod$lut\WIDTH=s32'00000000000000000000000000000100\LUT=4'1000 for cells of type $lut.
Using template $paramod$82c0b13701acdc886aede9c55a2dc36d21ba97a1$lut for cells of type $lut.
Using template $paramod$14672a0c0bf57d504a958d6cd17a29203ebe7ad1$lut for cells of type $lut.
Using template $paramod$cc7dce79a6c034945d914e06bca08a33e61e3cfc$lut for cells of type $lut.
Using template $paramod$97e449d15b607612c49291044eca4e2c8b59088e$lut for cells of type $lut.
Using template $paramod$edc3c77d6d0cfa370b4c94131cecc413b4b0ef1c$lut for cells of type $lut.
Using template $paramod$lut\WIDTH=s32'00000000000000000000000000000100\LUT=8'11001010 for cells of type $lut.
Using template $paramod$cc07ab514b971880119f9fe9b1aa7ceb19c26d08$lut for cells of type $lut.
Using template $paramod$05bb6b467fb98a0bc5f2fcdc10c19875585f6f2b$lut for cells of type $lut.
Using template $paramod$9e59c5d219363f480ed59c38c2d654c6e80338f8$lut for cells of type $lut.
Using template $paramod$b0921904cd0556b160571789093bb927ff74536c$lut for cells of type $lut.
Using template $paramod$a613b9fef3cc9774cac6b23709fb15a5abfb223a$lut for cells of type $lut.
Using template $paramod$e0f3fcac9c7bc39414d0e39da2f8263916ca2212$lut for cells of type $lut.
Using template $paramod$641765d19b07224ee3905d13b3845bf933f6c51d$lut for cells of type $lut.
Using template $paramod$29492e4b689210ff3fe11e9e43fbf1d64bce115d$lut for cells of type $lut.
Using template $paramod$86e4ac392b89fc0cba75f5d7a03d15d56a120fdd$lut for cells of type $lut.
Using template $paramod$lut\WIDTH=s32'00000000000000000000000000000100\LUT=4'0110 for cells of type $lut.
Using template $paramod$93fad86b93630519b724b38379e05ca19e0bd207$lut for cells of type $lut.
Using template $paramod$f0e242f93bdcf05fab8dc769c34695f5c243e9b3$lut for cells of type $lut.
Using template $paramod$8166fe1e9ecf8b3b48a448040fb107b5e93d3b9c$lut for cells of type $lut.
Using template $paramod$0c68694ad985ff128824a7f68f070a29cf1248a8$lut for cells of type $lut.
Using template $paramod$afbb7ce752611e45f22faf989903b063462246b8$lut for cells of type $lut.
Using template $paramod$ba971fbbbc6038fc240721e07bde203b2b63c3ad$lut for cells of type $lut.
Using template $paramod$95109a62fea23d1738324748c3fbb67f85edd1de$lut for cells of type $lut.
Using template $paramod$7fada8943c2195f85f2014a04604c99b0ae31f58$lut for cells of type $lut.
Using template $paramod$4518d24fec38775f282096f22ad6cfb50f51384f$lut for cells of type $lut.
Using template $paramod$1698bb7350a5ea3a06024e84bfe74a9a89c07fad$lut for cells of type $lut.
Using template $paramod$5adc0744972d412a87bad377fc9b6173013074e5$lut for cells of type $lut.
Using template $paramod$baee406d84fe0a8ab3e46482a4f51900848b9595$lut for cells of type $lut.
Using template $paramod$58d806574f32fa08aa8bdb1774a536a883d3bd28$lut for cells of type $lut.
Using template $paramod$faf6e9795ae630b52d88b86f0a502b3aed1b606e$lut for cells of type $lut.
Using template $paramod$45ad14593d516f6be4c5df20f7af4ad8f960753d$lut for cells of type $lut.
Using template $paramod$86c3d45faf78c83fe65e2e1f5354cc2f704582d4$lut for cells of type $lut.
Using template $paramod$53b847536e1ff4dc67cb6ffcc2a1b96794ccdbab$lut for cells of type $lut.
Using template $paramod$e1e0860bc66b0ec3f1528c4ebf1eebcd83d23576$lut for cells of type $lut.
Using template $paramod$d310e3e0694af6248e651e404a50cc6035667efa$lut for cells of type $lut.
Using template $paramod$e60b68dda858c16a200321e7570e7a283c81d57c$lut for cells of type $lut.
Using template $paramod$28d07f25c3f724c7772d8abfb9144e8c7168eee9$lut for cells of type $lut.
Using template $paramod$6aa498f357ba98b8be1c0c40af1767e91ef1e792$lut for cells of type $lut.
Using template $paramod$dcc21784e78c87ae1da6dbcac2b27a3ac5c4d394$lut for cells of type $lut.
Using template $paramod$b5790a76aeb953a266484fa873703c44bc670a95$lut for cells of type $lut.
Using template $paramod$d1753b1145dd81674b772b6c0e41c88ea50cbbbc$lut for cells of type $lut.
Using template $paramod$1b019fb2691c89746677f175fc508aec5b1beaab$lut for cells of type $lut.
Using template $paramod$43a9defe325bedb5d7b4a5c85b14ac23f58ef346$lut for cells of type $lut.
Using template $paramod$e5efe4afb0114ec63dc68f101f6a9ea36c7c4f34$lut for cells of type $lut.
Using template $paramod$56acb97b954e82c0e8c183ded93d25b3672702a7$lut for cells of type $lut.
Using template $paramod$a8e6df6a5fd67f9332baa9f73dc6aab00a9ffbfb$lut for cells of type $lut.
Using template $paramod$682fb525e28526aa2b14d0a7620dca8eb11c5730$lut for cells of type $lut.
Using template $paramod$d1374dd64afd8f03c51bc71ea5f77235e72d5eab$lut for cells of type $lut.
Using template $paramod$a8cb9dc6eccb911035b7155b3fa8bdcdb987b386$lut for cells of type $lut.
Using template $paramod$ffa3933191fea50e35a3afc9e64f7f4be54d921c$lut for cells of type $lut.
Using template $paramod$a733b6fe49b7ba05eaee7eaf8518752ab060e6e3$lut for cells of type $lut.
Using template $paramod$f12f5c320f33b032a5d8e9643b181e1c187aab62$lut for cells of type $lut.
Using template $paramod$893a2d12b22003de091303ae130ec3e6b450bef2$lut for cells of type $lut.
Using template $paramod$92b691340760c0585f421be09ef45d4f4fc1dd35$lut for cells of type $lut.
Using template $paramod$a1f07c8e2986d2f625ff9c76ad69bbd14533ede6$lut for cells of type $lut.
Using template $paramod$c0670f2aab73eea2cd5c91d3b03ce85be7de1148$lut for cells of type $lut.
Using template $paramod$d7c6131663aeb4a1a1720dc8508694169bc0fe4a$lut for cells of type $lut.
Using template $paramod$1fa1d497e85c603d406502dbf835d90aadc8c72c$lut for cells of type $lut.
Using template $paramod$4b7183e98db20472269e60e9dbfdd9dddc246d76$lut for cells of type $lut.
Using template $paramod$7e3bf395a077c5d1777809b088b36347c3a994e3$lut for cells of type $lut.
Using template $paramod$2274a105a4a0f2ee10298ac11fa23fbea35642e1$lut for cells of type $lut.
Using template $paramod$843f494e2a9308d7cb1a725c8865c6de0fc2cd36$lut for cells of type $lut.
Using template $paramod$42253ec393aa297b297af920a318aa999ce61565$lut for cells of type $lut.
Using template $paramod$d6c1fc082cd90cd2d6891c8cdf00852e1c858ca2$lut for cells of type $lut.
Using template $paramod$eac7ee502612457d62e471974b70426d3c28f7fd$lut for cells of type $lut.
Using template $paramod$db3cc515e6967efc802249619c7772e9ca1c5c71$lut for cells of type $lut.
Using template $paramod$6d0d05788a4bfe02738d7ab1ff03cff4baff275c$lut for cells of type $lut.
Using template $paramod$941e42d23e43e87d4bd9b0315166a8585c065ed7$lut for cells of type $lut.
Using template $paramod$3e20f06947707338115c9bda96309397648a29bc$lut for cells of type $lut.
Using template $paramod$602e498360b3841ed30e00ec77d1371675e966c0$lut for cells of type $lut.
Using template $paramod$84ab56f4afb2ccb2fa99d6ee8f74b2ab7c2a8a78$lut for cells of type $lut.
No more expansions possible.
<suppressed ~1652 debug messages>
Removed 0 unused cells and 1901 unused wires.

6.14. Executing AUTONAME pass.
Renamed 1747 objects in module link_diag.
<suppressed ~1747 debug messages>

6.15. Executing HIERARCHY pass (managing design hierarchy).
Attribute `top' found on module `link_diag'. Setting top module to link_diag.

6.15.1. Analyzing design hierarchy..
Top module:  \link_diag

6.15.2. Analyzing design hierarchy..
Top module:  \link_diag
Removed 0 unused modules.

6.16. Printing statistics.

=== link_diag ===

        +----------Local Count, excluding submodules.
        | 
      439 wires
     2390 wire bits
      439 public wires
     2390 public wire bits
       17 ports
       17 port bits
        6 cells
        1   $_ANDNOT_
        2   SB_GB
        3   SB_RAM40_4K
     1365 submodules
      305   SB_CARRY
       31   SB_DFF
       76   SB_DFFE
      132   SB_DFFESR
        4   SB_DFFESS
       37   SB_DFFSR
      780   SB_LUT4

=== design hierarchy ===

        +----------Count including submodules.
        | 
        6 link_diag

        +----------Count including submodules.
        | 
      439 wires
     2390 wire bits
      439 public wires
     2390 public wire bits
       17 ports
       17 port bits
        - memories
        - memory bits
        - processes
        6 cells
        1   $_ANDNOT_
        2   SB_GB
        3   SB_RAM40_4K
     1365 submodules
      305   SB_CARRY
       31   SB_DFF
       76   SB_DFFE
      132   SB_DFFESR
        4   SB_DFFESS
       37   SB_DFFSR
      780   SB_LUT4

6.17. Executing CHECK pass (checking for obvious problems).
Checking module link_diag...
Found and reported 0 problems.

7. Executing TECHMAP pass (map to technology primitives).

7.1. Executing Verilog-2005 frontend: ../panel/ornot2lut.v
Parsing Verilog input from `../panel/ornot2lut.v' to AST representation.
Generating RTLIL representation for module `\map_ornot'.
Generating RTLIL representation for module `\map_andnot'.
Successfully finished Verilog frontend.

7.2. Continuing TECHMAP pass.
Using template map_andnot for cells of type $_ANDNOT_.
No more expansions possible.
<suppressed ~5 debug messages>

8. Executing OPT_CLEAN pass (remove unused cells and wires).
Finding unused cells or wires in module \link_diag..
Removed 0 unused cells and 49 unused wires.
<suppressed ~49 debug messages>

9. Executing SYNTH_ICE40 pass.

9.1. Executing CHECK pass (checking for obvious problems).
Checking module link_diag...
Found and reported 0 problems.

9.2. Executing TECHMAP pass (map to technology primitives).

9.2.1. Executing Verilog-2005 frontend: C:\oss-cad-suite\bin\../share/yosys/ice40/latches_map.v
Parsing Verilog input from `C:\oss-cad-suite\bin\../share/yosys/ice40/latches_map.v' to AST representation.
Generating RTLIL representation for module `$_DLATCH_N_'.
Generating RTLIL representation for module `$_DLATCH_P_'.
Successfully finished Verilog frontend.

9.2.2. Continuing TECHMAP pass.
No more expansions possible.
<suppressed ~4 debug messages>

9.3. Executing SIMPLEMAP pass (map simple cells to gate primitives).
Mapping link_diag.probe.low_count_SB_DFFESR_Q_E_SB_LUT4_O_I0_$_ANDNOT__Y.cell_lut ($lut).

9.4. Executing TECHMAP pass (map to technology primitives).

9.4.1. Executing Verilog-2005 frontend: C:\oss-cad-suite\bin\../share/yosys/gate2lut.v
Parsing Verilog input from `C:\oss-cad-suite\bin\../share/yosys/gate2lut.v' to AST representation.
Generating RTLIL representation for module `\_90_lut_not'.
Generating RTLIL representation for module `\_90_lut_or'.
Generating RTLIL representation for module `\_90_lut_and'.
Generating RTLIL representation for module `\_90_lut_xor'.
Generating RTLIL representation for module `\_90_lut_mux'.
Successfully finished Verilog frontend.

9.4.2. Continuing TECHMAP pass.
Using template _90_lut_mux for cells of type $_MUX_.
No more expansions possible.
<suppressed ~10 debug messages>

9.5. Executing ICE40_WRAPCARRY pass (wrap carries).

9.6. Executing TECHMAP pass (map to technology primitives).

9.6.1. Executing Verilog-2005 frontend: C:\oss-cad-suite\bin\../share/yosys/ice40/ff_map.v
Parsing Verilog input from `C:\oss-cad-suite\bin\../share/yosys/ice40/ff_map.v' to AST representation.
Generating RTLIL representation for module `$_DFF_N_'.
Generating RTLIL representation for module `$_DFF_P_'.
Generating RTLIL representation for module `$_DFFE_NP_'.
Generating RTLIL representation for module `$_DFFE_PP_'.
Generating RTLIL representation for module `$_DFF_NP0_'.
Generating RTLIL representation for module `$_DFF_NP1_'.
Generating RTLIL representation for module `$_DFF_PP0_'.
Generating RTLIL representation for module `$_DFF_PP1_'.
Generating RTLIL representation for module `$_DFFE_NP0P_'.
Generating RTLIL representation for module `$_DFFE_NP1P_'.
Generating RTLIL representation for module `$_DFFE_PP0P_'.
Generating RTLIL representation for module `$_DFFE_PP1P_'.
Generating RTLIL representation for module `$_SDFF_NP0_'.
Generating RTLIL representation for module `$_SDFF_NP1_'.
Generating RTLIL representation for module `$_SDFF_PP0_'.
Generating RTLIL representation for module `$_SDFF_PP1_'.
Generating RTLIL representation for module `$_SDFFCE_NP0P_'.
Generating RTLIL representation for module `$_SDFFCE_NP1P_'.
Generating RTLIL representation for module `$_SDFFCE_PP0P_'.
Generating RTLIL representation for module `$_SDFFCE_PP1P_'.
Successfully finished Verilog frontend.

9.6.2. Continuing TECHMAP pass.
No more expansions possible.
<suppressed ~22 debug messages>
Removed 0 unused cells and 16 unused wires.

9.7. Executing OPT_LUT pass (optimize LUTs).
Discovering LUTs.
Number of LUTs:        3
  1-LUT                2
  3-LUT                1
  with \SB_CARRY    (#0)    0
  with \SB_CARRY    (#1)    0

Eliminating LUTs.
Number of LUTs:        1
  3-LUT                1
  with \SB_CARRY    (#0)    0
  with \SB_CARRY    (#1)    0

Combining LUTs.
Number of LUTs:        1
  3-LUT                1
  with \SB_CARRY    (#0)    0
  with \SB_CARRY    (#1)    0

Eliminated 2 LUTs.
Combined 0 LUTs.
<suppressed ~10 debug messages>

9.8. Executing TECHMAP pass (map to technology primitives).

9.8.1. Executing Verilog-2005 frontend: C:\oss-cad-suite\bin\../share/yosys/ice40/cells_map.v
Parsing Verilog input from `C:\oss-cad-suite\bin\../share/yosys/ice40/cells_map.v' to AST representation.
Generating RTLIL representation for module `$lut'.
Successfully finished Verilog frontend.

9.8.2. Continuing TECHMAP pass.
Using template $paramod$lut\WIDTH=s32'00000000000000000000000000000100\LUT=8'11001010 for cells of type $lut.
No more expansions possible.
<suppressed ~15 debug messages>
Removed 0 unused cells and 3 unused wires.

10. Executing JSON backend.

11. Printing statistics.

=== link_diag ===

        +----------Local Count, excluding submodules.
        | 
      393 wires
     2035 wire bits
      393 public wires
     2035 public wire bits
       17 ports
       17 port bits
     1371 cells
      305   SB_CARRY
       31   SB_DFF
       76   SB_DFFE
      132   SB_DFFESR
        4   SB_DFFESS
       37   SB_DFFSR
        2   SB_GB
      781   SB_LUT4
        3   SB_RAM40_4K

End of script. Logfile hash: ae3939a1fc
Yosys 0.69+71 (git sha1 150c32b03-dirty, Release, GNU /usr/bin/x86_64-w64-mingw32-g++ 15.2.1)
Time spent: 1% 36x opt_expr (0 sec), 1% 30x opt_clean (0 sec), ...
Info: constrained 'CLK' to bel 'X0/Y8/io1'
Info: constrained 'TX' to bel 'X0/Y12/io1'
Info: constrained 'RX' to bel 'X7/Y0/io1'
Info: constrained 'R1' to bel 'X0/Y13/io1'
Info: constrained 'G1' to bel 'X0/Y13/io0'
Info: constrained 'B1' to bel 'X0/Y12/io0'
Info: constrained 'R2' to bel 'X0/Y10/io1'
Info: constrained 'G2' to bel 'X0/Y10/io0'
Info: constrained 'B2' to bel 'X0/Y9/io1'
Info: constrained 'A' to bel 'X0/Y9/io0'
Info: constrained 'B' to bel 'X0/Y8/io0'
Info: constrained 'C' to bel 'X0/Y6/io1'
Info: constrained 'SCLK' to bel 'X0/Y6/io0'
Info: constrained 'LAT' to bel 'X0/Y4/io1'
Info: constrained 'OE' to bel 'X0/Y4/io0'
Info: constrained 'LED1' to bel 'X9/Y0/io1'
Info: constrained 'LED2' to bel 'X13/Y3/io1'
Info: constraining clock net 'CLK' to 100.00 MHz
Info: constraining clock net 'clk' to 25.00 MHz
Info: constraining clock net 'display.clk' to 25.00 MHz

Info: Packing constants..
Info: Packing IOs..
Info: Packing LUT-FFs..
Info:      553 LCs used as LUT4 only
Info:      228 LCs used as LUT4 and DFF
Info: Packing non-LUT FFs..
Info:       52 LCs used as DFF only
Info: Packing carries..
Info:       95 LCs used as CARRY only
Info: Packing indirect carry+LUT pairs...
Info:        1 LUTs merged into carry LCs
Info: Packing RAMs..
Info: Placing PLLs..
Info: Packing special functions..
Info: Packing PLLs..
Info: Promoting globals..
Info: promoting TX_SB_LUT4_O_I1[3] [reset] (fanout 46)
Info: promoting CLK$SB_IO_IN (fanout 4)
Info: promoting $PACKER_GND_NET (fanout 2)
Info: Constraining chains...
Info:       42 LCs used to legalise carry chains.
Info: Checksum: 0x14a1579f

Info: Device utilisation:
Info: 	         ICESTORM_LC:     973/   1280    76%
Info: 	        ICESTORM_RAM:       3/     16    18%
Info: 	               SB_IO:      17/     72    23%
Info: 	               SB_GB:       5/      8    62%
Info: 	         SB_WARMBOOT:       0/      1     0%

Info: Placed 17 cells based on constraints.
Info: Creating initial analytic placement for 644 cells, random placement wirelen = 11014.
Info:     at initial placer iter 0, wirelen = 212
Info:     at initial placer iter 1, wirelen = 224
Info:     at initial placer iter 2, wirelen = 235
Info:     at initial placer iter 3, wirelen = 273
Info: Running main analytical placer, max placement attempts per cell = 124500.
Info:     at iteration #1, type ALL: wirelen solved = 219, spread = 4374, legal = 4612; time = 0.01s
Info:     at iteration #2, type ALL: wirelen solved = 306, spread = 3750, legal = 4038; time = 0.01s
Info:     at iteration #3, type ALL: wirelen solved = 406, spread = 3765, legal = 4005; time = 0.01s
Info:     at iteration #4, type ALL: wirelen solved = 474, spread = 3142, legal = 3673; time = 0.01s
Info:     at iteration #5, type ALL: wirelen solved = 521, spread = 2994, legal = 3500; time = 0.01s
Info:     at iteration #6, type ALL: wirelen solved = 551, spread = 2830, legal = 3114; time = 0.01s
Info:     at iteration #7, type ALL: wirelen solved = 618, spread = 2771, legal = 3264; time = 0.01s
Info:     at iteration #8, type ALL: wirelen solved = 727, spread = 2837, legal = 3075; time = 0.01s
Info:     at iteration #9, type ALL: wirelen solved = 792, spread = 3102, legal = 3393; time = 0.01s
Info:     at iteration #10, type ALL: wirelen solved = 821, spread = 2634, legal = 3124; time = 0.01s
Info:     at iteration #11, type ALL: wirelen solved = 835, spread = 2510, legal = 2959; time = 0.01s
Info:     at iteration #12, type ALL: wirelen solved = 865, spread = 2505, legal = 2833; time = 0.01s
Info:     at iteration #13, type ALL: wirelen solved = 926, spread = 2512, legal = 2934; time = 0.01s
Info:     at iteration #14, type ALL: wirelen solved = 951, spread = 2444, legal = 2874; time = 0.01s
Info:     at iteration #15, type ALL: wirelen solved = 994, spread = 2414, legal = 2719; time = 0.01s
Info:     at iteration #16, type ALL: wirelen solved = 1073, spread = 2474, legal = 2802; time = 0.01s
Info:     at iteration #17, type ALL: wirelen solved = 1012, spread = 2443, legal = 2798; time = 0.01s
Info:     at iteration #18, type ALL: wirelen solved = 1052, spread = 2662, legal = 2907; time = 0.01s
Info:     at iteration #19, type ALL: wirelen solved = 1116, spread = 2459, legal = 2977; time = 0.01s
Info:     at iteration #20, type ALL: wirelen solved = 1003, spread = 2451, legal = 2879; time = 0.01s
Info: HeAP Placer Time: 0.37s
Info:   of which solving equations: 0.23s
Info:   of which spreading cells: 0.03s
Info:   of which strict legalisation: 0.02s

Info: Running simulated annealing placer for refinement.
Info:   at iteration #1: temp = 0.000000, timing cost = 181, wirelen = 2719
Info:   at iteration #5: temp = 0.000000, timing cost = 216, wirelen = 2231
Info:   at iteration #10: temp = 0.000000, timing cost = 198, wirelen = 2103
Info:   at iteration #15: temp = 0.000000, timing cost = 182, wirelen = 2029
Info:   at iteration #20: temp = 0.000000, timing cost = 146, wirelen = 1959
Info:   at iteration #21: temp = 0.000000, timing cost = 182, wirelen = 1953 
Info: SA placement time 0.61s

Info: Max frequency for clock           'display.clk': 47.89 MHz (PASS at 25.00 MHz)
Info: Max frequency for clock                   'clk': 112.40 MHz (PASS at 25.00 MHz)
Info: Max frequency for clock 'CLK$SB_IO_IN_$glb_clk': 626.57 MHz (PASS at 100.00 MHz)

Info: Clock '$PACKER_GND_NET_$glb_clk' has no interior paths

Info: Max delay <async>             -> posedge clk: 1.06 ns
Info: Max delay posedge clk         -> <async>    : 6.63 ns
Info: Max delay posedge display.clk -> <async>    : 2.74 ns

Info: Slack histogram:
Info:  legend: * represents 4 endpoint(s)
Info:          + represents [1,4) endpoint(s)
Info: [  8404,   9930) |*+
Info: [  9930,  11456) | 
Info: [ 11456,  12982) | 
Info: [ 12982,  14508) | 
Info: [ 14508,  16034) | 
Info: [ 16034,  17560) | 
Info: [ 17560,  19086) | 
Info: [ 19086,  20612) |*+
Info: [ 20612,  22138) |****+
Info: [ 22138,  23664) |****+
Info: [ 23664,  25190) | 
Info: [ 25190,  26716) |*+
Info: [ 26716,  28242) | 
Info: [ 28242,  29768) |*+
Info: [ 29768,  31294) |*****+
Info: [ 31294,  32820) |****************************+
Info: [ 32820,  34346) |*****************************************+
Info: [ 34346,  35872) |************************************+
Info: [ 35872,  37398) |********************************************+
Info: [ 37398,  38924) |************************************************************ 
Info: Checksum: 0xc07a8e71

Info: Routing..
Info: Setting up routing queue.
Info: Routing 2965 arcs.
Info:            |   (re-)routed arcs  |   delta    | remaining|       time spent     |
Info:    IterCnt |  w/ripup   wo/ripup |  w/r  wo/r |      arcs| batch(sec) total(sec)|
Info:       1000 |      151        796 |  151   796 |      2139|       0.12       0.12|
Info:       2000 |      307       1571 |  156   775 |      1342|       0.08       0.20|
Info:       3000 |      446       2286 |  139   715 |       527|       0.06       0.27|
Info:       3616 |      517       2804 |   71   518 |         0|       0.06       0.33|
Info: Routing complete.
Info: Router1 time 0.33s
Info: Checksum: 0x13d7904b

Info: Critical path report for clock 'display.clk' (posedge -> posedge):
Info:       type curr  total name
Info:   clk-to-q  0.54  0.54 Source display.state_SB_DFFESS_Q_2_D_SB_LUT4_O_LC.O
Info:    routing  0.59  1.13 Net display.state_SB_DFFESR_Q_D_SB_LUT4_O_I3[1] (4,9) -> (4,9)
Info:                          Sink display.state_SB_DFFESS_Q_2_D_SB_LUT4_O_I1_SB_LUT4_O_LC.I0
Info:                          Defined in:
Info:                               ../panel/panel.v:127.26-127.38
Info:                               C:\oss-cad-suite\bin\../share/yosys/gate2lut.v:29.7-32.6
Info:                               C:\oss-cad-suite\bin\../share/yosys/ice40/cells_map.v:6.21-6.22
Info:      logic  0.45  1.58 Source display.state_SB_DFFESS_Q_2_D_SB_LUT4_O_I1_SB_LUT4_O_LC.O
Info:    routing  0.59  2.16 Net display.state_SB_DFFESR_Q_D[0] (4,9) -> (4,10)
Info:                          Sink display.state_SB_DFFESS_Q_2_D_SB_LUT4_O_I1_SB_LUT4_I0_1_LC.I0
Info:                          Defined in:
Info:                               ../panel/panel.v:143.30-143.42
Info:                               ../panel/panel.v:143.26-151.52
Info:                               C:\oss-cad-suite\bin\../share/yosys/gate2lut.v:46.7-49.6
Info:                               C:\oss-cad-suite\bin\../share/yosys/ice40/cells_map.v:6.21-6.22
Info:      logic  0.45  2.61 Source display.state_SB_DFFESS_Q_2_D_SB_LUT4_O_I1_SB_LUT4_I0_1_LC.O
Info:    routing  0.59  3.20 Net display.state_SB_DFFESS_Q_2_D_SB_LUT4_O_I1_SB_LUT4_I0_1_O[0] (4,10) -> (4,10)
Info:                          Sink display.state_SB_DFFESS_Q_2_D_SB_LUT4_O_I1_SB_LUT4_I0_1_O_SB_LUT4_I0_LC.I0
Info:                          Defined in:
Info:                               ../panel/panel.v:137.34-137.45
Info:                               C:\oss-cad-suite\bin\../share/yosys/gate2lut.v:29.7-32.6
Info:                               C:\oss-cad-suite\bin\../share/yosys/ice40/cells_map.v:6.21-6.22
Info:      logic  0.45  3.65 Source display.state_SB_DFFESS_Q_2_D_SB_LUT4_O_I1_SB_LUT4_I0_1_O_SB_LUT4_I0_LC.O
Info:    routing  0.59  4.24 Net display.state_SB_DFFESS_Q_2_D_SB_LUT4_O_I1_SB_LUT4_I0_1_O_SB_LUT4_I0_O[0] (4,10) -> (4,11)
Info:                          Sink display.state_SB_DFFESS_Q_2_D_SB_LUT4_O_I1_SB_LUT4_I0_1_O_SB_LUT4_I0_O_SB_LUT4_I0_LC.I0
Info:                          Defined in:
Info:                               ../panel/panel.v:143.30-143.42
Info:                               ../panel/panel.v:143.26-151.52
Info:                               C:\oss-cad-suite\bin\../share/yosys/gate2lut.v:46.7-49.6
Info:                               C:\oss-cad-suite\bin\../share/yosys/ice40/cells_map.v:6.21-6.22
Info:      logic  0.45  4.68 Source display.state_SB_DFFESS_Q_2_D_SB_LUT4_O_I1_SB_LUT4_I0_1_O_SB_LUT4_I0_O_SB_LUT4_I0_LC.O
Info:    routing  1.27  5.96 Net display.state_SB_DFFESS_Q_2_D_SB_LUT4_O_I1_SB_LUT4_I0_1_O_SB_LUT4_I0_O_SB_LUT4_I0_O[0] (4,11) -> (2,9)
Info:                          Sink display.state_SB_DFFESS_Q_2_D_SB_LUT4_O_I1_SB_LUT4_I0_1_O_SB_LUT4_I0_2_O_SB_LUT4_O_I0_SB_LUT4_I0_1_O_SB_LUT4_O_1_LC.I0
Info:                          Defined in:
Info:                               ../panel/panel.v:107.31-107.31
Info:                               ../panel/panel.v:101.9-110.16
Info:                               C:\oss-cad-suite\bin\../share/yosys/gate2lut.v:29.7-32.6
Info:                               C:\oss-cad-suite\bin\../share/yosys/ice40/cells_map.v:6.21-6.22
Info:      logic  0.45  6.41 Source display.state_SB_DFFESS_Q_2_D_SB_LUT4_O_I1_SB_LUT4_I0_1_O_SB_LUT4_I0_2_O_SB_LUT4_O_I0_SB_LUT4_I0_1_O_SB_LUT4_O_1_LC.O
Info:    routing  0.59  6.99 Net display.state_SB_DFFESS_Q_2_D_SB_LUT4_O_I1_SB_LUT4_I0_1_O_SB_LUT4_I0_2_O_SB_LUT4_O_I0_SB_LUT4_I0_1_O[0] (2,9) -> (1,10)
Info:                          Sink display.length_SB_LUT4_O_I2_SB_LUT4_O_LC.I0
Info:                          Defined in:
Info:                               ../panel/panel.v:107.31-107.31
Info:                               ../panel/panel.v:101.9-110.16
Info:                               C:\oss-cad-suite\bin\../share/yosys/gate2lut.v:29.7-32.6
Info:                               C:\oss-cad-suite\bin\../share/yosys/ice40/cells_map.v:6.21-6.22
Info:      logic  0.45  7.44 Source display.length_SB_LUT4_O_I2_SB_LUT4_O_LC.O
Info:    routing  0.59  8.03 Net display.length_SB_LUT4_O_I2[7] (1,10) -> (2,9)
Info:                          Sink display.length_SB_LUT4_O_LC.I2
Info:                          Defined in:
Info:                               ../panel/panel.v:131.30-131.40
Info:                               C:\oss-cad-suite\bin\../share/yosys/ice40/arith_map.v:33.23-33.24
Info:      logic  0.38  8.41 Source display.length_SB_LUT4_O_LC.O
Info:    routing  0.59  9.00 Net display.length[0] (2,9) -> (2,10)
Info:                          Sink $nextpnr_ICESTORM_LC_22.I1
Info:                          Defined in:
Info:                               ../panel/panel.v:131.30-131.40
Info:                               C:\oss-cad-suite\bin\../share/yosys/ice40/arith_map.v:51.21-51.22
Info:      logic  0.26  9.26 Source $nextpnr_ICESTORM_LC_22.COUT
Info:    routing  0.00  9.26 Net $nextpnr_ICESTORM_LC_22$O (2,10) -> (2,10)
Info:                          Sink display.phase_SB_DFFESR_Q_7_D_SB_LUT4_I0_O_SB_LUT4_O_1_I1_SB_LUT4_I1_O_SB_LUT4_O_I2_SB_LUT4_O_I2_SB_LUT4_O_I3_SB_LUT4_O_I3_SB_LUT4_O_LC.CIN
Info:      logic  0.13  9.38 Source display.phase_SB_DFFESR_Q_7_D_SB_LUT4_I0_O_SB_LUT4_O_1_I1_SB_LUT4_I1_O_SB_LUT4_O_I2_SB_LUT4_O_I2_SB_LUT4_O_I3_SB_LUT4_O_I3_SB_LUT4_O_LC.COUT
Info:    routing  0.00  9.38 Net display.phase_SB_DFFESR_Q_7_D_SB_LUT4_I0_O_SB_LUT4_O_1_I1_SB_LUT4_I1_O_SB_LUT4_O_I2_SB_LUT4_O_I3[2] (2,10) -> (2,10)
Info:                          Sink display.phase_SB_DFFESR_Q_7_D_SB_LUT4_I0_O_SB_LUT4_O_1_I1_SB_LUT4_I1_O_SB_LUT4_O_I2_SB_LUT4_O_I2_SB_LUT4_O_I3_SB_LUT4_O_I3_SB_LUT4_O_5_LC.CIN
Info:                          Defined in:
Info:                               ../panel/panel.v:131.30-131.40
Info:                               C:\oss-cad-suite\bin\../share/yosys/ice40/arith_map.v:51.21-51.22
Info:      logic  0.13  9.51 Source display.phase_SB_DFFESR_Q_7_D_SB_LUT4_I0_O_SB_LUT4_O_1_I1_SB_LUT4_I1_O_SB_LUT4_O_I2_SB_LUT4_O_I2_SB_LUT4_O_I3_SB_LUT4_O_I3_SB_LUT4_O_5_LC.COUT
Info:    routing  0.00  9.51 Net display.phase_SB_DFFESR_Q_7_D_SB_LUT4_I0_O_SB_LUT4_O_1_I1_SB_LUT4_I1_O_SB_LUT4_O_I2_SB_LUT4_O_I3[3] (2,10) -> (2,10)
Info:                          Sink display.phase_SB_DFFESR_Q_7_D_SB_LUT4_I0_O_SB_LUT4_O_1_I1_SB_LUT4_I1_O_SB_LUT4_O_I2_SB_LUT4_O_I2_SB_LUT4_O_I3_SB_LUT4_O_I3_SB_LUT4_O_4_LC.CIN
Info:                          Defined in:
Info:                               ../panel/panel.v:131.30-131.40
Info:                               C:\oss-cad-suite\bin\../share/yosys/ice40/arith_map.v:51.21-51.22
Info:      logic  0.13  9.63 Source display.phase_SB_DFFESR_Q_7_D_SB_LUT4_I0_O_SB_LUT4_O_1_I1_SB_LUT4_I1_O_SB_LUT4_O_I2_SB_LUT4_O_I2_SB_LUT4_O_I3_SB_LUT4_O_I3_SB_LUT4_O_4_LC.COUT
Info:    routing  0.00  9.63 Net display.phase_SB_DFFESR_Q_7_D_SB_LUT4_I0_O_SB_LUT4_O_1_I1_SB_LUT4_I1_O_SB_LUT4_O_I2_SB_LUT4_O_I3[4] (2,10) -> (2,10)
Info:                          Sink display.phase_SB_DFFESR_Q_7_D_SB_LUT4_I0_O_SB_LUT4_O_1_I1_SB_LUT4_I1_O_SB_LUT4_O_I2_SB_LUT4_O_I2_SB_LUT4_O_I3_SB_LUT4_O_I3_SB_LUT4_O_3_LC.CIN
Info:                          Defined in:
Info:                               ../panel/panel.v:131.30-131.40
Info:                               C:\oss-cad-suite\bin\../share/yosys/ice40/arith_map.v:51.21-51.22
Info:      logic  0.13  9.76 Source display.phase_SB_DFFESR_Q_7_D_SB_LUT4_I0_O_SB_LUT4_O_1_I1_SB_LUT4_I1_O_SB_LUT4_O_I2_SB_LUT4_O_I2_SB_LUT4_O_I3_SB_LUT4_O_I3_SB_LUT4_O_3_LC.COUT
Info:    routing  0.00  9.76 Net display.phase_SB_DFFESR_Q_7_D_SB_LUT4_I0_O_SB_LUT4_O_1_I1_SB_LUT4_I1_O_SB_LUT4_O_I2_SB_LUT4_O_I3[5] (2,10) -> (2,10)
Info:                          Sink display.phase_SB_DFFESR_Q_7_D_SB_LUT4_I0_O_SB_LUT4_O_1_I1_SB_LUT4_I1_O_SB_LUT4_O_I2_SB_LUT4_O_I2_SB_LUT4_O_I3_SB_LUT4_O_I3_SB_LUT4_O_2_LC.CIN
Info:                          Defined in:
Info:                               ../panel/panel.v:131.30-131.40
Info:                               C:\oss-cad-suite\bin\../share/yosys/ice40/arith_map.v:51.21-51.22
Info:      logic  0.13  9.89 Source display.phase_SB_DFFESR_Q_7_D_SB_LUT4_I0_O_SB_LUT4_O_1_I1_SB_LUT4_I1_O_SB_LUT4_O_I2_SB_LUT4_O_I2_SB_LUT4_O_I3_SB_LUT4_O_I3_SB_LUT4_O_2_LC.COUT
Info:    routing  0.00  9.89 Net display.phase_SB_DFFESR_Q_7_D_SB_LUT4_I0_O_SB_LUT4_O_1_I1_SB_LUT4_I1_O_SB_LUT4_O_I2_SB_LUT4_O_I3[6] (2,10) -> (2,10)
Info:                          Sink display.phase_SB_DFFESR_Q_7_D_SB_LUT4_I0_O_SB_LUT4_O_1_I1_SB_LUT4_I1_O_SB_LUT4_O_I2_SB_LUT4_O_I2_SB_LUT4_O_I3_SB_LUT4_O_I3_SB_LUT4_O_6_LC.CIN
Info:                          Defined in:
Info:                               ../panel/panel.v:131.30-131.40
Info:                               C:\oss-cad-suite\bin\../share/yosys/ice40/arith_map.v:51.21-51.22
Info:      logic  0.13  10.01 Source display.phase_SB_DFFESR_Q_7_D_SB_LUT4_I0_O_SB_LUT4_O_1_I1_SB_LUT4_I1_O_SB_LUT4_O_I2_SB_LUT4_O_I2_SB_LUT4_O_I3_SB_LUT4_O_I3_SB_LUT4_O_6_LC.COUT
Info:    routing  0.00  10.01 Net display.phase_SB_DFFESR_Q_7_D_SB_LUT4_I0_O_SB_LUT4_O_1_I1_SB_LUT4_I1_O_SB_LUT4_O_I2_SB_LUT4_O_I3[7] (2,10) -> (2,10)
Info:                          Sink display.phase_SB_DFFESR_Q_7_D_SB_LUT4_I0_O_SB_LUT4_O_1_I1_SB_LUT4_I1_O_SB_LUT4_O_I2_SB_LUT4_O_I2_SB_LUT4_O_I3_SB_LUT4_O_I3_SB_LUT4_O_7_LC.CIN
Info:                          Defined in:
Info:                               ../panel/panel.v:131.30-131.40
Info:                               C:\oss-cad-suite\bin\../share/yosys/ice40/arith_map.v:51.21-51.22
Info:      logic  0.13  10.14 Source display.phase_SB_DFFESR_Q_7_D_SB_LUT4_I0_O_SB_LUT4_O_1_I1_SB_LUT4_I1_O_SB_LUT4_O_I2_SB_LUT4_O_I2_SB_LUT4_O_I3_SB_LUT4_O_I3_SB_LUT4_O_7_LC.COUT
Info:    routing  0.20  10.33 Net $nextpnr_ICESTORM_LC_23$I3 (2,10) -> (2,11)
Info:                          Sink $nextpnr_ICESTORM_LC_23.CIN
Info:      logic  0.13  10.46 Source $nextpnr_ICESTORM_LC_23.COUT
Info:    routing  0.00  10.46 Net $nextpnr_ICESTORM_LC_23$COUT (2,11) -> (2,11)
Info:                          Sink display.phase_SB_DFFESR_Q_7_D_SB_LUT4_I0_O_SB_LUT4_O_1_I1_SB_LUT4_I1_O_SB_LUT4_O_I2_SB_LUT4_O_I2_SB_LUT4_O_2_I3_SB_LUT4_O_LC.CIN
Info:      logic  0.13  10.59 Source display.phase_SB_DFFESR_Q_7_D_SB_LUT4_I0_O_SB_LUT4_O_1_I1_SB_LUT4_I1_O_SB_LUT4_O_I2_SB_LUT4_O_I2_SB_LUT4_O_2_I3_SB_LUT4_O_LC.COUT
Info:    routing  0.26  10.84 Net $nextpnr_ICESTORM_LC_24$I3 (2,11) -> (2,11)
Info:                          Sink $nextpnr_ICESTORM_LC_24.I3
Info:      logic  0.31  11.16 Source $nextpnr_ICESTORM_LC_24.O
Info:    routing  0.59  11.75 Net display.phase_SB_DFFESR_Q_7_D_SB_LUT4_I0_O_SB_LUT4_O_1_I1_SB_LUT4_I1_O_SB_LUT4_O_I2_SB_LUT4_O_I3[10] (2,11) -> (2,12)
Info:                          Sink display.phase_SB_DFFESR_Q_7_D_SB_LUT4_I0_O_SB_LUT4_O_1_I1_SB_LUT4_I1_O_SB_LUT4_O_I2_SB_LUT4_O_I2_SB_LUT4_O_I3_SB_LUT4_O_I3_SB_LUT4_O_1_LC.I0
Info:                          Defined in:
Info:                               ../panel/panel.v:131.30-131.40
Info:                               C:\oss-cad-suite\bin\../share/yosys/ice40/arith_map.v:51.21-51.22
Info:      logic  0.45  12.19 Source display.phase_SB_DFFESR_Q_7_D_SB_LUT4_I0_O_SB_LUT4_O_1_I1_SB_LUT4_I1_O_SB_LUT4_O_I2_SB_LUT4_O_I2_SB_LUT4_O_I3_SB_LUT4_O_I3_SB_LUT4_O_1_LC.O
Info:    routing  0.59  12.78 Net display.phase_SB_DFFESR_Q_7_D_SB_LUT4_I0_O_SB_LUT4_O_1_I1_SB_LUT4_I1_O_SB_LUT4_O_I2_SB_LUT4_O_I2_SB_LUT4_O_I3_SB_LUT4_O_I3[10] (2,12) -> (2,12)
Info:                          Sink display.phase_SB_DFFESR_Q_7_D_SB_LUT4_I0_O_SB_LUT4_O_1_I1_SB_LUT4_I1_O_SB_LUT4_O_I2_SB_LUT4_O_I2_SB_LUT4_O_1_I3_SB_LUT4_O_1_LC.I1
Info:                          Defined in:
Info:                               ../panel/panel.v:131.30-131.40
Info:                               C:\oss-cad-suite\bin\../share/yosys/ice40/arith_map.v:33.26-33.27
Info:      logic  0.40  13.18 Source display.phase_SB_DFFESR_Q_7_D_SB_LUT4_I0_O_SB_LUT4_O_1_I1_SB_LUT4_I1_O_SB_LUT4_O_I2_SB_LUT4_O_I2_SB_LUT4_O_1_I3_SB_LUT4_O_1_LC.O
Info:    routing  0.59  13.77 Net display.phase_SB_DFFESR_Q_7_D_SB_LUT4_I0_O_SB_LUT4_O_1_I1_SB_LUT4_I1_O_SB_LUT4_O_I2_SB_LUT4_O_I2_SB_LUT4_O_1_I3[0] (2,12) -> (2,12)
Info:                          Sink display.phase_SB_DFFESR_Q_7_D_SB_LUT4_I0_O_SB_LUT4_O_1_I1_SB_LUT4_I1_O_SB_LUT4_O_I2_SB_LUT4_O_I2_SB_LUT4_O_1_LC.I0
Info:                          Defined in:
Info:                               ../panel/panel.v:131.21-131.40
Info:                               C:\oss-cad-suite\bin\../share/yosys/gate2lut.v:29.7-32.6
Info:                               C:\oss-cad-suite\bin\../share/yosys/ice40/cells_map.v:6.21-6.22
Info:      logic  0.45  14.22 Source display.phase_SB_DFFESR_Q_7_D_SB_LUT4_I0_O_SB_LUT4_O_1_I1_SB_LUT4_I1_O_SB_LUT4_O_I2_SB_LUT4_O_I2_SB_LUT4_O_1_LC.O
Info:    routing  0.59  14.81 Net display.phase_SB_DFFESR_Q_7_D_SB_LUT4_I0_O_SB_LUT4_O_1_I1_SB_LUT4_I1_O_SB_LUT4_O_I2_SB_LUT4_O_I2[1] (2,12) -> (2,11)
Info:                          Sink display.phase_SB_DFFESR_Q_7_D_SB_LUT4_I0_O_SB_LUT4_O_1_I1_SB_LUT4_I1_O_SB_LUT4_O_I2_SB_LUT4_O_LC.I1
Info:                          Defined in:
Info:                               ../panel/panel.v:131.21-131.40
Info:                               C:\oss-cad-suite\bin\../share/yosys/gate2lut.v:29.7-32.6
Info:                               C:\oss-cad-suite\bin\../share/yosys/ice40/cells_map.v:6.21-6.22
Info:      logic  0.40  15.20 Source display.phase_SB_DFFESR_Q_7_D_SB_LUT4_I0_O_SB_LUT4_O_1_I1_SB_LUT4_I1_O_SB_LUT4_O_I2_SB_LUT4_O_LC.O
Info:    routing  1.27  16.48 Net display.phase_SB_DFFESR_Q_7_D_SB_LUT4_I0_O_SB_LUT4_O_1_I1_SB_LUT4_I1_O_SB_LUT4_O_1_I3_SB_LUT4_O_I0_SB_LUT4_I1_I2_SB_LUT4_O_I0[2] (2,11) -> (5,7)
Info:                          Sink display.phase_SB_DFFESR_Q_7_D_SB_LUT4_I0_O_SB_LUT4_O_1_I1_SB_LUT4_I1_O_SB_LUT4_O_I2_SB_LUT4_I0_LC.I0
Info:                          Defined in:
Info:                               ../panel/panel.v:131.21-131.40
Info:                               ../panel/panel.v:131.17-152.48
Info:                               C:\oss-cad-suite\bin\../share/yosys/gate2lut.v:83.7-86.6
Info:                               C:\oss-cad-suite\bin\../share/yosys/ice40/cells_map.v:6.21-6.22
Info:      logic  0.45  16.93 Source display.phase_SB_DFFESR_Q_7_D_SB_LUT4_I0_O_SB_LUT4_O_1_I1_SB_LUT4_I1_O_SB_LUT4_O_I2_SB_LUT4_I0_LC.O
Info:    routing  1.27  18.20 Net display.configured_SB_DFFE_Q_E_SB_LUT4_O_I0[0] (5,7) -> (2,3)
Info:                          Sink SCLK_SB_DFFE_Q_D_SB_LUT4_I0_O_SB_LUT4_I0_O_SB_LUT4_O_1_LC.I1
Info:                          Defined in:
Info:                               C:\oss-cad-suite\bin\../share/yosys/gate2lut.v:46.7-49.6
Info:                               C:\oss-cad-suite\bin\../share/yosys/ice40/cells_map.v:6.21-6.22
Info:      logic  0.40  18.60 Source SCLK_SB_DFFE_Q_D_SB_LUT4_I0_O_SB_LUT4_I0_O_SB_LUT4_O_1_LC.O
Info:    routing  0.59  19.19 Net SCLK_SB_DFFE_Q_D_SB_LUT4_I0_O_SB_LUT4_I0_O[0] (2,3) -> (2,3)
Info:                          Sink display.phase_SB_DFFESR_Q_E_SB_LUT4_O_LC.I0
Info:                          Defined in:
Info:                               C:\oss-cad-suite\bin\../share/yosys/gate2lut.v:46.7-49.6
Info:                               C:\oss-cad-suite\bin\../share/yosys/ice40/cells_map.v:6.21-6.22
Info:      logic  0.45  19.64 Source display.phase_SB_DFFESR_Q_E_SB_LUT4_O_LC.O
Info:    routing  1.62  21.25 Net display.phase_SB_DFFESR_Q_E (2,3) -> (2,3)
Info:                          Sink display.phase_SB_DFFESR_Q_7_DFFLC.CEN
Info:      setup  0.10  21.35 Source display.phase_SB_DFFESR_Q_7_DFFLC.CEN
Info: 8.40 ns logic, 12.95 ns routing

Info: Critical path report for clock 'clk' (posedge -> posedge):
Info:       type curr  total name
Info:   clk-to-q  0.54  0.54 Source probe.low_count_SB_DFFESR_Q_18_DFFLC.O
Info:    routing  0.59  1.13 Net probe.low_count_SB_DFFESR_Q_D_SB_LUT4_O_I3[1] (7,3) -> (7,4)
Info:                          Sink probe.low_count_SB_DFFESR_Q_18_D_SB_LUT4_O_LC.I0
Info:                          Defined in:
Info:                               link_diag.v:53.57-53.73
Info:                               C:\oss-cad-suite\bin\../share/yosys/ice40/arith_map.v:51.21-51.22
Info:      logic  0.45  1.58 Source probe.low_count_SB_DFFESR_Q_18_D_SB_LUT4_O_LC.O
Info:    routing  0.59  2.16 Net probe.low_count_SB_DFFESR_Q_18_D[0] (7,4) -> (7,3)
Info:                          Sink probe.low_count_SB_DFFESR_Q_18_D_SB_LUT4_I0_LC.I0
Info:                          Defined in:
Info:                               link_diag.v:53.57-53.73
Info:                               C:\oss-cad-suite\bin\../share/yosys/ice40/arith_map.v:33.26-33.27
Info:      logic  0.45  2.61 Source probe.low_count_SB_DFFESR_Q_18_D_SB_LUT4_I0_LC.O
Info:    routing  0.59  3.20 Net probe.low_count_SB_DFFESR_Q_18_D_SB_LUT4_I0_O[0] (7,3) -> (7,3)
Info:                          Sink probe.low_count_SB_DFFESR_Q_18_D_SB_LUT4_I0_O_SB_LUT4_I3_LC.I0
Info:                          Defined in:
Info:                               link_diag.v:53.18-53.42
Info:                               C:\oss-cad-suite\bin\../share/yosys/gate2lut.v:46.7-49.6
Info:                               C:\oss-cad-suite\bin\../share/yosys/ice40/cells_map.v:6.21-6.22
Info:      logic  0.45  3.65 Source probe.low_count_SB_DFFESR_Q_18_D_SB_LUT4_I0_O_SB_LUT4_I3_LC.O
Info:    routing  0.59  4.24 Net probe.low_count_SB_DFFESR_Q_18_D_SB_LUT4_I0_O_SB_LUT4_I3_O[2] (7,3) -> (7,4)
Info:                          Sink probe.train_state_SB_DFFESS_Q_D_SB_LUT4_O_I1_SB_LUT4_O_I0_SB_LUT4_I2_O_SB_LUT4_O_I1_SB_LUT4_I1_O_SB_LUT4_I3_O_SB_LUT4_O_LC.I2
Info:                          Defined in:
Info:                               link_diag.v:53.18-53.42
Info:                               C:\oss-cad-suite\bin\../share/yosys/gate2lut.v:46.7-49.6
Info:                               C:\oss-cad-suite\bin\../share/yosys/ice40/cells_map.v:6.21-6.22
Info:      logic  0.38  4.61 Source probe.train_state_SB_DFFESS_Q_D_SB_LUT4_O_I1_SB_LUT4_O_I0_SB_LUT4_I2_O_SB_LUT4_O_I1_SB_LUT4_I1_O_SB_LUT4_I3_O_SB_LUT4_O_LC.O
Info:    routing  0.59  5.20 Net probe.train_state_SB_DFFESS_Q_D_SB_LUT4_O_I1_SB_LUT4_O_I0_SB_LUT4_I2_O_SB_LUT4_O_I1_SB_LUT4_I1_O_SB_LUT4_I2_O[2] (7,4) -> (8,5)
Info:                          Sink probe.train_state_SB_DFFESS_Q_D_SB_LUT4_O_I1_SB_LUT4_O_I0_SB_LUT4_I2_O_SB_LUT4_O_I2_SB_LUT4_O_LC.I0
Info:                          Defined in:
Info:                               C:\oss-cad-suite\bin\../share/yosys/gate2lut.v:46.7-49.6
Info:                               C:\oss-cad-suite\bin\../share/yosys/ice40/cells_map.v:6.21-6.22
Info:      logic  0.45  5.65 Source probe.train_state_SB_DFFESS_Q_D_SB_LUT4_O_I1_SB_LUT4_O_I0_SB_LUT4_I2_O_SB_LUT4_O_I2_SB_LUT4_O_LC.O
Info:    routing  0.59  6.24 Net probe.train_state_SB_DFFESS_Q_D_SB_LUT4_O_I1_SB_LUT4_O_I0_SB_LUT4_I2_O_SB_LUT4_O_I2[2] (8,5) -> (8,5)
Info:                          Sink probe.train_state_SB_DFFESS_Q_D_SB_LUT4_O_I1_SB_LUT4_O_I0_SB_LUT4_I2_O_SB_LUT4_O_LC.I2
Info:                          Defined in:
Info:                               C:\oss-cad-suite\bin\../share/yosys/gate2lut.v:29.7-32.6
Info:                               C:\oss-cad-suite\bin\../share/yosys/ice40/cells_map.v:6.21-6.22
Info:      logic  0.38  6.62 Source probe.train_state_SB_DFFESS_Q_D_SB_LUT4_O_I1_SB_LUT4_O_I0_SB_LUT4_I2_O_SB_LUT4_O_LC.O
Info:    routing  0.59  7.20 Net probe.train_state_SB_DFFESS_Q_D_SB_LUT4_O_I1_SB_LUT4_O_I0_SB_LUT4_I2_O[0] (8,5) -> (8,4)
Info:                          Sink probe.train_state_SB_DFFESS_Q_D_SB_LUT4_O_I1_SB_LUT4_O_I0_SB_LUT4_I2_O_SB_LUT4_I1_LC.I0
Info:                          Defined in:
Info:                               C:\oss-cad-suite\bin\../share/yosys/gate2lut.v:46.7-49.6
Info:                               C:\oss-cad-suite\bin\../share/yosys/ice40/cells_map.v:6.21-6.22
Info:      logic  0.45  7.65 Source probe.train_state_SB_DFFESS_Q_D_SB_LUT4_O_I1_SB_LUT4_O_I0_SB_LUT4_I2_O_SB_LUT4_I1_LC.O
Info:    routing  1.62  9.27 Net probe.train_state_SB_DFFESS_Q_D_SB_LUT4_O_I1_SB_LUT4_O_I0_SB_LUT4_I2_O_SB_LUT4_I1_O (8,4) -> (9,2)
Info:                          Sink probe.guard_count_SB_DFFESR_Q_D_SB_LUT4_O_10_LC.CEN
Info:      setup  0.10  9.37 Source probe.guard_count_SB_DFFESR_Q_D_SB_LUT4_O_10_LC.CEN
Info: 3.64 ns logic, 5.73 ns routing

Info: Critical path report for clock 'CLK$SB_IO_IN_$glb_clk' (posedge -> posedge):
Info:       type curr  total name
Info:   clk-to-q  0.54  0.54 Source display.div_SB_DFF_Q_1_D_SB_LUT4_O_LC.O
Info:    routing  0.59  1.13 Net display.div[0] (4,1) -> (4,1)
Info:                          Sink display.div_SB_DFF_Q_1_D_SB_LUT4_O_LC.I0
Info:                          Defined in:
Info:                               ../panel/panel.v:25.15-25.18
Info:      setup  0.47  1.60 Source display.div_SB_DFF_Q_1_D_SB_LUT4_O_LC.I0
Info: 1.01 ns logic, 0.59 ns routing

Info: Critical path report for cross-domain path '<async>' -> 'posedge clk':
Info:       type curr  total name
Info:     source  0.00  0.00 Source RX$sb_io.D_IN_0
Info:    routing  0.59  0.59 Net RX$SB_IO_IN (7,0) -> (8,1)
Info:                          Sink RX_SB_LUT4_I0_LC.I0
Info:                          Defined in:
Info:                               link_diag.v:2.16-2.18
Info:      setup  0.47  1.06 Source RX_SB_LUT4_I0_LC.I0
Info: 0.47 ns logic, 0.59 ns routing

Info: Critical path report for cross-domain path 'posedge clk' -> '<async>':
Info:       type curr  total name
Info:   clk-to-q  0.54  0.54 Source probe.train_state_SB_DFFESS_Q_D_SB_LUT4_O_1_LC.O
Info:    routing  0.59  1.13 Net probe.receiver.rst_SB_LUT4_O_I1[0] (11,6) -> (11,7)
Info:                          Sink probe.receiver.rst_SB_LUT4_O_I0_SB_LUT4_O_LC.I0
Info:                          Defined in:
Info:                               link_diag.v:66.44-66.44
Info:                               link_diag.v:57.18-70.16
Info:                               C:\oss-cad-suite\bin\../share/yosys/gate2lut.v:29.7-32.6
Info:                               C:\oss-cad-suite\bin\../share/yosys/ice40/cells_map.v:6.21-6.22
Info:      logic  0.45  1.58 Source probe.receiver.rst_SB_LUT4_O_I0_SB_LUT4_O_LC.O
Info:    routing  0.59  2.16 Net probe.receiver.rst_SB_LUT4_O_I0[0] (11,7) -> (11,7)
Info:                          Sink probe.receiver.rst_SB_LUT4_O_LC.I0
Info:                          Defined in:
Info:                               link_diag.v:58.71-58.71
Info:                               link_diag.v:57.18-70.16
Info:                               C:\oss-cad-suite\bin\../share/yosys/gate2lut.v:29.7-32.6
Info:                               C:\oss-cad-suite\bin\../share/yosys/ice40/cells_map.v:6.21-6.22
Info:      logic  0.45  2.61 Source probe.receiver.rst_SB_LUT4_O_LC.O
Info:    routing  1.64  4.26 Net TX_SB_LUT4_O_I1[3] (11,7) -> (8,13)
Info:                          Sink LED1_SB_LUT4_O_LC.I0
Info:                          Defined in:
Info:                               C:\oss-cad-suite\bin\../share/yosys/gate2lut.v:29.7-32.6
Info:                               C:\oss-cad-suite\bin\../share/yosys/ice40/cells_map.v:6.21-6.22
Info:      logic  0.45  4.70 Source LED1_SB_LUT4_O_LC.O
Info:    routing  2.07  6.78 Net LED1$SB_IO_OUT (8,13) -> (9,0)
Info:                          Sink LED1$sb_io.D_OUT_0
Info:                          Defined in:
Info:                               C:\oss-cad-suite\bin\../share/yosys/gate2lut.v:46.7-49.6
Info:                               C:\oss-cad-suite\bin\../share/yosys/ice40/cells_map.v:6.21-6.22
Info: 1.88 ns logic, 4.89 ns routing

Info: Critical path report for cross-domain path 'posedge display.clk' -> '<async>':
Info:       type curr  total name
Info:   clk-to-q  0.54  0.54 Source display.LED2_SB_LUT4_I2_LC.O
Info:    routing  0.59  1.13 Net display.LED2 (12,4) -> (11,4)
Info:                          Sink LED2_SB_LUT4_O_LC.I1
Info:                          Defined in:
Info:                               ../panel/panel.v:34.16-34.25
Info:      logic  0.40  1.53 Source LED2_SB_LUT4_O_LC.O
Info:    routing  1.27  2.80 Net LED2$SB_IO_OUT (11,4) -> (13,3)
Info:                          Sink LED2$sb_io.D_OUT_0
Info:                          Defined in:
Info:                               link_diag.v:4.53-4.57
Info: 0.94 ns logic, 1.86 ns routing

Info: Max frequency for clock           'display.clk': 46.83 MHz (PASS at 25.00 MHz)
Info: Max frequency for clock                   'clk': 106.72 MHz (PASS at 25.00 MHz)
Info: Max frequency for clock 'CLK$SB_IO_IN_$glb_clk': 626.57 MHz (PASS at 100.00 MHz)

Info: Clock '$PACKER_GND_NET_$glb_clk' has no interior paths

Info: Max delay <async>             -> posedge clk: 1.06 ns
Info: Max delay posedge clk         -> <async>    : 6.78 ns
Info: Max delay posedge display.clk -> <async>    : 2.80 ns

Info: Slack histogram:
Info:  legend: * represents 4 endpoint(s)
Info:          + represents [1,4) endpoint(s)
Info: [  8404,   9923) |*+
Info: [  9923,  11442) | 
Info: [ 11442,  12961) | 
Info: [ 12961,  14480) | 
Info: [ 14480,  15999) | 
Info: [ 15999,  17518) | 
Info: [ 17518,  19037) |*+
Info: [ 19037,  20556) |**+
Info: [ 20556,  22075) |****+
Info: [ 22075,  23594) |*+
Info: [ 23594,  25113) | 
Info: [ 25113,  26632) |*+
Info: [ 26632,  28151) | 
Info: [ 28151,  29670) |+
Info: [ 29670,  31189) |**********+
Info: [ 31189,  32708) |********************************+
Info: [ 32708,  34227) |****************************+
Info: [ 34227,  35746) |*************************************+
Info: [ 35746,  37265) |*********************************************+
Info: [ 37265,  38784) |************************************************************ 

Info: Program finished normally.

Algorithm       Hash                                                                   Path
---------       ----                                                                   ----
SHA256          E6E675A3E2145F5F83ECC53C2E2F99B437C255DE51DF6AD6ED5C9D60C57AB34F       C:\Users\user\Documents\fpga\lin…

