
-- Executing script file `synth.ys' --

1. Executing Verilog-2005 frontend: panel.v
Parsing SystemVerilog input from `panel.v' to AST representation.
Generating RTLIL representation for module `\panel'.
Successfully finished Verilog frontend.

2. Executing SYNTH_ICE40 pass.

2.1. Executing Verilog-2005 frontend: C:\oss-cad-suite\bin\../share/yosys/ice40/cells_sim.v
Parsing Verilog input from `C:\oss-cad-suite\bin\../share/yosys/ice40/cells_sim.v' to AST representation.
Generating RTLIL representation for module `\SB_IO'.
Generating RTLIL representation for module `\SB_GB_IO'.
Generating RTLIL representation for module `\SB_GB'.
Generating RTLIL representation for module `\SB_LUT4'.
Generating RTLIL representation for module `\SB_CARRY'.
Generating RTLIL representation for module `\SB_DFF'.
Generating RTLIL representation for module `\SB_DFFE'.
Generating RTLIL representation for module `\SB_DFFSR'.
Generating RTLIL representation for module `\SB_DFFR'.
Generating RTLIL representation for module `\SB_DFFSS'.
Generating RTLIL representation for module `\SB_DFFS'.
Generating RTLIL representation for module `\SB_DFFESR'.
Generating RTLIL representation for module `\SB_DFFER'.
Generating RTLIL representation for module `\SB_DFFESS'.
Generating RTLIL representation for module `\SB_DFFES'.
Generating RTLIL representation for module `\SB_DFFN'.
Generating RTLIL representation for module `\SB_DFFNE'.
Generating RTLIL representation for module `\SB_DFFNSR'.
Generating RTLIL representation for module `\SB_DFFNR'.
Generating RTLIL representation for module `\SB_DFFNSS'.
Generating RTLIL representation for module `\SB_DFFNS'.
Generating RTLIL representation for module `\SB_DFFNESR'.
Generating RTLIL representation for module `\SB_DFFNER'.
Generating RTLIL representation for module `\SB_DFFNESS'.
Generating RTLIL representation for module `\SB_DFFNES'.
Generating RTLIL representation for module `\SB_RAM40_4K'.
Generating RTLIL representation for module `\SB_RAM40_4KNR'.
Generating RTLIL representation for module `\SB_RAM40_4KNW'.
Generating RTLIL representation for module `\SB_RAM40_4KNRNW'.
Generating RTLIL representation for module `\ICESTORM_LC'.
Generating RTLIL representation for module `\SB_PLL40_CORE'.
Generating RTLIL representation for module `\SB_PLL40_PAD'.
Generating RTLIL representation for module `\SB_PLL40_2_PAD'.
Generating RTLIL representation for module `\SB_PLL40_2F_CORE'.
Generating RTLIL representation for module `\SB_PLL40_2F_PAD'.
Generating RTLIL representation for module `\SB_WARMBOOT'.
Generating RTLIL representation for module `\SB_SPRAM256KA'.
Generating RTLIL representation for module `\SB_HFOSC'.
Generating RTLIL representation for module `\SB_LFOSC'.
Generating RTLIL representation for module `\SB_RGBA_DRV'.
Generating RTLIL representation for module `\SB_LED_DRV_CUR'.
Generating RTLIL representation for module `\SB_RGB_DRV'.
Generating RTLIL representation for module `\SB_I2C'.
Generating RTLIL representation for module `\SB_SPI'.
Generating RTLIL representation for module `\SB_LEDDA_IP'.
Generating RTLIL representation for module `\SB_FILTER_50NS'.
Generating RTLIL representation for module `\SB_IO_I3C'.
Generating RTLIL representation for module `\SB_IO_OD'.
Generating RTLIL representation for module `\SB_MAC16'.
Generating RTLIL representation for module `\ICESTORM_RAM'.
Successfully finished Verilog frontend.

2.2. Executing HIERARCHY pass (managing design hierarchy).

2.2.1. Analyzing design hierarchy..
Top module:  \panel

2.2.2. Analyzing design hierarchy..
Top module:  \panel
Removed 0 unused modules.

2.3. Executing PROC pass (convert processes to netlists).

2.3.1. Executing PROC_CLEAN pass (remove empty switches from decision trees).
Removing empty process `panel.$proc$panel.v:66$78'.
Found and cleaned up 1 empty switch in `\panel.$proc$panel.v:167$45'.
Cleaned up 1 empty switch.

2.3.2. Executing PROC_RMDEAD pass (remove dead branches from decision trees).
Marked 10 switch rules as full_case in process $proc$panel.v:124$17 in module panel.
Marked 2 switch rules as full_case in process $proc$panel.v:100$16 in module panel.
Marked 1 switch rules as full_case in process $proc$panel.v:72$15 in module panel.
Marked 1 switch rules as full_case in process $proc$panel.v:43$5 in module panel.
Removed a total of 0 dead cases.

2.3.3. Executing PROC_PRUNE pass (remove redundant assignments in processes).
Removed 2 redundant assignments.
Promoted 26 assignments to connections.

2.3.4. Executing PROC_INIT pass (extract init attributes).
Found init rule in `\panel.$proc$panel.v:65$77'.
  Set init value: \pattern_rgb = 6'000000
Found init rule in `\panel.$proc$panel.v:61$76'.
  Set init value: \rgb = 6'000000
Found init rule in `\panel.$proc$panel.v:60$75'.
  Set init value: \tick_div = 8'00000000
Found init rule in `\panel.$proc$panel.v:59$74'.
  Set init value: \scan_row = 6'000000
Found init rule in `\panel.$proc$panel.v:58$73'.
  Set init value: \phase = 8'00000000
Found init rule in `\panel.$proc$panel.v:57$72'.
  Set init value: \config_index = 5'00000
Found init rule in `\panel.$proc$panel.v:56$71'.
  Set init value: \count = 16'0000000000000000
Found init rule in `\panel.$proc$panel.v:55$70'.
  Set init value: \state = 4'0000
Found init rule in `\panel.$proc$panel.v:42$69'.
  Set init value: \uart_bit = 5'00000
Found init rule in `\panel.$proc$panel.v:41$68'.
  Set init value: \uart_div = 13'0000000000000
Found init rule in `\panel.$proc$panel.v:36$67'.
  Set init value: \visible_uploads = 2'00
Found init rule in `\panel.$proc$panel.v:35$66'.
  Set init value: \configured = 1'0
Found init rule in `\panel.$proc$panel.v:34$65'.
  Set init value: \heartbeat = 27'000000000000000000000000000
Found init rule in `\panel.$proc$panel.v:25$64'.
  Set init value: \div = 2'00
Found init rule in `\panel.$proc$panel.v:21$63'.
  Set init value: \A = 1'0
  Set init value: \B = 1'0
  Set init value: \C = 1'0
  Set init value: \LAT = 1'0
  Set init value: \SCLK = 1'0
  Set init value: \OE = 1'0

2.3.5. Executing PROC_ARST pass (detect async resets in processes).

2.3.6. Executing PROC_ROM pass (convert switches to ROMs).
Converted 1 switch.
<suppressed ~20 debug messages>

2.3.7. Executing PROC_MUX pass (convert decision trees to multiplexers).
Creating decoders for process `\panel.$proc$panel.v:65$77'.
Creating decoders for process `\panel.$proc$panel.v:61$76'.
Creating decoders for process `\panel.$proc$panel.v:60$75'.
Creating decoders for process `\panel.$proc$panel.v:59$74'.
Creating decoders for process `\panel.$proc$panel.v:58$73'.
Creating decoders for process `\panel.$proc$panel.v:57$72'.
Creating decoders for process `\panel.$proc$panel.v:56$71'.
Creating decoders for process `\panel.$proc$panel.v:55$70'.
Creating decoders for process `\panel.$proc$panel.v:42$69'.
Creating decoders for process `\panel.$proc$panel.v:41$68'.
Creating decoders for process `\panel.$proc$panel.v:36$67'.
Creating decoders for process `\panel.$proc$panel.v:35$66'.
Creating decoders for process `\panel.$proc$panel.v:34$65'.
Creating decoders for process `\panel.$proc$panel.v:25$64'.
Creating decoders for process `\panel.$proc$panel.v:21$63'.
Creating decoders for process `\panel.$proc$panel.v:167$45'.
     1/6: $0\C[0:0]
     2/6: $0\OE[0:0]
     3/6: $0\LAT[0:0]
     4/6: $0\B[0:0]
     5/6: $0\A[0:0]
     6/6: $0\rgb[5:0]
Creating decoders for process `\panel.$proc$panel.v:124$17'.
     1/9: $0\tick_div[7:0]
     2/9: $0\scan_row[5:0]
     3/9: $0\phase[7:0]
     4/9: $0\config_index[4:0]
     5/9: $0\count[15:0]
     6/9: $0\state[3:0]
     7/9: $0\visible_uploads[1:0]
     8/9: $0\configured[0:0]
     9/9: $0\SCLK[0:0]
Creating decoders for process `\panel.$proc$panel.v:100$16'.
     1/2: $1\word[15:0]
     2/2: $1\length[15:0]
Creating decoders for process `\panel.$proc$panel.v:72$15'.
     1/1: $1\config_word[15:0]
Creating decoders for process `\panel.$proc$panel.v:67$13'.
Creating decoders for process `\panel.$proc$panel.v:43$5'.
     1/2: $0\uart_div[12:0]
     2/2: $0\uart_bit[4:0]
Creating decoders for process `\panel.$proc$panel.v:37$3'.
Creating decoders for process `\panel.$proc$panel.v:26$1'.

2.3.8. Executing PROC_DLATCH pass (convert process syncs to latches).
No latch inferred for signal `\panel.\word' from process `\panel.$proc$panel.v:100$16'.
No latch inferred for signal `\panel.\length' from process `\panel.$proc$panel.v:100$16'.
No latch inferred for signal `\panel.\config_word' from process `\panel.$proc$panel.v:72$15'.

2.3.9. Executing PROC_DFF pass (convert process syncs to FFs).
Creating register for signal `\panel.\A' using process `\panel.$proc$panel.v:167$45'.
  created $dff cell `$procdff$665' with positive edge clock.
Creating register for signal `\panel.\B' using process `\panel.$proc$panel.v:167$45'.
  created $dff cell `$procdff$666' with positive edge clock.
Creating register for signal `\panel.\C' using process `\panel.$proc$panel.v:167$45'.
  created $dff cell `$procdff$667' with positive edge clock.
Creating register for signal `\panel.\LAT' using process `\panel.$proc$panel.v:167$45'.
  created $dff cell `$procdff$668' with positive edge clock.
Creating register for signal `\panel.\OE' using process `\panel.$proc$panel.v:167$45'.
  created $dff cell `$procdff$669' with positive edge clock.
Creating register for signal `\panel.\rgb' using process `\panel.$proc$panel.v:167$45'.
  created $dff cell `$procdff$670' with positive edge clock.
Creating register for signal `\panel.\SCLK' using process `\panel.$proc$panel.v:124$17'.
  created $dff cell `$procdff$671' with positive edge clock.
Creating register for signal `\panel.\configured' using process `\panel.$proc$panel.v:124$17'.
  created $dff cell `$procdff$672' with positive edge clock.
Creating register for signal `\panel.\visible_uploads' using process `\panel.$proc$panel.v:124$17'.
  created $dff cell `$procdff$673' with positive edge clock.
Creating register for signal `\panel.\state' using process `\panel.$proc$panel.v:124$17'.
  created $dff cell `$procdff$674' with positive edge clock.
Creating register for signal `\panel.\count' using process `\panel.$proc$panel.v:124$17'.
  created $dff cell `$procdff$675' with positive edge clock.
Creating register for signal `\panel.\config_index' using process `\panel.$proc$panel.v:124$17'.
  created $dff cell `$procdff$676' with positive edge clock.
Creating register for signal `\panel.\phase' using process `\panel.$proc$panel.v:124$17'.
  created $dff cell `$procdff$677' with positive edge clock.
Creating register for signal `\panel.\scan_row' using process `\panel.$proc$panel.v:124$17'.
  created $dff cell `$procdff$678' with positive edge clock.
Creating register for signal `\panel.\tick_div' using process `\panel.$proc$panel.v:124$17'.
  created $dff cell `$procdff$679' with positive edge clock.
Creating register for signal `\panel.\pattern_rgb' using process `\panel.$proc$panel.v:67$13'.
  created $dff cell `$procdff$680' with positive edge clock.
Creating register for signal `\panel.\uart_div' using process `\panel.$proc$panel.v:43$5'.
  created $dff cell `$procdff$681' with positive edge clock.
Creating register for signal `\panel.\uart_bit' using process `\panel.$proc$panel.v:43$5'.
  created $dff cell `$procdff$682' with positive edge clock.
Creating register for signal `\panel.\heartbeat' using process `\panel.$proc$panel.v:37$3'.
  created $dff cell `$procdff$683' with positive edge clock.
Creating register for signal `\panel.\div' using process `\panel.$proc$panel.v:26$1'.
  created $dff cell `$procdff$684' with positive edge clock.

2.3.10. Executing PROC_MEMWR pass (convert process memory writes to cells).

2.3.11. Executing PROC_CLEAN pass (remove empty switches from decision trees).
Removing empty process `panel.$proc$panel.v:65$77'.
Removing empty process `panel.$proc$panel.v:61$76'.
Removing empty process `panel.$proc$panel.v:60$75'.
Removing empty process `panel.$proc$panel.v:59$74'.
Removing empty process `panel.$proc$panel.v:58$73'.
Removing empty process `panel.$proc$panel.v:57$72'.
Removing empty process `panel.$proc$panel.v:56$71'.
Removing empty process `panel.$proc$panel.v:55$70'.
Removing empty process `panel.$proc$panel.v:42$69'.
Removing empty process `panel.$proc$panel.v:41$68'.
Removing empty process `panel.$proc$panel.v:36$67'.
Removing empty process `panel.$proc$panel.v:35$66'.
Removing empty process `panel.$proc$panel.v:34$65'.
Removing empty process `panel.$proc$panel.v:25$64'.
Removing empty process `panel.$proc$panel.v:21$63'.
Found and cleaned up 4 empty switches in `\panel.$proc$panel.v:167$45'.
Removing empty process `panel.$proc$panel.v:167$45'.
Found and cleaned up 13 empty switches in `\panel.$proc$panel.v:124$17'.
Removing empty process `panel.$proc$panel.v:124$17'.
Found and cleaned up 2 empty switches in `\panel.$proc$panel.v:100$16'.
Removing empty process `panel.$proc$panel.v:100$16'.
Found and cleaned up 1 empty switch in `\panel.$proc$panel.v:72$15'.
Removing empty process `panel.$proc$panel.v:72$15'.
Removing empty process `panel.$proc$panel.v:67$13'.
Found and cleaned up 1 empty switch in `\panel.$proc$panel.v:43$5'.
Removing empty process `panel.$proc$panel.v:43$5'.
Removing empty process `panel.$proc$panel.v:37$3'.
Removing empty process `panel.$proc$panel.v:26$1'.
Cleaned up 21 empty switches.

2.3.12. Executing OPT_EXPR pass (perform const folding).
Optimizing module panel.
<suppressed ~9 debug messages>

2.4. Executing CHECK pass (checking for obvious problems).
Checking module panel...
Found and reported 0 problems.

2.5. Executing FLATTEN pass (flatten design).

2.6. Executing TRIBUF pass.

2.7. Executing DEMINOUT pass (demote inout ports to input or output).

2.8. Executing OPT_EXPR pass (perform const folding).
Optimizing module panel.
<suppressed ~2 debug messages>

2.9. Executing CHECK pass (checking for obvious problems).
Checking module panel...
Found and reported 0 problems.

2.10. Executing OPT_CLEAN pass (remove unused cells and wires).
Finding unused cells or wires in module \panel..
Removed 1 unused cells and 112 unused wires.
<suppressed ~2 debug messages>

2.11. Executing OPT pass (performing simple optimizations).

2.11.1. Executing OPT_EXPR pass (perform const folding).
Optimizing module panel.

2.11.2. Executing OPT_MERGE pass (detect identical cells).
Finding identical cells in module `\panel'.
Computing hashes of 189 cells of `\panel'.
Finding duplicate cells in `\panel'.
Computing hashes of 156 cells of `\panel'.
Finding duplicate cells in `\panel'.
Computing hashes of 150 cells of `\panel'.
Finding duplicate cells in `\panel'.
<suppressed ~117 debug messages>
Removed a total of 39 cells.

2.11.3. Executing OPT_MUXTREE pass (detect dead branches in mux trees).
Running muxtree optimizer on module \panel..
  Creating internal representation of mux trees.
  Evaluating internal representation of mux trees.
  Analyzing evaluation results.
Removed 0 multiplexer ports.
<suppressed ~99 debug messages>

2.11.4. Executing OPT_REDUCE pass (consolidate $*mux and $reduce_* inputs).
  Optimizing cells in module \panel.
Performed a total of 0 changes.

2.11.5. Executing OPT_MERGE pass (detect identical cells).
Finding identical cells in module `\panel'.
Computing hashes of 150 cells of `\panel'.
Finding duplicate cells in `\panel'.
Removed a total of 0 cells.

2.11.6. Executing OPT_DFF pass (perform DFF optimizations).

2.11.7. Executing OPT_CLEAN pass (remove unused cells and wires).
Finding unused cells or wires in module \panel..
Removed 0 unused cells and 29 unused wires.
<suppressed ~1 debug messages>

2.11.8. Executing OPT_EXPR pass (perform const folding).
Optimizing module panel.

2.11.9. Rerunning OPT passes. (Maybe there is more to do..)

2.11.10. Executing OPT_MUXTREE pass (detect dead branches in mux trees).
Running muxtree optimizer on module \panel..
  Creating internal representation of mux trees.
  Evaluating internal representation of mux trees.
  Analyzing evaluation results.
Removed 0 multiplexer ports.
<suppressed ~99 debug messages>

2.11.11. Executing OPT_REDUCE pass (consolidate $*mux and $reduce_* inputs).
  Optimizing cells in module \panel.
Performed a total of 0 changes.

2.11.12. Executing OPT_MERGE pass (detect identical cells).
Finding identical cells in module `\panel'.
Computing hashes of 150 cells of `\panel'.
Finding duplicate cells in `\panel'.
Removed a total of 0 cells.

2.11.13. Executing OPT_DFF pass (perform DFF optimizations).

2.11.14. Executing OPT_CLEAN pass (remove unused cells and wires).
Finding unused cells or wires in module \panel..

2.11.15. Executing OPT_EXPR pass (perform const folding).
Optimizing module panel.

2.11.16. Finished fast OPT passes. (There is nothing left to do.)

2.12. Executing FSM pass (extract and optimize FSM).

2.12.1. Executing FSM_DETECT pass (finding FSMs in design).

2.12.2. Executing FSM_EXTRACT pass (extracting FSM from design).

2.12.3. Executing FSM_OPT pass (simple optimizations of FSMs).

2.12.4. Executing OPT_CLEAN pass (remove unused cells and wires).
Finding unused cells or wires in module \panel..

2.12.5. Executing FSM_OPT pass (simple optimizations of FSMs).

2.12.6. Executing FSM_RECODE pass (re-assigning FSM state encoding).

2.12.7. Executing FSM_INFO pass (dumping all available information on FSM cells).

2.12.8. Executing FSM_MAP pass (mapping FSMs to basic logic).

2.13. Executing OPT pass (performing simple optimizations).

2.13.1. Executing OPT_EXPR pass (perform const folding).
Optimizing module panel.

2.13.2. Executing OPT_MERGE pass (detect identical cells).
Finding identical cells in module `\panel'.
Computing hashes of 150 cells of `\panel'.
Finding duplicate cells in `\panel'.
Removed a total of 0 cells.

2.13.3. Executing OPT_MUXTREE pass (detect dead branches in mux trees).
Running muxtree optimizer on module \panel..
  Creating internal representation of mux trees.
  Evaluating internal representation of mux trees.
  Analyzing evaluation results.
Removed 0 multiplexer ports.
<suppressed ~99 debug messages>

2.13.4. Executing OPT_REDUCE pass (consolidate $*mux and $reduce_* inputs).
  Optimizing cells in module \panel.
Performed a total of 0 changes.

2.13.5. Executing OPT_MERGE pass (detect identical cells).
Finding identical cells in module `\panel'.
Computing hashes of 150 cells of `\panel'.
Finding duplicate cells in `\panel'.
Removed a total of 0 cells.

2.13.6. Executing OPT_DFF pass (perform DFF optimizations).
Adding EN signal on $procdff$665 ($dff) from module panel (D = $procmux$486_Y, Q = \A).
Adding SRST signal on $auto$ff.cc:337:slice$685 ($dffe) from module panel (D = \scan_row [0], Q = \A, rval = 1'0).
Adding EN signal on $procdff$666 ($dff) from module panel (D = $procmux$482_Y, Q = \B).
Adding SRST signal on $auto$ff.cc:337:slice$687 ($dffe) from module panel (D = \scan_row [1], Q = \B, rval = 1'0).
Adding EN signal on $procdff$667 ($dff) from module panel (D = $procmux$463_Y, Q = \C).
Adding SRST signal on $auto$ff.cc:337:slice$689 ($dffe) from module panel (D = \scan_row [2], Q = \C, rval = 1'0).
Adding EN signal on $procdff$668 ($dff) from module panel (D = $procmux$474_Y, Q = \LAT).
Adding EN signal on $procdff$669 ($dff) from module panel (D = $procmux$467_Y, Q = \OE).
Adding EN signal on $procdff$670 ($dff) from module panel (D = $procmux$494_Y, Q = \rgb).
Adding EN signal on $procdff$671 ($dff) from module panel (D = $procmux$638_Y, Q = \SCLK).
Adding EN signal on $procdff$672 ($dff) from module panel (D = 1'1, Q = \configured).
Adding EN signal on $procdff$673 ($dff) from module panel (D = $add$panel.v:136$27_Y, Q = \visible_uploads).
Adding EN signal on $procdff$674 ($dff) from module panel (D = $procmux$592_Y, Q = \state).
Adding SRST signal on $auto$ff.cc:337:slice$709 ($dffe) from module panel (D = $procmux$589_Y, Q = \state, rval = 4'1011).
Adding EN signal on $procdff$675 ($dff) from module panel (D = $procmux$573_Y, Q = \count).
Adding SRST signal on $auto$ff.cc:337:slice$715 ($dffe) from module panel (D = $add$panel.v:152$35_Y, Q = \count, rval = 16'0000000000000000).
Adding EN signal on $procdff$676 ($dff) from module panel (D = $procmux$554_Y, Q = \config_index).
Adding SRST signal on $auto$ff.cc:337:slice$721 ($dffe) from module panel (D = $add$panel.v:150$33_Y, Q = \config_index, rval = 5'00000).
Adding EN signal on $procdff$677 ($dff) from module panel (D = $procmux$543_Y, Q = \phase).
Adding EN signal on $procdff$678 ($dff) from module panel (D = $procmux$520_Y, Q = \scan_row).
Adding SRST signal on $procdff$679 ($dff) from module panel (D = $add$panel.v:163$44_Y, Q = \tick_div, rval = 8'00000000).
Adding SRST signal on $procdff$681 ($dff) from module panel (D = $add$panel.v:47$8_Y, Q = \uart_div, rval = 13'0000000000000).
Adding EN signal on $procdff$682 ($dff) from module panel (D = $add$panel.v:46$7_Y, Q = \uart_bit).

2.13.7. Executing OPT_CLEAN pass (remove unused cells and wires).
Finding unused cells or wires in module \panel..
Removed 43 unused cells and 43 unused wires.
<suppressed ~44 debug messages>

2.13.8. Executing OPT_EXPR pass (perform const folding).
Optimizing module panel.
<suppressed ~2 debug messages>

2.13.9. Rerunning OPT passes. (Maybe there is more to do..)

2.13.10. Executing OPT_MUXTREE pass (detect dead branches in mux trees).
Running muxtree optimizer on module \panel..
  Creating internal representation of mux trees.
  Evaluating internal representation of mux trees.
  Analyzing evaluation results.
Removed 0 multiplexer ports.
<suppressed ~46 debug messages>

2.13.11. Executing OPT_REDUCE pass (consolidate $*mux and $reduce_* inputs).
  Optimizing cells in module \panel.
Performed a total of 0 changes.

2.13.12. Executing OPT_MERGE pass (detect identical cells).
Finding identical cells in module `\panel'.
Computing hashes of 129 cells of `\panel'.
Finding duplicate cells in `\panel'.
Computing hashes of 121 cells of `\panel'.
Finding duplicate cells in `\panel'.
Computing hashes of 120 cells of `\panel'.
Finding duplicate cells in `\panel'.
<suppressed ~27 debug messages>
Removed a total of 9 cells.

2.13.13. Executing OPT_DFF pass (perform DFF optimizations).

2.13.14. Executing OPT_CLEAN pass (remove unused cells and wires).
Finding unused cells or wires in module \panel..
Removed 0 unused cells and 9 unused wires.
<suppressed ~1 debug messages>

2.13.15. Executing OPT_EXPR pass (perform const folding).
Optimizing module panel.

2.13.16. Rerunning OPT passes. (Maybe there is more to do..)

2.13.17. Executing OPT_MUXTREE pass (detect dead branches in mux trees).
Running muxtree optimizer on module \panel..
  Creating internal representation of mux trees.
  Evaluating internal representation of mux trees.
  Analyzing evaluation results.
Removed 0 multiplexer ports.
<suppressed ~46 debug messages>

2.13.18. Executing OPT_REDUCE pass (consolidate $*mux and $reduce_* inputs).
  Optimizing cells in module \panel.
Performed a total of 0 changes.

2.13.19. Executing OPT_MERGE pass (detect identical cells).
Finding identical cells in module `\panel'.
Computing hashes of 120 cells of `\panel'.
Finding duplicate cells in `\panel'.
Removed a total of 0 cells.

2.13.20. Executing OPT_DFF pass (perform DFF optimizations).

2.13.21. Executing OPT_CLEAN pass (remove unused cells and wires).
Finding unused cells or wires in module \panel..

2.13.22. Executing OPT_EXPR pass (perform const folding).
Optimizing module panel.

2.13.23. Finished fast OPT passes. (There is nothing left to do.)

2.14. Executing WREDUCE pass (reducing word size of cells).
Removed top 27 address bits (of 32) from memory init port panel.$auto$mem.cc:351:emit$462 ($auto$proc_rom.cc:155:do_switch$460).
Removed top 22 address bits (of 32) from memory init port panel.$meminit$\pattern$panel.v:66$62 (pattern).
Removed top 1 bits (of 2) from port B of cell panel.$auto$simple.cc:194:make_patterns_logic$737 ($ne).
Removed top 1 bits (of 2) from port B of cell panel.$auto$simple.cc:194:make_patterns_logic$735 ($ne).
Removed top 28 bits (of 32) from port B of cell panel.$lt$panel.v:50$10 ($lt).
Removed top 5 bits (of 8) from port B of cell panel.$eq$panel.v:125$18 ($eq).
Removed top 31 bits (of 32) from port B of cell panel.$sub$panel.v:131$22 ($sub).
Removed top 15 bits (of 32) from port Y of cell panel.$sub$panel.v:131$22 ($sub).
Removed top 30 bits (of 32) from port B of cell panel.$lt$panel.v:135$25 ($lt).
Removed top 1 bits (of 8) from port B of cell panel.$eq$panel.v:155$39 ($eq).
Removed top 1 bits (of 8) from port B of cell panel.$eq$panel.v:157$41 ($eq).
Removed top 3 bits (of 6) from port B of cell panel.$eq$panel.v:158$42 ($eq).
Removed top 30 bits (of 32) from port B of cell panel.$lt$panel.v:174$47 ($lt).
Removed top 28 bits (of 32) from port B of cell panel.$lt$panel.v:175$48 ($lt).
Removed top 28 bits (of 32) from port B of cell panel.$lt$panel.v:176$49 ($lt).
Removed top 25 bits (of 32) from port B of cell panel.$ge$panel.v:179$52 ($ge).
Removed top 25 bits (of 32) from port B of cell panel.$ge$panel.v:183$53 ($ge).
Removed top 25 bits (of 32) from port B of cell panel.$lt$panel.v:183$54 ($lt).
Removed top 28 bits (of 32) from port A of cell panel.$sub$panel.v:193$59 ($sub).
Removed top 27 bits (of 32) from port Y of cell panel.$sub$panel.v:193$59 ($sub).
Removed top 27 bits (of 32) from port B of cell panel.$shiftx$panel.v:193$60 ($shiftx).
Removed top 3 bits (of 4) from mux cell panel.$procmux$587 ($mux).
Removed top 1 bits (of 4) from port B of cell panel.$procmux$644_CMP0 ($eq).
Removed top 1 bits (of 4) from port B of cell panel.$procmux$645_CMP0 ($eq).
Removed top 1 bits (of 4) from port B of cell panel.$procmux$646_CMP0 ($eq).
Removed top 1 bits (of 4) from port B of cell panel.$procmux$647_CMP0 ($eq).
Removed top 2 bits (of 4) from port B of cell panel.$procmux$648_CMP0 ($eq).
Removed top 2 bits (of 4) from port B of cell panel.$procmux$655_CMP0 ($eq).
Removed top 3 bits (of 4) from port B of cell panel.$procmux$656_CMP0 ($eq).
Removed top 27 bits (of 32) from port B of cell panel.$shiftx$panel.v:178$51 ($shiftx).
Removed top 3 bits (of 4) from wire panel.$procmux$587_Y.

2.15. Executing PEEPOPT pass (run peephole optimizers).

2.16. Executing OPT_CLEAN pass (remove unused cells and wires).
Finding unused cells or wires in module \panel..
Removed 0 unused cells and 1 unused wires.
<suppressed ~1 debug messages>

2.17. Executing SHARE pass (SAT-based resource sharing).

2.18. Executing TECHMAP pass (map to technology primitives).

2.18.1. Executing Verilog-2005 frontend: C:\oss-cad-suite\bin\../share/yosys/cmp2lut.v
Parsing Verilog input from `C:\oss-cad-suite\bin\../share/yosys/cmp2lut.v' to AST representation.
Generating RTLIL representation for module `\_90_lut_cmp_'.
Successfully finished Verilog frontend.

2.18.2. Continuing TECHMAP pass.
Using template $paramod$95cc903f66ace9a14a4cfd768767dedcebc73225\_90_lut_cmp_ for cells of type $lt.
No more expansions possible.
<suppressed ~212 debug messages>

2.19. Executing OPT_EXPR pass (perform const folding).
Optimizing module panel.

2.20. Executing OPT_CLEAN pass (remove unused cells and wires).
Finding unused cells or wires in module \panel..
Removed 0 unused cells and 3 unused wires.
<suppressed ~1 debug messages>

2.21. Executing ALUMACC pass (create $alu and $macc cells).
Extracting $alu and $macc cells in module panel:
  creating $macc model for $sub$panel.v:193$59 ($sub).
  creating $macc model for $add$panel.v:163$44 ($add).
  creating $macc model for $add$panel.v:159$43 ($add).
  creating $macc model for $add$panel.v:156$40 ($add).
  creating $macc model for $add$panel.v:152$35 ($add).
  creating $macc model for $add$panel.v:151$34 ($add).
  creating $macc model for $add$panel.v:150$33 ($add).
  creating $macc model for $add$panel.v:136$27 ($add).
  creating $macc model for $sub$panel.v:131$22 ($sub).
  creating $macc model for $add$panel.v:47$8 ($add).
  creating $macc model for $add$panel.v:46$7 ($add).
  creating $macc model for $add$panel.v:37$4 ($add).
  creating $macc model for $add$panel.v:26$2 ($add).
  creating $alu model for $macc $add$panel.v:26$2.
  creating $alu model for $macc $add$panel.v:37$4.
  creating $alu model for $macc $add$panel.v:46$7.
  creating $alu model for $macc $add$panel.v:47$8.
  creating $alu model for $macc $sub$panel.v:131$22.
  creating $alu model for $macc $add$panel.v:136$27.
  creating $alu model for $macc $add$panel.v:150$33.
  creating $alu model for $macc $add$panel.v:151$34.
  creating $alu model for $macc $add$panel.v:152$35.
  creating $alu model for $macc $add$panel.v:156$40.
  creating $alu model for $macc $add$panel.v:159$43.
  creating $alu model for $macc $add$panel.v:163$44.
  creating $alu model for $macc $sub$panel.v:193$59.
  creating $alu model for $lt$panel.v:183$54 ($lt): new $alu
  creating $alu model for $ge$panel.v:183$53 ($ge): new $alu
  creating $alu model for $ge$panel.v:179$52 ($ge): new $alu
  creating $alu model for $lt$panel.v:176$49 ($lt): new $alu
  creating $alu model for $lt$panel.v:175$48 ($lt): new $alu
  creating $alu model for $lt$panel.v:174$47 ($lt): new $alu
  creating $alu model for $lt$panel.v:50$10 ($lt): new $alu
  creating $alu cell for $lt$panel.v:50$10: $auto$alumacc.cc:548:replace_alu$763
  creating $alu cell for $lt$panel.v:174$47: $auto$alumacc.cc:548:replace_alu$768
  creating $alu cell for $lt$panel.v:175$48: $auto$alumacc.cc:548:replace_alu$773
  creating $alu cell for $lt$panel.v:176$49: $auto$alumacc.cc:548:replace_alu$778
  creating $alu cell for $ge$panel.v:179$52: $auto$alumacc.cc:548:replace_alu$783
  creating $alu cell for $ge$panel.v:183$53: $auto$alumacc.cc:548:replace_alu$796
  creating $alu cell for $lt$panel.v:183$54: $auto$alumacc.cc:548:replace_alu$809
  creating $alu cell for $sub$panel.v:193$59: $auto$alumacc.cc:548:replace_alu$814
  creating $alu cell for $add$panel.v:163$44: $auto$alumacc.cc:548:replace_alu$817
  creating $alu cell for $add$panel.v:159$43: $auto$alumacc.cc:548:replace_alu$820
  creating $alu cell for $add$panel.v:156$40: $auto$alumacc.cc:548:replace_alu$823
  creating $alu cell for $add$panel.v:152$35: $auto$alumacc.cc:548:replace_alu$826
  creating $alu cell for $add$panel.v:151$34: $auto$alumacc.cc:548:replace_alu$829
  creating $alu cell for $add$panel.v:150$33: $auto$alumacc.cc:548:replace_alu$832
  creating $alu cell for $add$panel.v:136$27: $auto$alumacc.cc:548:replace_alu$835
  creating $alu cell for $sub$panel.v:131$22: $auto$alumacc.cc:548:replace_alu$838
  creating $alu cell for $add$panel.v:47$8: $auto$alumacc.cc:548:replace_alu$841
  creating $alu cell for $add$panel.v:46$7: $auto$alumacc.cc:548:replace_alu$844
  creating $alu cell for $add$panel.v:37$4: $auto$alumacc.cc:548:replace_alu$847
  creating $alu cell for $add$panel.v:26$2: $auto$alumacc.cc:548:replace_alu$850
  created 20 $alu and 0 $macc cells.

2.22. Executing OPT pass (performing simple optimizations).

2.22.1. Executing OPT_EXPR pass (perform const folding).
Optimizing module panel.
<suppressed ~1 debug messages>

2.22.2. Executing OPT_MERGE pass (detect identical cells).
Finding identical cells in module `\panel'.
Computing hashes of 135 cells of `\panel'.
Finding duplicate cells in `\panel'.
Removed a total of 0 cells.

2.22.3. Executing OPT_MUXTREE pass (detect dead branches in mux trees).
Running muxtree optimizer on module \panel..
  Creating internal representation of mux trees.
  Evaluating internal representation of mux trees.
  Analyzing evaluation results.
Removed 0 multiplexer ports.
<suppressed ~46 debug messages>

2.22.4. Executing OPT_REDUCE pass (consolidate $*mux and $reduce_* inputs).
  Optimizing cells in module \panel.
Performed a total of 0 changes.

2.22.5. Executing OPT_MERGE pass (detect identical cells).
Finding identical cells in module `\panel'.
Computing hashes of 135 cells of `\panel'.
Finding duplicate cells in `\panel'.
Removed a total of 0 cells.

2.22.6. Executing OPT_DFF pass (perform DFF optimizations).
Adding SRST signal on $auto$ff.cc:337:slice$714 ($sdffce) from module panel (D = { $procmux$583_Y [3] $procmux$583_Y [1] }, Q = { \state [3] \state [1] }, rval = 2'11).
Adding SRST signal on $auto$ff.cc:337:slice$714 ($sdffce) from module panel (D = $add$panel.v:151$34_Y [2], Q = \state [2], rval = 1'0).

2.22.7. Executing OPT_CLEAN pass (remove unused cells and wires).
Finding unused cells or wires in module \panel..
Removed 1 unused cells and 8 unused wires.
<suppressed ~2 debug messages>

2.22.8. Executing OPT_EXPR pass (perform const folding).
Optimizing module panel.

2.22.9. Rerunning OPT passes. (Maybe there is more to do..)

2.22.10. Executing OPT_MUXTREE pass (detect dead branches in mux trees).
Running muxtree optimizer on module \panel..
  Creating internal representation of mux trees.
  Evaluating internal representation of mux trees.
  Analyzing evaluation results.
Removed 0 multiplexer ports.
<suppressed ~47 debug messages>

2.22.11. Executing OPT_REDUCE pass (consolidate $*mux and $reduce_* inputs).
  Optimizing cells in module \panel.
Performed a total of 0 changes.

2.22.12. Executing OPT_MERGE pass (detect identical cells).
Finding identical cells in module `\panel'.
Computing hashes of 138 cells of `\panel'.
Finding duplicate cells in `\panel'.
Computing hashes of 137 cells of `\panel'.
Finding duplicate cells in `\panel'.
<suppressed ~3 debug messages>
Removed a total of 1 cells.

2.22.13. Executing OPT_DFF pass (perform DFF optimizations).

2.22.14. Executing OPT_CLEAN pass (remove unused cells and wires).
Finding unused cells or wires in module \panel..
Removed 0 unused cells and 1 unused wires.
<suppressed ~1 debug messages>

2.22.15. Executing OPT_EXPR pass (perform const folding).
Optimizing module panel.

2.22.16. Rerunning OPT passes. (Maybe there is more to do..)

2.22.17. Executing OPT_MUXTREE pass (detect dead branches in mux trees).
Running muxtree optimizer on module \panel..
  Creating internal representation of mux trees.
  Evaluating internal representation of mux trees.
  Analyzing evaluation results.
Removed 0 multiplexer ports.
<suppressed ~47 debug messages>

2.22.18. Executing OPT_REDUCE pass (consolidate $*mux and $reduce_* inputs).
  Optimizing cells in module \panel.
Performed a total of 0 changes.

2.22.19. Executing OPT_MERGE pass (detect identical cells).
Finding identical cells in module `\panel'.
Computing hashes of 137 cells of `\panel'.
Finding duplicate cells in `\panel'.
Removed a total of 0 cells.

2.22.20. Executing OPT_DFF pass (perform DFF optimizations).

2.22.21. Executing OPT_CLEAN pass (remove unused cells and wires).
Finding unused cells or wires in module \panel..

2.22.22. Executing OPT_EXPR pass (perform const folding).
Optimizing module panel.

2.22.23. Finished fast OPT passes. (There is nothing left to do.)

2.23. Executing MEMORY pass.

2.23.1. Executing OPT_MEM pass (optimize memories).
panel.$auto$proc_rom.cc:155:do_switch$460: removing const-0 lane 15
Performed a total of 1 transformations.

2.23.2. Executing OPT_MEM_PRIORITY pass (removing unnecessary memory write priority relations).
Performed a total of 0 transformations.

2.23.3. Executing OPT_MEM_FEEDBACK pass (finding memory read-to-write feedback paths).

2.23.4. Executing MEMORY_BMUX2ROM pass (converting muxes to ROMs).

2.23.5. Executing MEMORY_DFF pass (merging $dff cells to $memrd).
Checking read port `$auto$proc_rom.cc:155:do_switch$460'[0] in module `\panel': no output FF found.
Checking read port `\pattern'[0] in module `\panel': merging output FF to cell.
Checking read port address `$auto$proc_rom.cc:155:do_switch$460'[0] in module `\panel': address FF has fully-defined init value, not supported.

2.23.6. Executing OPT_CLEAN pass (remove unused cells and wires).
Finding unused cells or wires in module \panel..
Removed 1 unused cells and 7 unused wires.
<suppressed ~2 debug messages>

2.23.7. Executing MEMORY_SHARE pass (consolidating $memrd/$memwr cells).

2.23.8. Executing OPT_MEM_WIDEN pass (optimize memories where all ports are wide).
Performed a total of 0 transformations.

2.23.9. Executing OPT_CLEAN pass (remove unused cells and wires).
Finding unused cells or wires in module \panel..

2.23.10. Executing MEMORY_COLLECT pass (generating $mem cells).

2.24. Executing OPT_CLEAN pass (remove unused cells and wires).
Finding unused cells or wires in module \panel..

2.25. Executing MEMORY_LIBMAP pass (mapping memories to cells).
using FF mapping for memory panel.$auto$proc_rom.cc:155:do_switch$460
mapping memory panel.pattern via $__ICE40_RAM4K_
<suppressed ~69 debug messages>

2.26. Executing TECHMAP pass (map to technology primitives).

2.26.1. Executing Verilog-2005 frontend: C:\oss-cad-suite\bin\../share/yosys/ice40/brams_map.v
Parsing Verilog input from `C:\oss-cad-suite\bin\../share/yosys/ice40/brams_map.v' to AST representation.
Generating RTLIL representation for module `$__ICE40_RAM4K_'.
Successfully finished Verilog frontend.

2.26.2. Executing Verilog-2005 frontend: C:\oss-cad-suite\bin\../share/yosys/ice40/spram_map.v
Parsing Verilog input from `C:\oss-cad-suite\bin\../share/yosys/ice40/spram_map.v' to AST representation.
Generating RTLIL representation for module `$__ICE40_SPRAM_'.
Successfully finished Verilog frontend.

2.26.3. Continuing TECHMAP pass.
Using template $paramod$1be1a460a9d98e36f7471307a2a59f16c8c5053d$__ICE40_RAM4K_ for cells of type $__ICE40_RAM4K_.
Using template $paramod$def9d39a95bfad5be29ba196d97736affe2f19e7$__ICE40_RAM4K_ for cells of type $__ICE40_RAM4K_.
No more expansions possible.
<suppressed ~44 debug messages>

2.27. Executing ICE40_BRAMINIT pass.

2.28. Executing OPT pass (performing simple optimizations).

2.28.1. Executing OPT_EXPR pass (perform const folding).
Optimizing module panel.
<suppressed ~44 debug messages>

2.28.2. Executing OPT_MERGE pass (detect identical cells).
Finding identical cells in module `\panel'.
Computing hashes of 140 cells of `\panel'.
Finding duplicate cells in `\panel'.
Computing hashes of 137 cells of `\panel'.
Finding duplicate cells in `\panel'.
<suppressed ~9 debug messages>
Removed a total of 3 cells.

2.28.3. Executing OPT_DFF pass (perform DFF optimizations).
Adding SRST signal on $auto$ff.cc:337:slice$731 ($dffe) from module panel (D = $add$panel.v:156$40_Y, Q = \phase, rval = 8'00000000).

2.28.4. Executing OPT_CLEAN pass (remove unused cells and wires).
Finding unused cells or wires in module \panel..
Removed 3 unused cells and 46 unused wires.
<suppressed ~4 debug messages>

2.28.5. Rerunning OPT passes. (Removed registers in this run.)

2.28.6. Executing OPT_EXPR pass (perform const folding).
Optimizing module panel.

2.28.7. Executing OPT_MERGE pass (detect identical cells).
Finding identical cells in module `\panel'.
Computing hashes of 136 cells of `\panel'.
Finding duplicate cells in `\panel'.
Removed a total of 0 cells.

2.28.8. Executing OPT_DFF pass (perform DFF optimizations).

2.28.9. Executing OPT_CLEAN pass (remove unused cells and wires).
Finding unused cells or wires in module \panel..

2.28.10. Finished fast OPT passes.

2.29. Executing MEMORY_MAP pass (converting memories to logic and flip-flops).
Mapping memory $auto$proc_rom.cc:155:do_switch$460 in module \panel:
  created 32 $dff cells and 0 static cells of width 15.
  read interface: 0 $dff and 31 $mux cells.
  write interface: 0 write mux blocks.

2.30. Executing OPT pass (performing simple optimizations).

2.30.1. Executing OPT_EXPR pass (perform const folding).
Optimizing module panel.
<suppressed ~8 debug messages>

2.30.2. Executing OPT_MERGE pass (detect identical cells).
Finding identical cells in module `\panel'.
Computing hashes of 158 cells of `\panel'.
Finding duplicate cells in `\panel'.
Removed a total of 0 cells.

2.30.3. Executing OPT_MUXTREE pass (detect dead branches in mux trees).
Running muxtree optimizer on module \panel..
  Creating internal representation of mux trees.
  Evaluating internal representation of mux trees.
  Analyzing evaluation results.
Removed 0 multiplexer ports.
<suppressed ~61 debug messages>

2.30.4. Executing OPT_REDUCE pass (consolidate $*mux and $reduce_* inputs).
  Optimizing cells in module \panel.
    Consolidated identical input bits for $mux cell $memory$auto$proc_rom.cc:155:do_switch$460$rdmux[0][4][6]$1023:
      Old ports: A=15'001000100100111, B=15'001100000000000, Y=$memory$auto$proc_rom.cc:155:do_switch$460$rdmux[0][3][3]$a$991
      New ports: A=2'01, B=2'10, Y={ $memory$auto$proc_rom.cc:155:do_switch$460$rdmux[0][3][3]$a$991 [11] $memory$auto$proc_rom.cc:155:do_switch$460$rdmux[0][3][3]$a$991 [0] }
      New connections: { $memory$auto$proc_rom.cc:155:do_switch$460$rdmux[0][3][3]$a$991 [14:12] $memory$auto$proc_rom.cc:155:do_switch$460$rdmux[0][3][3]$a$991 [10:1] } = { 5'00100 $memory$auto$proc_rom.cc:155:do_switch$460$rdmux[0][3][3]$a$991 [0] 2'00 $memory$auto$proc_rom.cc:155:do_switch$460$rdmux[0][3][3]$a$991 [0] 2'00 $memory$auto$proc_rom.cc:155:do_switch$460$rdmux[0][3][3]$a$991 [0] $memory$auto$proc_rom.cc:155:do_switch$460$rdmux[0][3][3]$a$991 [0] }
    Consolidated identical input bits for $mux cell $memory$auto$proc_rom.cc:155:do_switch$460$rdmux[0][4][5]$1020:
      Old ports: A=15'000111100000001, B=15'001000001000000, Y=$memory$auto$proc_rom.cc:155:do_switch$460$rdmux[0][3][2]$b$989
      New ports: A=2'01, B=2'10, Y={ $memory$auto$proc_rom.cc:155:do_switch$460$rdmux[0][3][2]$b$989 [6] $memory$auto$proc_rom.cc:155:do_switch$460$rdmux[0][3][2]$b$989 [0] }
      New connections: { $memory$auto$proc_rom.cc:155:do_switch$460$rdmux[0][3][2]$b$989 [14:7] $memory$auto$proc_rom.cc:155:do_switch$460$rdmux[0][3][2]$b$989 [5:1] } = { 2'00 $memory$auto$proc_rom.cc:155:do_switch$460$rdmux[0][3][2]$b$989 [6] $memory$auto$proc_rom.cc:155:do_switch$460$rdmux[0][3][2]$b$989 [0] $memory$auto$proc_rom.cc:155:do_switch$460$rdmux[0][3][2]$b$989 [0] $memory$auto$proc_rom.cc:155:do_switch$460$rdmux[0][3][2]$b$989 [0] $memory$auto$proc_rom.cc:155:do_switch$460$rdmux[0][3][2]$b$989 [0] 6'000000 }
    Consolidated identical input bits for $mux cell $memory$auto$proc_rom.cc:155:do_switch$460$rdmux[0][4][4]$1017:
      Old ports: A=15'000110100000001, B=15'000111010000110, Y=$memory$auto$proc_rom.cc:155:do_switch$460$rdmux[0][3][2]$a$988
      New ports: A=2'01, B=2'10, Y=$memory$auto$proc_rom.cc:155:do_switch$460$rdmux[0][3][2]$a$988 [1:0]
      New connections: $memory$auto$proc_rom.cc:155:do_switch$460$rdmux[0][3][2]$a$988 [14:2] = { 5'00011 $memory$auto$proc_rom.cc:155:do_switch$460$rdmux[0][3][2]$a$988 [1:0] $memory$auto$proc_rom.cc:155:do_switch$460$rdmux[0][3][2]$a$988 [1] 4'0000 $memory$auto$proc_rom.cc:155:do_switch$460$rdmux[0][3][2]$a$988 [1] }
    Consolidated identical input bits for $mux cell $memory$auto$proc_rom.cc:155:do_switch$460$rdmux[0][4][3]$1014:
      Old ports: A=15'000011100100000, B=15'000110000011000, Y=$memory$auto$proc_rom.cc:155:do_switch$460$rdmux[0][3][1]$b$986
      New ports: A=2'10, B=2'01, Y={ $memory$auto$proc_rom.cc:155:do_switch$460$rdmux[0][3][1]$b$986 [5] $memory$auto$proc_rom.cc:155:do_switch$460$rdmux[0][3][1]$b$986 [3] }
      New connections: { $memory$auto$proc_rom.cc:155:do_switch$460$rdmux[0][3][1]$b$986 [14:6] $memory$auto$proc_rom.cc:155:do_switch$460$rdmux[0][3][1]$b$986 [4] $memory$auto$proc_rom.cc:155:do_switch$460$rdmux[0][3][1]$b$986 [2:0] } = { 3'000 $memory$auto$proc_rom.cc:155:do_switch$460$rdmux[0][3][1]$b$986 [3] 1'1 $memory$auto$proc_rom.cc:155:do_switch$460$rdmux[0][3][1]$b$986 [5] $memory$auto$proc_rom.cc:155:do_switch$460$rdmux[0][3][1]$b$986 [5] 2'00 $memory$auto$proc_rom.cc:155:do_switch$460$rdmux[0][3][1]$b$986 [3] 3'000 }
    Consolidated identical input bits for $mux cell $memory$auto$proc_rom.cc:155:do_switch$460$rdmux[0][4][2]$1011:
      Old ports: A=15'000010100000000, B=15'000011000000001, Y=$memory$auto$proc_rom.cc:155:do_switch$460$rdmux[0][3][1]$a$985
      New ports: A=2'10, B=2'01, Y={ $memory$auto$proc_rom.cc:155:do_switch$460$rdmux[0][3][1]$a$985 [8] $memory$auto$proc_rom.cc:155:do_switch$460$rdmux[0][3][1]$a$985 [0] }
      New connections: { $memory$auto$proc_rom.cc:155:do_switch$460$rdmux[0][3][1]$a$985 [14:9] $memory$auto$proc_rom.cc:155:do_switch$460$rdmux[0][3][1]$a$985 [7:1] } = { 5'00001 $memory$auto$proc_rom.cc:155:do_switch$460$rdmux[0][3][1]$a$985 [0] 7'0000000 }
    Consolidated identical input bits for $mux cell $memory$auto$proc_rom.cc:155:do_switch$460$rdmux[0][4][1]$1008:
      Old ports: A=15'000001100110101, B=15'000010000010010, Y=$memory$auto$proc_rom.cc:155:do_switch$460$rdmux[0][3][0]$b$983
      New ports: A=2'01, B=2'10, Y=$memory$auto$proc_rom.cc:155:do_switch$460$rdmux[0][3][0]$b$983 [1:0]
      New connections: $memory$auto$proc_rom.cc:155:do_switch$460$rdmux[0][3][0]$b$983 [14:2] = { 4'0000 $memory$auto$proc_rom.cc:155:do_switch$460$rdmux[0][3][0]$b$983 [1:0] $memory$auto$proc_rom.cc:155:do_switch$460$rdmux[0][3][0]$b$983 [0] 2'00 $memory$auto$proc_rom.cc:155:do_switch$460$rdmux[0][3][0]$b$983 [0] 2'10 $memory$auto$proc_rom.cc:155:do_switch$460$rdmux[0][3][0]$b$983 [0] }
    Consolidated identical input bits for $mux cell $memory$auto$proc_rom.cc:155:do_switch$460$rdmux[0][4][0]$1005:
      Old ports: A=15'000000000000000, B=15'000001000000111, Y=$memory$auto$proc_rom.cc:155:do_switch$460$rdmux[0][3][0]$a$982
      New ports: A=1'0, B=1'1, Y=$memory$auto$proc_rom.cc:155:do_switch$460$rdmux[0][3][0]$a$982 [0]
      New connections: $memory$auto$proc_rom.cc:155:do_switch$460$rdmux[0][3][0]$a$982 [14:1] = { 5'00000 $memory$auto$proc_rom.cc:155:do_switch$460$rdmux[0][3][0]$a$982 [0] 6'000000 $memory$auto$proc_rom.cc:155:do_switch$460$rdmux[0][3][0]$a$982 [0] $memory$auto$proc_rom.cc:155:do_switch$460$rdmux[0][3][0]$a$982 [0] }
    Consolidated identical input bits for $mux cell $memory$auto$proc_rom.cc:155:do_switch$460$rdmux[0][4][10]$1035:
      Old ports: A=15'010001100000000, B=15'111010010100000, Y=$memory$auto$proc_rom.cc:155:do_switch$460$rdmux[0][3][5]$a$997
      New ports: A=2'10, B=2'01, Y={ $memory$auto$proc_rom.cc:155:do_switch$460$rdmux[0][3][5]$a$997 [8] $memory$auto$proc_rom.cc:155:do_switch$460$rdmux[0][3][5]$a$997 [5] }
      New connections: { $memory$auto$proc_rom.cc:155:do_switch$460$rdmux[0][3][5]$a$997 [14:9] $memory$auto$proc_rom.cc:155:do_switch$460$rdmux[0][3][5]$a$997 [7:6] $memory$auto$proc_rom.cc:155:do_switch$460$rdmux[0][3][5]$a$997 [4:0] } = { $memory$auto$proc_rom.cc:155:do_switch$460$rdmux[0][3][5]$a$997 [5] 1'1 $memory$auto$proc_rom.cc:155:do_switch$460$rdmux[0][3][5]$a$997 [5] 1'0 $memory$auto$proc_rom.cc:155:do_switch$460$rdmux[0][3][5]$a$997 [5] $memory$auto$proc_rom.cc:155:do_switch$460$rdmux[0][3][5]$a$997 [8] $memory$auto$proc_rom.cc:155:do_switch$460$rdmux[0][3][5]$a$997 [5] 6'000000 }
    Consolidated identical input bits for $mux cell $memory$auto$proc_rom.cc:155:do_switch$460$rdmux[0][4][9]$1032:
      Old ports: A=15'010000000000000, B=15'010000100000000, Y=$memory$auto$proc_rom.cc:155:do_switch$460$rdmux[0][3][4]$b$995
      New ports: A=1'0, B=1'1, Y=$memory$auto$proc_rom.cc:155:do_switch$460$rdmux[0][3][4]$b$995 [8]
      New connections: { $memory$auto$proc_rom.cc:155:do_switch$460$rdmux[0][3][4]$b$995 [14:9] $memory$auto$proc_rom.cc:155:do_switch$460$rdmux[0][3][4]$b$995 [7:0] } = 14'01000000000000
    Consolidated identical input bits for $mux cell $memory$auto$proc_rom.cc:155:do_switch$460$rdmux[0][4][8]$1029:
      Old ports: A=15'001110111001010, B=15'001111001110011, Y=$memory$auto$proc_rom.cc:155:do_switch$460$rdmux[0][3][4]$a$994
      New ports: A=2'10, B=2'01, Y={ $memory$auto$proc_rom.cc:155:do_switch$460$rdmux[0][3][4]$a$994 [3] $memory$auto$proc_rom.cc:155:do_switch$460$rdmux[0][3][4]$a$994 [0] }
      New connections: { $memory$auto$proc_rom.cc:155:do_switch$460$rdmux[0][3][4]$a$994 [14:4] $memory$auto$proc_rom.cc:155:do_switch$460$rdmux[0][3][4]$a$994 [2:1] } = { 5'00111 $memory$auto$proc_rom.cc:155:do_switch$460$rdmux[0][3][4]$a$994 [0] $memory$auto$proc_rom.cc:155:do_switch$460$rdmux[0][3][4]$a$994 [3] $memory$auto$proc_rom.cc:155:do_switch$460$rdmux[0][3][4]$a$994 [3] 1'1 $memory$auto$proc_rom.cc:155:do_switch$460$rdmux[0][3][4]$a$994 [0] $memory$auto$proc_rom.cc:155:do_switch$460$rdmux[0][3][4]$a$994 [0] 2'01 }
    Consolidated identical input bits for $mux cell $memory$auto$proc_rom.cc:155:do_switch$460$rdmux[0][4][7]$1026:
      Old ports: A=15'001100100000110, B=15'001110001100000, Y=$memory$auto$proc_rom.cc:155:do_switch$460$rdmux[0][3][3]$b$992
      New ports: A=2'01, B=2'10, Y={ $memory$auto$proc_rom.cc:155:do_switch$460$rdmux[0][3][3]$b$992 [5] $memory$auto$proc_rom.cc:155:do_switch$460$rdmux[0][3][3]$b$992 [1] }
      New connections: { $memory$auto$proc_rom.cc:155:do_switch$460$rdmux[0][3][3]$b$992 [14:6] $memory$auto$proc_rom.cc:155:do_switch$460$rdmux[0][3][3]$b$992 [4:2] $memory$auto$proc_rom.cc:155:do_switch$460$rdmux[0][3][3]$b$992 [0] } = { 4'0011 $memory$auto$proc_rom.cc:155:do_switch$460$rdmux[0][3][3]$b$992 [5] 1'0 $memory$auto$proc_rom.cc:155:do_switch$460$rdmux[0][3][3]$b$992 [1] 1'0 $memory$auto$proc_rom.cc:155:do_switch$460$rdmux[0][3][3]$b$992 [5] 2'00 $memory$auto$proc_rom.cc:155:do_switch$460$rdmux[0][3][3]$b$992 [1] 1'0 }
    Consolidated identical input bits for $pmux cell $procmux$650:
      Old ports: A=16'0000000010000000, B=112'0000000000010000000000000000111100000000000110000000000000001100010000000000000000000010011100011000000000000000, Y=\length
      New ports: A=9'001000000, B=63'000010000000001111000011000000001100010000000000110001100000000, Y={ \length [15:14] \length [7] \length [5:0] }
      New connections: { \length [13:8] \length [6] } = { 4'0000 \length [5] 1'0 \length [5] }
    Consolidated identical input bits for $pmux cell $procmux$643:
      Old ports: A=16'0000000000000000, B={ 33'000000001010101000000001101010100 \config_word [14:0] 32'00000000010101010000000101010101 }, Y=\word
      New ports: A=15'000000000000000, B={ 30'000000010101010000000110101010 \config_word [14:0] 30'000000001010101000000101010101 }, Y=\word [14:0]
      New connections: \word [15] = 1'0
  Optimizing cells in module \panel.
    Consolidated identical input bits for $mux cell $memory$auto$proc_rom.cc:155:do_switch$460$rdmux[0][3][5]$996:
      Old ports: A=$memory$auto$proc_rom.cc:155:do_switch$460$rdmux[0][3][5]$a$997, B=15'111010010100000, Y=$memory$auto$proc_rom.cc:155:do_switch$460$rdmux[0][2][2]$b$977
      New ports: A={ $memory$auto$proc_rom.cc:155:do_switch$460$rdmux[0][3][5]$a$997 [8] $memory$auto$proc_rom.cc:155:do_switch$460$rdmux[0][3][5]$a$997 [5] }, B=2'01, Y={ $memory$auto$proc_rom.cc:155:do_switch$460$rdmux[0][2][2]$b$977 [8] $memory$auto$proc_rom.cc:155:do_switch$460$rdmux[0][2][2]$b$977 [5] }
      New connections: { $memory$auto$proc_rom.cc:155:do_switch$460$rdmux[0][2][2]$b$977 [14:9] $memory$auto$proc_rom.cc:155:do_switch$460$rdmux[0][2][2]$b$977 [7:6] $memory$auto$proc_rom.cc:155:do_switch$460$rdmux[0][2][2]$b$977 [4:0] } = { $memory$auto$proc_rom.cc:155:do_switch$460$rdmux[0][2][2]$b$977 [5] 1'1 $memory$auto$proc_rom.cc:155:do_switch$460$rdmux[0][2][2]$b$977 [5] 1'0 $memory$auto$proc_rom.cc:155:do_switch$460$rdmux[0][2][2]$b$977 [5] $memory$auto$proc_rom.cc:155:do_switch$460$rdmux[0][2][2]$b$977 [8] $memory$auto$proc_rom.cc:155:do_switch$460$rdmux[0][2][2]$b$977 [5] 6'000000 }
    Consolidated identical input bits for $mux cell $memory$auto$proc_rom.cc:155:do_switch$460$rdmux[0][3][4]$993:
      Old ports: A=$memory$auto$proc_rom.cc:155:do_switch$460$rdmux[0][3][4]$a$994, B=$memory$auto$proc_rom.cc:155:do_switch$460$rdmux[0][3][4]$b$995, Y=$memory$auto$proc_rom.cc:155:do_switch$460$rdmux[0][2][2]$a$976
      New ports: A={ 1'0 $memory$auto$proc_rom.cc:155:do_switch$460$rdmux[0][3][4]$a$994 [3] $memory$auto$proc_rom.cc:155:do_switch$460$rdmux[0][3][4]$a$994 [3] 1'1 $memory$auto$proc_rom.cc:155:do_switch$460$rdmux[0][3][4]$a$994 [0] }, B={ 1'1 $memory$auto$proc_rom.cc:155:do_switch$460$rdmux[0][3][4]$b$995 [8] 3'000 }, Y={ $memory$auto$proc_rom.cc:155:do_switch$460$rdmux[0][2][2]$a$976 [13] $memory$auto$proc_rom.cc:155:do_switch$460$rdmux[0][2][2]$a$976 [8] $memory$auto$proc_rom.cc:155:do_switch$460$rdmux[0][2][2]$a$976 [3] $memory$auto$proc_rom.cc:155:do_switch$460$rdmux[0][2][2]$a$976 [1:0] }
      New connections: { $memory$auto$proc_rom.cc:155:do_switch$460$rdmux[0][2][2]$a$976 [14] $memory$auto$proc_rom.cc:155:do_switch$460$rdmux[0][2][2]$a$976 [12:9] $memory$auto$proc_rom.cc:155:do_switch$460$rdmux[0][2][2]$a$976 [7:4] $memory$auto$proc_rom.cc:155:do_switch$460$rdmux[0][2][2]$a$976 [2] } = { 1'0 $memory$auto$proc_rom.cc:155:do_switch$460$rdmux[0][2][2]$a$976 [1] $memory$auto$proc_rom.cc:155:do_switch$460$rdmux[0][2][2]$a$976 [1] $memory$auto$proc_rom.cc:155:do_switch$460$rdmux[0][2][2]$a$976 [1:0] $memory$auto$proc_rom.cc:155:do_switch$460$rdmux[0][2][2]$a$976 [3] $memory$auto$proc_rom.cc:155:do_switch$460$rdmux[0][2][2]$a$976 [1:0] $memory$auto$proc_rom.cc:155:do_switch$460$rdmux[0][2][2]$a$976 [0] 1'0 }
    Consolidated identical input bits for $mux cell $memory$auto$proc_rom.cc:155:do_switch$460$rdmux[0][3][3]$990:
      Old ports: A=$memory$auto$proc_rom.cc:155:do_switch$460$rdmux[0][3][3]$a$991, B=$memory$auto$proc_rom.cc:155:do_switch$460$rdmux[0][3][3]$b$992, Y=$memory$auto$proc_rom.cc:155:do_switch$460$rdmux[0][2][1]$b$974
      New ports: A={ $memory$auto$proc_rom.cc:155:do_switch$460$rdmux[0][3][3]$a$991 [11] 1'0 $memory$auto$proc_rom.cc:155:do_switch$460$rdmux[0][3][3]$a$991 [0] $memory$auto$proc_rom.cc:155:do_switch$460$rdmux[0][3][3]$a$991 [0] $memory$auto$proc_rom.cc:155:do_switch$460$rdmux[0][3][3]$a$991 [0] }, B={ 1'1 $memory$auto$proc_rom.cc:155:do_switch$460$rdmux[0][3][3]$b$992 [5] $memory$auto$proc_rom.cc:155:do_switch$460$rdmux[0][3][3]$b$992 [5] $memory$auto$proc_rom.cc:155:do_switch$460$rdmux[0][3][3]$b$992 [1] 1'0 }, Y={ $memory$auto$proc_rom.cc:155:do_switch$460$rdmux[0][2][1]$b$974 [11] $memory$auto$proc_rom.cc:155:do_switch$460$rdmux[0][2][1]$b$974 [6:5] $memory$auto$proc_rom.cc:155:do_switch$460$rdmux[0][2][1]$b$974 [1:0] }
      New connections: { $memory$auto$proc_rom.cc:155:do_switch$460$rdmux[0][2][1]$b$974 [14:12] $memory$auto$proc_rom.cc:155:do_switch$460$rdmux[0][2][1]$b$974 [10:7] $memory$auto$proc_rom.cc:155:do_switch$460$rdmux[0][2][1]$b$974 [4:2] } = { 3'001 $memory$auto$proc_rom.cc:155:do_switch$460$rdmux[0][2][1]$b$974 [6] 1'0 $memory$auto$proc_rom.cc:155:do_switch$460$rdmux[0][2][1]$b$974 [1] 3'000 $memory$auto$proc_rom.cc:155:do_switch$460$rdmux[0][2][1]$b$974 [1] }
    Consolidated identical input bits for $mux cell $memory$auto$proc_rom.cc:155:do_switch$460$rdmux[0][3][2]$987:
      Old ports: A=$memory$auto$proc_rom.cc:155:do_switch$460$rdmux[0][3][2]$a$988, B=$memory$auto$proc_rom.cc:155:do_switch$460$rdmux[0][3][2]$b$989, Y=$memory$auto$proc_rom.cc:155:do_switch$460$rdmux[0][2][1]$a$973
      New ports: A={ 1'1 $memory$auto$proc_rom.cc:155:do_switch$460$rdmux[0][3][2]$a$988 [1] 1'0 $memory$auto$proc_rom.cc:155:do_switch$460$rdmux[0][3][2]$a$988 [1:0] }, B={ $memory$auto$proc_rom.cc:155:do_switch$460$rdmux[0][3][2]$b$989 [0] $memory$auto$proc_rom.cc:155:do_switch$460$rdmux[0][3][2]$b$989 [0] $memory$auto$proc_rom.cc:155:do_switch$460$rdmux[0][3][2]$b$989 [6] 1'0 $memory$auto$proc_rom.cc:155:do_switch$460$rdmux[0][3][2]$b$989 [0] }, Y={ $memory$auto$proc_rom.cc:155:do_switch$460$rdmux[0][2][1]$a$973 [10:9] $memory$auto$proc_rom.cc:155:do_switch$460$rdmux[0][2][1]$a$973 [6] $memory$auto$proc_rom.cc:155:do_switch$460$rdmux[0][2][1]$a$973 [1:0] }
      New connections: { $memory$auto$proc_rom.cc:155:do_switch$460$rdmux[0][2][1]$a$973 [14:11] $memory$auto$proc_rom.cc:155:do_switch$460$rdmux[0][2][1]$a$973 [8:7] $memory$auto$proc_rom.cc:155:do_switch$460$rdmux[0][2][1]$a$973 [5:2] } = { 2'00 $memory$auto$proc_rom.cc:155:do_switch$460$rdmux[0][2][1]$a$973 [6] $memory$auto$proc_rom.cc:155:do_switch$460$rdmux[0][2][1]$a$973 [10] $memory$auto$proc_rom.cc:155:do_switch$460$rdmux[0][2][1]$a$973 [0] $memory$auto$proc_rom.cc:155:do_switch$460$rdmux[0][2][1]$a$973 [1] 3'000 $memory$auto$proc_rom.cc:155:do_switch$460$rdmux[0][2][1]$a$973 [1] }
    Consolidated identical input bits for $mux cell $memory$auto$proc_rom.cc:155:do_switch$460$rdmux[0][3][1]$984:
      Old ports: A=$memory$auto$proc_rom.cc:155:do_switch$460$rdmux[0][3][1]$a$985, B=$memory$auto$proc_rom.cc:155:do_switch$460$rdmux[0][3][1]$b$986, Y=$memory$auto$proc_rom.cc:155:do_switch$460$rdmux[0][2][0]$b$971
      New ports: A={ $memory$auto$proc_rom.cc:155:do_switch$460$rdmux[0][3][1]$a$985 [0] $memory$auto$proc_rom.cc:155:do_switch$460$rdmux[0][3][1]$a$985 [8] 2'00 $memory$auto$proc_rom.cc:155:do_switch$460$rdmux[0][3][1]$a$985 [0] }, B={ $memory$auto$proc_rom.cc:155:do_switch$460$rdmux[0][3][1]$b$986 [5] $memory$auto$proc_rom.cc:155:do_switch$460$rdmux[0][3][1]$b$986 [5] $memory$auto$proc_rom.cc:155:do_switch$460$rdmux[0][3][1]$b$986 [5] $memory$auto$proc_rom.cc:155:do_switch$460$rdmux[0][3][1]$b$986 [3] 1'0 }, Y={ $memory$auto$proc_rom.cc:155:do_switch$460$rdmux[0][2][0]$b$971 [9:8] $memory$auto$proc_rom.cc:155:do_switch$460$rdmux[0][2][0]$b$971 [5] $memory$auto$proc_rom.cc:155:do_switch$460$rdmux[0][2][0]$b$971 [3] $memory$auto$proc_rom.cc:155:do_switch$460$rdmux[0][2][0]$b$971 [0] }
      New connections: { $memory$auto$proc_rom.cc:155:do_switch$460$rdmux[0][2][0]$b$971 [14:10] $memory$auto$proc_rom.cc:155:do_switch$460$rdmux[0][2][0]$b$971 [7:6] $memory$auto$proc_rom.cc:155:do_switch$460$rdmux[0][2][0]$b$971 [4] $memory$auto$proc_rom.cc:155:do_switch$460$rdmux[0][2][0]$b$971 [2:1] } = { 3'000 $memory$auto$proc_rom.cc:155:do_switch$460$rdmux[0][2][0]$b$971 [3] 3'100 $memory$auto$proc_rom.cc:155:do_switch$460$rdmux[0][2][0]$b$971 [3] 2'00 }
    Consolidated identical input bits for $mux cell $memory$auto$proc_rom.cc:155:do_switch$460$rdmux[0][3][0]$981:
      Old ports: A=$memory$auto$proc_rom.cc:155:do_switch$460$rdmux[0][3][0]$a$982, B=$memory$auto$proc_rom.cc:155:do_switch$460$rdmux[0][3][0]$b$983, Y=$memory$auto$proc_rom.cc:155:do_switch$460$rdmux[0][2][0]$a$970
      New ports: A={ 3'000 $memory$auto$proc_rom.cc:155:do_switch$460$rdmux[0][3][0]$a$982 [0] $memory$auto$proc_rom.cc:155:do_switch$460$rdmux[0][3][0]$a$982 [0] }, B={ $memory$auto$proc_rom.cc:155:do_switch$460$rdmux[0][3][0]$b$983 [1:0] 1'1 $memory$auto$proc_rom.cc:155:do_switch$460$rdmux[0][3][0]$b$983 [1:0] }, Y={ $memory$auto$proc_rom.cc:155:do_switch$460$rdmux[0][2][0]$a$970 [10] $memory$auto$proc_rom.cc:155:do_switch$460$rdmux[0][2][0]$a$970 [5:4] $memory$auto$proc_rom.cc:155:do_switch$460$rdmux[0][2][0]$a$970 [1:0] }
      New connections: { $memory$auto$proc_rom.cc:155:do_switch$460$rdmux[0][2][0]$a$970 [14:11] $memory$auto$proc_rom.cc:155:do_switch$460$rdmux[0][2][0]$a$970 [9:6] $memory$auto$proc_rom.cc:155:do_switch$460$rdmux[0][2][0]$a$970 [3:2] } = { 4'0000 $memory$auto$proc_rom.cc:155:do_switch$460$rdmux[0][2][0]$a$970 [0] $memory$auto$proc_rom.cc:155:do_switch$460$rdmux[0][2][0]$a$970 [5] 3'000 $memory$auto$proc_rom.cc:155:do_switch$460$rdmux[0][2][0]$a$970 [0] }
  Optimizing cells in module \panel.
    Consolidated identical input bits for $mux cell $memory$auto$proc_rom.cc:155:do_switch$460$rdmux[0][2][2]$975:
      Old ports: A=$memory$auto$proc_rom.cc:155:do_switch$460$rdmux[0][2][2]$a$976, B=$memory$auto$proc_rom.cc:155:do_switch$460$rdmux[0][2][2]$b$977, Y=$memory$auto$proc_rom.cc:155:do_switch$460$rdmux[0][1][1]$a$967
      New ports: A={ 1'0 $memory$auto$proc_rom.cc:155:do_switch$460$rdmux[0][2][2]$a$976 [13] $memory$auto$proc_rom.cc:155:do_switch$460$rdmux[0][2][2]$a$976 [1:0] $memory$auto$proc_rom.cc:155:do_switch$460$rdmux[0][2][2]$a$976 [8] $memory$auto$proc_rom.cc:155:do_switch$460$rdmux[0][2][2]$a$976 [3] $memory$auto$proc_rom.cc:155:do_switch$460$rdmux[0][2][2]$a$976 [0] $memory$auto$proc_rom.cc:155:do_switch$460$rdmux[0][2][2]$a$976 [3] $memory$auto$proc_rom.cc:155:do_switch$460$rdmux[0][2][2]$a$976 [1:0] }, B={ $memory$auto$proc_rom.cc:155:do_switch$460$rdmux[0][2][2]$b$977 [5] 1'1 $memory$auto$proc_rom.cc:155:do_switch$460$rdmux[0][2][2]$b$977 [5] $memory$auto$proc_rom.cc:155:do_switch$460$rdmux[0][2][2]$b$977 [8] $memory$auto$proc_rom.cc:155:do_switch$460$rdmux[0][2][2]$b$977 [8] $memory$auto$proc_rom.cc:155:do_switch$460$rdmux[0][2][2]$b$977 [5] $memory$auto$proc_rom.cc:155:do_switch$460$rdmux[0][2][2]$b$977 [5] 3'000 }, Y={ $memory$auto$proc_rom.cc:155:do_switch$460$rdmux[0][1][1]$a$967 [14:13] $memory$auto$proc_rom.cc:155:do_switch$460$rdmux[0][1][1]$a$967 [10:7] $memory$auto$proc_rom.cc:155:do_switch$460$rdmux[0][1][1]$a$967 [5] $memory$auto$proc_rom.cc:155:do_switch$460$rdmux[0][1][1]$a$967 [3] $memory$auto$proc_rom.cc:155:do_switch$460$rdmux[0][1][1]$a$967 [1:0] }
      New connections: { $memory$auto$proc_rom.cc:155:do_switch$460$rdmux[0][1][1]$a$967 [12:11] $memory$auto$proc_rom.cc:155:do_switch$460$rdmux[0][1][1]$a$967 [6] $memory$auto$proc_rom.cc:155:do_switch$460$rdmux[0][1][1]$a$967 [4] $memory$auto$proc_rom.cc:155:do_switch$460$rdmux[0][1][1]$a$967 [2] } = { $memory$auto$proc_rom.cc:155:do_switch$460$rdmux[0][1][1]$a$967 [10] $memory$auto$proc_rom.cc:155:do_switch$460$rdmux[0][1][1]$a$967 [1] $memory$auto$proc_rom.cc:155:do_switch$460$rdmux[0][1][1]$a$967 [1:0] 1'0 }
    Consolidated identical input bits for $mux cell $memory$auto$proc_rom.cc:155:do_switch$460$rdmux[0][2][1]$972:
      Old ports: A=$memory$auto$proc_rom.cc:155:do_switch$460$rdmux[0][2][1]$a$973, B=$memory$auto$proc_rom.cc:155:do_switch$460$rdmux[0][2][1]$b$974, Y=$memory$auto$proc_rom.cc:155:do_switch$460$rdmux[0][1][0]$b$965
      New ports: A={ $memory$auto$proc_rom.cc:155:do_switch$460$rdmux[0][2][1]$a$973 [6] $memory$auto$proc_rom.cc:155:do_switch$460$rdmux[0][2][1]$a$973 [10] $memory$auto$proc_rom.cc:155:do_switch$460$rdmux[0][2][1]$a$973 [10:9] $memory$auto$proc_rom.cc:155:do_switch$460$rdmux[0][2][1]$a$973 [0] $memory$auto$proc_rom.cc:155:do_switch$460$rdmux[0][2][1]$a$973 [1] $memory$auto$proc_rom.cc:155:do_switch$460$rdmux[0][2][1]$a$973 [6] 1'0 $memory$auto$proc_rom.cc:155:do_switch$460$rdmux[0][2][1]$a$973 [1:0] }, B={ 1'1 $memory$auto$proc_rom.cc:155:do_switch$460$rdmux[0][2][1]$b$974 [11] $memory$auto$proc_rom.cc:155:do_switch$460$rdmux[0][2][1]$b$974 [6] 1'0 $memory$auto$proc_rom.cc:155:do_switch$460$rdmux[0][2][1]$b$974 [1] 1'0 $memory$auto$proc_rom.cc:155:do_switch$460$rdmux[0][2][1]$b$974 [6:5] $memory$auto$proc_rom.cc:155:do_switch$460$rdmux[0][2][1]$b$974 [1:0] }, Y={ $memory$auto$proc_rom.cc:155:do_switch$460$rdmux[0][1][0]$b$965 [12:5] $memory$auto$proc_rom.cc:155:do_switch$460$rdmux[0][1][0]$b$965 [1:0] }
      New connections: { $memory$auto$proc_rom.cc:155:do_switch$460$rdmux[0][1][0]$b$965 [14:13] $memory$auto$proc_rom.cc:155:do_switch$460$rdmux[0][1][0]$b$965 [4:2] } = { 4'0000 $memory$auto$proc_rom.cc:155:do_switch$460$rdmux[0][1][0]$b$965 [1] }
    Consolidated identical input bits for $mux cell $memory$auto$proc_rom.cc:155:do_switch$460$rdmux[0][2][0]$969:
      Old ports: A=$memory$auto$proc_rom.cc:155:do_switch$460$rdmux[0][2][0]$a$970, B=$memory$auto$proc_rom.cc:155:do_switch$460$rdmux[0][2][0]$b$971, Y=$memory$auto$proc_rom.cc:155:do_switch$460$rdmux[0][1][0]$a$964
      New ports: A={ $memory$auto$proc_rom.cc:155:do_switch$460$rdmux[0][2][0]$a$970 [10] $memory$auto$proc_rom.cc:155:do_switch$460$rdmux[0][2][0]$a$970 [0] $memory$auto$proc_rom.cc:155:do_switch$460$rdmux[0][2][0]$a$970 [5] $memory$auto$proc_rom.cc:155:do_switch$460$rdmux[0][2][0]$a$970 [5:4] 1'0 $memory$auto$proc_rom.cc:155:do_switch$460$rdmux[0][2][0]$a$970 [0] $memory$auto$proc_rom.cc:155:do_switch$460$rdmux[0][2][0]$a$970 [1:0] }, B={ 1'1 $memory$auto$proc_rom.cc:155:do_switch$460$rdmux[0][2][0]$b$971 [9:8] $memory$auto$proc_rom.cc:155:do_switch$460$rdmux[0][2][0]$b$971 [5] $memory$auto$proc_rom.cc:155:do_switch$460$rdmux[0][2][0]$b$971 [3] $memory$auto$proc_rom.cc:155:do_switch$460$rdmux[0][2][0]$b$971 [3] 2'00 $memory$auto$proc_rom.cc:155:do_switch$460$rdmux[0][2][0]$b$971 [0] }, Y={ $memory$auto$proc_rom.cc:155:do_switch$460$rdmux[0][1][0]$a$964 [10:8] $memory$auto$proc_rom.cc:155:do_switch$460$rdmux[0][1][0]$a$964 [5:0] }
      New connections: { $memory$auto$proc_rom.cc:155:do_switch$460$rdmux[0][1][0]$a$964 [14:11] $memory$auto$proc_rom.cc:155:do_switch$460$rdmux[0][1][0]$a$964 [7:6] } = { 3'000 $memory$auto$proc_rom.cc:155:do_switch$460$rdmux[0][1][0]$a$964 [3] 2'00 }
  Optimizing cells in module \panel.
    Consolidated identical input bits for $mux cell $memory$auto$proc_rom.cc:155:do_switch$460$rdmux[0][1][1]$966:
      Old ports: A=$memory$auto$proc_rom.cc:155:do_switch$460$rdmux[0][1][1]$a$967, B=15'111010010100000, Y=$memory$auto$proc_rom.cc:155:do_switch$460$rdmux[0][0][0]$b$962
      New ports: A={ $memory$auto$proc_rom.cc:155:do_switch$460$rdmux[0][1][1]$a$967 [14:13] $memory$auto$proc_rom.cc:155:do_switch$460$rdmux[0][1][1]$a$967 [10:7] $memory$auto$proc_rom.cc:155:do_switch$460$rdmux[0][1][1]$a$967 [5] $memory$auto$proc_rom.cc:155:do_switch$460$rdmux[0][1][1]$a$967 [3] $memory$auto$proc_rom.cc:155:do_switch$460$rdmux[0][1][1]$a$967 [1:0] }, B=10'1110011000, Y={ $memory$auto$proc_rom.cc:155:do_switch$460$rdmux[0][0][0]$b$962 [14:13] $memory$auto$proc_rom.cc:155:do_switch$460$rdmux[0][0][0]$b$962 [10:7] $memory$auto$proc_rom.cc:155:do_switch$460$rdmux[0][0][0]$b$962 [5] $memory$auto$proc_rom.cc:155:do_switch$460$rdmux[0][0][0]$b$962 [3] $memory$auto$proc_rom.cc:155:do_switch$460$rdmux[0][0][0]$b$962 [1:0] }
      New connections: { $memory$auto$proc_rom.cc:155:do_switch$460$rdmux[0][0][0]$b$962 [12:11] $memory$auto$proc_rom.cc:155:do_switch$460$rdmux[0][0][0]$b$962 [6] $memory$auto$proc_rom.cc:155:do_switch$460$rdmux[0][0][0]$b$962 [4] $memory$auto$proc_rom.cc:155:do_switch$460$rdmux[0][0][0]$b$962 [2] } = { $memory$auto$proc_rom.cc:155:do_switch$460$rdmux[0][0][0]$b$962 [10] $memory$auto$proc_rom.cc:155:do_switch$460$rdmux[0][0][0]$b$962 [1] $memory$auto$proc_rom.cc:155:do_switch$460$rdmux[0][0][0]$b$962 [1:0] 1'0 }
    Consolidated identical input bits for $mux cell $memory$auto$proc_rom.cc:155:do_switch$460$rdmux[0][1][0]$963:
      Old ports: A=$memory$auto$proc_rom.cc:155:do_switch$460$rdmux[0][1][0]$a$964, B=$memory$auto$proc_rom.cc:155:do_switch$460$rdmux[0][1][0]$b$965, Y=$memory$auto$proc_rom.cc:155:do_switch$460$rdmux[0][0][0]$a$961
      New ports: A={ 1'0 $memory$auto$proc_rom.cc:155:do_switch$460$rdmux[0][1][0]$a$964 [3] $memory$auto$proc_rom.cc:155:do_switch$460$rdmux[0][1][0]$a$964 [10:8] 2'00 $memory$auto$proc_rom.cc:155:do_switch$460$rdmux[0][1][0]$a$964 [5:0] }, B={ $memory$auto$proc_rom.cc:155:do_switch$460$rdmux[0][1][0]$b$965 [12:5] 2'00 $memory$auto$proc_rom.cc:155:do_switch$460$rdmux[0][1][0]$b$965 [1] $memory$auto$proc_rom.cc:155:do_switch$460$rdmux[0][1][0]$b$965 [1:0] }, Y=$memory$auto$proc_rom.cc:155:do_switch$460$rdmux[0][0][0]$a$961 [12:0]
      New connections: $memory$auto$proc_rom.cc:155:do_switch$460$rdmux[0][0][0]$a$961 [14:13] = 2'00
  Optimizing cells in module \panel.
Performed a total of 24 changes.

2.30.5. Executing OPT_MERGE pass (detect identical cells).
Finding identical cells in module `\panel'.
Computing hashes of 158 cells of `\panel'.
Finding duplicate cells in `\panel'.
Computing hashes of 150 cells of `\panel'.
Finding duplicate cells in `\panel'.
<suppressed ~24 debug messages>
Removed a total of 8 cells.

2.30.6. Executing OPT_DFF pass (perform DFF optimizations).

2.30.7. Executing OPT_CLEAN pass (remove unused cells and wires).
Finding unused cells or wires in module \panel..
Removed 0 unused cells and 48 unused wires.
<suppressed ~1 debug messages>

2.30.8. Executing OPT_EXPR pass (perform const folding).
Optimizing module panel.

2.30.9. Rerunning OPT passes. (Maybe there is more to do..)

2.30.10. Executing OPT_MUXTREE pass (detect dead branches in mux trees).
Running muxtree optimizer on module \panel..
  Creating internal representation of mux trees.
  Evaluating internal representation of mux trees.
  Analyzing evaluation results.
Removed 0 multiplexer ports.
<suppressed ~67 debug messages>

2.30.11. Executing OPT_REDUCE pass (consolidate $*mux and $reduce_* inputs).
  Optimizing cells in module \panel.
    Consolidated identical input bits for $mux cell $memory$auto$proc_rom.cc:155:do_switch$460$rdmux[0][3][3]$990:
      Old ports: A={ $memory$auto$proc_rom.cc:155:do_switch$460$rdmux[0][3][0]$b$983 [1] 1'0 $memory$auto$proc_rom.cc:155:do_switch$460$rdmux[0][3][0]$b$983 [0] $memory$auto$proc_rom.cc:155:do_switch$460$rdmux[0][3][0]$b$983 [0] $memory$auto$proc_rom.cc:155:do_switch$460$rdmux[0][3][0]$b$983 [0] }, B={ 1'1 $memory$auto$proc_rom.cc:155:do_switch$460$rdmux[0][3][0]$b$983 [1] $memory$auto$proc_rom.cc:155:do_switch$460$rdmux[0][3][0]$b$983 [1:0] 1'0 }, Y={ $memory$auto$proc_rom.cc:155:do_switch$460$rdmux[0][2][1]$b$974 [11] $memory$auto$proc_rom.cc:155:do_switch$460$rdmux[0][2][1]$b$974 [6:5] $memory$auto$proc_rom.cc:155:do_switch$460$rdmux[0][2][1]$b$974 [1:0] }
      New ports: A={ $memory$auto$proc_rom.cc:155:do_switch$460$rdmux[0][3][0]$b$983 [1] 1'0 $memory$auto$proc_rom.cc:155:do_switch$460$rdmux[0][3][0]$b$983 [0] $memory$auto$proc_rom.cc:155:do_switch$460$rdmux[0][3][0]$b$983 [0] }, B={ 1'1 $memory$auto$proc_rom.cc:155:do_switch$460$rdmux[0][3][0]$b$983 [1] $memory$auto$proc_rom.cc:155:do_switch$460$rdmux[0][3][0]$b$983 [1] 1'0 }, Y={ $memory$auto$proc_rom.cc:155:do_switch$460$rdmux[0][2][1]$b$974 [11] $memory$auto$proc_rom.cc:155:do_switch$460$rdmux[0][2][1]$b$974 [6:5] $memory$auto$proc_rom.cc:155:do_switch$460$rdmux[0][2][1]$b$974 [0] }
      New connections: $memory$auto$proc_rom.cc:155:do_switch$460$rdmux[0][2][1]$b$974 [1] = $memory$auto$proc_rom.cc:155:do_switch$460$rdmux[0][3][0]$b$983 [0]
    Consolidated identical input bits for $mux cell $memory$auto$proc_rom.cc:155:do_switch$460$rdmux[0][3][2]$987:
      Old ports: A={ 1'1 $memory$auto$proc_rom.cc:155:do_switch$460$rdmux[0][3][0]$b$983 [1] 1'0 $memory$auto$proc_rom.cc:155:do_switch$460$rdmux[0][3][0]$b$983 [1:0] }, B={ $memory$auto$proc_rom.cc:155:do_switch$460$rdmux[0][3][0]$b$983 [0] $memory$auto$proc_rom.cc:155:do_switch$460$rdmux[0][3][0]$b$983 [0] $memory$auto$proc_rom.cc:155:do_switch$460$rdmux[0][3][0]$b$983 [1] 1'0 $memory$auto$proc_rom.cc:155:do_switch$460$rdmux[0][3][0]$b$983 [0] }, Y={ $memory$auto$proc_rom.cc:155:do_switch$460$rdmux[0][2][1]$a$973 [10:9] $memory$auto$proc_rom.cc:155:do_switch$460$rdmux[0][2][1]$a$973 [6] $memory$auto$proc_rom.cc:155:do_switch$460$rdmux[0][2][1]$a$973 [1:0] }
      New ports: A={ 1'1 $memory$auto$proc_rom.cc:155:do_switch$460$rdmux[0][3][0]$b$983 [1] 1'0 $memory$auto$proc_rom.cc:155:do_switch$460$rdmux[0][3][0]$b$983 [1] }, B={ $memory$auto$proc_rom.cc:155:do_switch$460$rdmux[0][3][0]$b$983 [0] $memory$auto$proc_rom.cc:155:do_switch$460$rdmux[0][3][0]$b$983 [0] $memory$auto$proc_rom.cc:155:do_switch$460$rdmux[0][3][0]$b$983 [1] 1'0 }, Y={ $memory$auto$proc_rom.cc:155:do_switch$460$rdmux[0][2][1]$a$973 [10:9] $memory$auto$proc_rom.cc:155:do_switch$460$rdmux[0][2][1]$a$973 [6] $memory$auto$proc_rom.cc:155:do_switch$460$rdmux[0][2][1]$a$973 [1] }
      New connections: $memory$auto$proc_rom.cc:155:do_switch$460$rdmux[0][2][1]$a$973 [0] = $memory$auto$proc_rom.cc:155:do_switch$460$rdmux[0][3][0]$b$983 [0]
    Consolidated identical input bits for $mux cell $memory$auto$proc_rom.cc:155:do_switch$460$rdmux[0][3][1]$984:
      Old ports: A={ $memory$auto$proc_rom.cc:155:do_switch$460$rdmux[0][3][1]$a$985 [0] $memory$auto$proc_rom.cc:155:do_switch$460$rdmux[0][3][1]$a$985 [8] 2'00 $memory$auto$proc_rom.cc:155:do_switch$460$rdmux[0][3][1]$a$985 [0] }, B={ $memory$auto$proc_rom.cc:155:do_switch$460$rdmux[0][3][1]$a$985 [8] $memory$auto$proc_rom.cc:155:do_switch$460$rdmux[0][3][1]$a$985 [8] $memory$auto$proc_rom.cc:155:do_switch$460$rdmux[0][3][1]$a$985 [8] $memory$auto$proc_rom.cc:155:do_switch$460$rdmux[0][3][1]$a$985 [0] 1'0 }, Y={ $memory$auto$proc_rom.cc:155:do_switch$460$rdmux[0][2][0]$b$971 [9:8] $memory$auto$proc_rom.cc:155:do_switch$460$rdmux[0][2][0]$b$971 [5] $memory$auto$proc_rom.cc:155:do_switch$460$rdmux[0][2][0]$b$971 [3] $memory$auto$proc_rom.cc:155:do_switch$460$rdmux[0][2][0]$b$971 [0] }
      New ports: A={ $memory$auto$proc_rom.cc:155:do_switch$460$rdmux[0][3][1]$a$985 [0] 2'00 $memory$auto$proc_rom.cc:155:do_switch$460$rdmux[0][3][1]$a$985 [0] }, B={ $memory$auto$proc_rom.cc:155:do_switch$460$rdmux[0][3][1]$a$985 [8] $memory$auto$proc_rom.cc:155:do_switch$460$rdmux[0][3][1]$a$985 [8] $memory$auto$proc_rom.cc:155:do_switch$460$rdmux[0][3][1]$a$985 [0] 1'0 }, Y={ $memory$auto$proc_rom.cc:155:do_switch$460$rdmux[0][2][0]$b$971 [9] $memory$auto$proc_rom.cc:155:do_switch$460$rdmux[0][2][0]$b$971 [5] $memory$auto$proc_rom.cc:155:do_switch$460$rdmux[0][2][0]$b$971 [3] $memory$auto$proc_rom.cc:155:do_switch$460$rdmux[0][2][0]$b$971 [0] }
      New connections: $memory$auto$proc_rom.cc:155:do_switch$460$rdmux[0][2][0]$b$971 [8] = $memory$auto$proc_rom.cc:155:do_switch$460$rdmux[0][3][1]$a$985 [8]
  Optimizing cells in module \panel.
    Consolidated identical input bits for $mux cell $memory$auto$proc_rom.cc:155:do_switch$460$rdmux[0][2][1]$972:
      Old ports: A={ $memory$auto$proc_rom.cc:155:do_switch$460$rdmux[0][2][1]$a$973 [6] $memory$auto$proc_rom.cc:155:do_switch$460$rdmux[0][2][1]$a$973 [10] $memory$auto$proc_rom.cc:155:do_switch$460$rdmux[0][2][1]$a$973 [10:9] $memory$auto$proc_rom.cc:155:do_switch$460$rdmux[0][2][1]$a$973 [0] $memory$auto$proc_rom.cc:155:do_switch$460$rdmux[0][2][1]$a$973 [1] $memory$auto$proc_rom.cc:155:do_switch$460$rdmux[0][2][1]$a$973 [6] 1'0 $memory$auto$proc_rom.cc:155:do_switch$460$rdmux[0][2][1]$a$973 [1:0] }, B={ 1'1 $memory$auto$proc_rom.cc:155:do_switch$460$rdmux[0][2][1]$b$974 [11] $memory$auto$proc_rom.cc:155:do_switch$460$rdmux[0][2][1]$b$974 [6] 1'0 $memory$auto$proc_rom.cc:155:do_switch$460$rdmux[0][2][1]$b$974 [1] 1'0 $memory$auto$proc_rom.cc:155:do_switch$460$rdmux[0][2][1]$b$974 [6:5] $memory$auto$proc_rom.cc:155:do_switch$460$rdmux[0][2][1]$b$974 [1:0] }, Y={ $memory$auto$proc_rom.cc:155:do_switch$460$rdmux[0][1][0]$b$965 [12:5] $memory$auto$proc_rom.cc:155:do_switch$460$rdmux[0][1][0]$b$965 [1:0] }
      New ports: A={ $memory$auto$proc_rom.cc:155:do_switch$460$rdmux[0][2][1]$a$973 [6] $memory$auto$proc_rom.cc:155:do_switch$460$rdmux[0][2][1]$a$973 [10] $memory$auto$proc_rom.cc:155:do_switch$460$rdmux[0][2][1]$a$973 [10:9] $memory$auto$proc_rom.cc:155:do_switch$460$rdmux[0][2][1]$a$973 [1] $memory$auto$proc_rom.cc:155:do_switch$460$rdmux[0][2][1]$a$973 [6] 1'0 $memory$auto$proc_rom.cc:155:do_switch$460$rdmux[0][2][1]$a$973 [1] $memory$auto$proc_rom.cc:155:do_switch$460$rdmux[0][3][0]$b$983 [0] }, B={ 1'1 $memory$auto$proc_rom.cc:155:do_switch$460$rdmux[0][2][1]$b$974 [11] $memory$auto$proc_rom.cc:155:do_switch$460$rdmux[0][2][1]$b$974 [6] 2'00 $memory$auto$proc_rom.cc:155:do_switch$460$rdmux[0][2][1]$b$974 [6:5] $memory$auto$proc_rom.cc:155:do_switch$460$rdmux[0][3][0]$b$983 [0] $memory$auto$proc_rom.cc:155:do_switch$460$rdmux[0][2][1]$b$974 [0] }, Y={ $memory$auto$proc_rom.cc:155:do_switch$460$rdmux[0][1][0]$b$965 [12:9] $memory$auto$proc_rom.cc:155:do_switch$460$rdmux[0][1][0]$b$965 [7:5] $memory$auto$proc_rom.cc:155:do_switch$460$rdmux[0][1][0]$b$965 [1:0] }
      New connections: $memory$auto$proc_rom.cc:155:do_switch$460$rdmux[0][1][0]$b$965 [8] = $memory$auto$proc_rom.cc:155:do_switch$460$rdmux[0][3][0]$b$983 [0]
  Optimizing cells in module \panel.
Performed a total of 4 changes.

2.30.12. Executing OPT_MERGE pass (detect identical cells).
Finding identical cells in module `\panel'.
Computing hashes of 150 cells of `\panel'.
Finding duplicate cells in `\panel'.
Removed a total of 0 cells.

2.30.13. Executing OPT_DFF pass (perform DFF optimizations).

2.30.14. Executing OPT_CLEAN pass (remove unused cells and wires).
Finding unused cells or wires in module \panel..

2.30.15. Executing OPT_EXPR pass (perform const folding).
Optimizing module panel.

2.30.16. Rerunning OPT passes. (Maybe there is more to do..)

2.30.17. Executing OPT_MUXTREE pass (detect dead branches in mux trees).
Running muxtree optimizer on module \panel..
  Creating internal representation of mux trees.
  Evaluating internal representation of mux trees.
  Analyzing evaluation results.
Removed 0 multiplexer ports.
<suppressed ~63 debug messages>

2.30.18. Executing OPT_REDUCE pass (consolidate $*mux and $reduce_* inputs).
  Optimizing cells in module \panel.
Performed a total of 0 changes.

2.30.19. Executing OPT_MERGE pass (detect identical cells).
Finding identical cells in module `\panel'.
Computing hashes of 150 cells of `\panel'.
Finding duplicate cells in `\panel'.
Removed a total of 0 cells.

2.30.20. Executing OPT_DFF pass (perform DFF optimizations).

2.30.21. Executing OPT_CLEAN pass (remove unused cells and wires).
Finding unused cells or wires in module \panel..

2.30.22. Executing OPT_EXPR pass (perform const folding).
Optimizing module panel.

2.30.23. Finished fast OPT passes. (There is nothing left to do.)

2.31. Executing ICE40_WRAPCARRY pass (wrap carries).

2.32. Executing TECHMAP pass (map to technology primitives).

2.32.1. Executing Verilog-2005 frontend: C:\oss-cad-suite\bin\../share/yosys/techmap.v
Parsing Verilog input from `C:\oss-cad-suite\bin\../share/yosys/techmap.v' to AST representation.
Generating RTLIL representation for module `\_90_simplemap_bool_ops'.
Generating RTLIL representation for module `\_90_simplemap_reduce_ops'.
Generating RTLIL representation for module `\_90_simplemap_logic_ops'.
Generating RTLIL representation for module `\_90_simplemap_compare_ops'.
Generating RTLIL representation for module `\_90_simplemap_various'.
Generating RTLIL representation for module `\_90_simplemap_registers'.
Generating RTLIL representation for module `\_90_shift_ops_shr_shl_sshl_sshr'.
Generating RTLIL representation for module `\_90_shift_shiftx'.
Generating RTLIL representation for module `\_90_fa'.
Generating RTLIL representation for module `\_90_lcu_brent_kung'.
Generating RTLIL representation for module `\_90_alu'.
Generating RTLIL representation for module `\_90_macc'.
Generating RTLIL representation for module `\_90_alumacc'.
Generating RTLIL representation for module `$__div_mod_u'.
Generating RTLIL representation for module `$__div_mod_trunc'.
Generating RTLIL representation for module `\_90_div'.
Generating RTLIL representation for module `\_90_mod'.
Generating RTLIL representation for module `$__div_mod_floor'.
Generating RTLIL representation for module `\_90_divfloor'.
Generating RTLIL representation for module `\_90_modfloor'.
Generating RTLIL representation for module `\_90_pow'.
Generating RTLIL representation for module `\_90_demux'.
Generating RTLIL representation for module `\_90_lut'.
Generating RTLIL representation for module `$connect'.
Generating RTLIL representation for module `$input_port'.
Successfully finished Verilog frontend.

2.32.2. Executing Verilog-2005 frontend: C:\oss-cad-suite\bin\../share/yosys/ice40/arith_map.v
Parsing Verilog input from `C:\oss-cad-suite\bin\../share/yosys/ice40/arith_map.v' to AST representation.
Generating RTLIL representation for module `\_80_ice40_alu'.
Successfully finished Verilog frontend.

2.32.3. Continuing TECHMAP pass.
Using extmapper simplemap for cells of type $reduce_or.
Using extmapper simplemap for cells of type $not.
Using extmapper simplemap for cells of type $sdffce.
Using extmapper simplemap for cells of type $mux.
Using extmapper simplemap for cells of type $dff.
Using template $paramod$175e67c02b86e96b1288b9dc100122520d7240d8\_90_alu for cells of type $alu.
Using template $paramod$956e79e8f8c5e64be7438155ae50a966e615cb04\_80_ice40_alu for cells of type $alu.
Using template $paramod$672a140277c71df8314410f22acc08d55222c3c7\_80_ice40_alu for cells of type $alu.
Using template $paramod$215440792383f7884e57d9c95f84e9552d0bf4ac\_80_ice40_alu for cells of type $alu.
Using template $paramod$d588c4475f18bc347201f0f2671d73b8c1e7b7ea\_80_ice40_alu for cells of type $alu.
Using template $paramod$32a7b7b86c07519b7537abc18e96f0331f97914d\_80_ice40_alu for cells of type $alu.
Using template $paramod$2af30114e9bd4ccb04dad757b3f0a8f6bf0615b0\_80_ice40_alu for cells of type $alu.
Using template $paramod$c3cd1564c35d873179656addd6052d7ea8b6d991\_80_ice40_alu for cells of type $alu.
Using template $paramod$32efbfac1c4dc57230cf86180788fdfd12e3b511\_80_ice40_alu for cells of type $alu.
Using template $paramod$dad13a281fa6a9ffd6dd427a87dc9a952e80e9ea\_80_ice40_alu for cells of type $alu.
Using extmapper simplemap for cells of type $or.
Using extmapper simplemap for cells of type $reduce_and.
Using template $paramod$a40b3a69ab2154dca9743e30e1e84efb03b892b4\_80_ice40_alu for cells of type $alu.
Using template $paramod$795d817be7d199881e47de72f8a46d9f056cb4cd\_80_ice40_alu for cells of type $alu.
Using template $paramod$e61f808441c14776646ccea05e0cf89bac53ccdb\_80_ice40_alu for cells of type $alu.
Using template $paramod$201d586eed2569f095ddeba6db16e40b8442bc0c\_80_ice40_alu for cells of type $alu.
Using template $paramod$ee9f135470291f7e9a702a13ca7a0f3b25d94913\_80_ice40_alu for cells of type $alu.
Using extmapper simplemap for cells of type $dffe.
Using extmapper simplemap for cells of type $sdff.
Using extmapper simplemap for cells of type $reduce_bool.
Using extmapper simplemap for cells of type $ne.
Using extmapper simplemap for cells of type $eq.
Using extmapper simplemap for cells of type $logic_not.
Using extmapper simplemap for cells of type $logic_and.
Using extmapper simplemap for cells of type $lut.
Using extmapper simplemap for cells of type $logic_or.
Using template $paramod$constmap:4fc0770b5cd3815b34b14ac08b61f6f3109d353d$paramod$d3856cf1a0cfcc1321b9bac1e0a6f7eb27fd6a9d\_90_shift_shiftx for cells of type $shiftx.
Analyzing pattern of constant bits for this cell:
  Constant input on bit 4 of port B: 1'0
  Constant input on bit 0 of port A: 1'0
  Constant input on bit 1 of port A: 1'0
  Constant input on bit 2 of port A: 1'0
  Constant input on bit 3 of port A: 1'0
  Constant input on bit 4 of port A: 1'0
  Constant input on bit 5 of port A: 1'0
  Constant input on bit 6 of port A: 1'0
  Constant input on bit 7 of port A: 1'0
  Constant input on bit 8 of port A: 1'1
  Constant input on bit 9 of port A: 1'0
  Constant input on bit 10 of port A: 1'0
  Constant input on bit 11 of port A: 1'0
  Constant input on bit 12 of port A: 1'0
  Constant input on bit 13 of port A: 1'0
  Constant input on bit 14 of port A: 1'0
  Constant input on bit 15 of port A: 1'0
Creating constmapped module `$paramod$constmap:1c867c60d9638417ef0979dcd3e701d30114ca3e$paramod$d3856cf1a0cfcc1321b9bac1e0a6f7eb27fd6a9d\_90_shift_shiftx'.

2.32.40. Executing OPT_MUXTREE pass (detect dead branches in mux trees).
Running muxtree optimizer on module $paramod$constmap:1c867c60d9638417ef0979dcd3e701d30114ca3e$paramod$d3856cf1a0cfcc1321b9bac1e0a6f7eb27fd6a9d\_90_shift_shiftx..
  Creating internal representation of mux trees.
  Evaluating internal representation of mux trees.
  Analyzing evaluation results.
    dead port 2/2 on $mux $procmux$1613.
    dead port 2/2 on $mux $procmux$1619.
    dead port 2/2 on $mux $procmux$1625.
    dead port 2/2 on $mux $procmux$1631.
Removed 4 multiplexer ports.
<suppressed ~679 debug messages>

2.32.41. Executing OPT_EXPR pass (perform const folding).
Optimizing module $paramod$constmap:1c867c60d9638417ef0979dcd3e701d30114ca3e$paramod$d3856cf1a0cfcc1321b9bac1e0a6f7eb27fd6a9d\_90_shift_shiftx.
<suppressed ~3 debug messages>
Removed 0 unused cells and 11 unused wires.
Using template $paramod$constmap:1c867c60d9638417ef0979dcd3e701d30114ca3e$paramod$d3856cf1a0cfcc1321b9bac1e0a6f7eb27fd6a9d\_90_shift_shiftx for cells of type $shiftx.
Using extmapper simplemap for cells of type $pmux.
Using extmapper simplemap for cells of type $pos.
Using template $paramod\_90_fa\WIDTH=32'00000000000000000000000000000010 for cells of type $fa.
Using template $paramod\_90_lcu_brent_kung\WIDTH=32'00000000000000000000000000000010 for cells of type $lcu.
Using extmapper simplemap for cells of type $xor.
Using extmapper simplemap for cells of type $and.
No more expansions possible.
<suppressed ~271 debug messages>

2.33. Executing OPT pass (performing simple optimizations).

2.33.1. Executing OPT_EXPR pass (perform const folding).
Optimizing module panel.
<suppressed ~1304 debug messages>

2.33.2. Executing OPT_MERGE pass (detect identical cells).
Finding identical cells in module `\panel'.
Computing hashes of 1147 cells of `\panel'.
Finding duplicate cells in `\panel'.
Computing hashes of 972 cells of `\panel'.
Finding duplicate cells in `\panel'.
Computing hashes of 945 cells of `\panel'.
Finding duplicate cells in `\panel'.
Computing hashes of 942 cells of `\panel'.
Finding duplicate cells in `\panel'.
Computing hashes of 941 cells of `\panel'.
Finding duplicate cells in `\panel'.
<suppressed ~618 debug messages>
Removed a total of 206 cells.

2.33.3. Executing OPT_DFF pass (perform DFF optimizations).
Adding SRST signal on $auto$ff.cc:337:slice$1375 ($_DFFE_PN_) from module panel (D = $auto$simplemap.cc:189:logic_reduce$1699, Q = \LAT, rval = 1'0).
Adding SRST signal on $auto$ff.cc:337:slice$1374 ($_DFFE_PN_) from module panel (D = $auto$simplemap.cc:189:logic_reduce$1673, Q = \OE, rval = 1'0).
Adding SRST signal on $auto$ff.cc:337:slice$1373 ($_DFFE_PN_) from module panel (D = $auto$simplemap.cc:189:logic_reduce$1755, Q = \rgb [5], rval = 1'0).
Adding SRST signal on $auto$ff.cc:337:slice$1368 ($_DFFE_PN_) from module panel (D = $auto$simplemap.cc:189:logic_reduce$1720, Q = \rgb [0], rval = 1'0).
Adding SRST signal on $auto$ff.cc:337:slice$1369 ($_DFFE_PN_) from module panel (D = $auto$simplemap.cc:189:logic_reduce$1727, Q = \rgb [1], rval = 1'0).
Adding SRST signal on $auto$ff.cc:337:slice$1370 ($_DFFE_PN_) from module panel (D = $auto$simplemap.cc:189:logic_reduce$1734, Q = \rgb [2], rval = 1'0).
Adding SRST signal on $auto$ff.cc:337:slice$1371 ($_DFFE_PN_) from module panel (D = $auto$simplemap.cc:189:logic_reduce$1741, Q = \rgb [3], rval = 1'0).
Adding SRST signal on $auto$ff.cc:337:slice$1372 ($_DFFE_PN_) from module panel (D = $auto$simplemap.cc:189:logic_reduce$1748, Q = \rgb [4], rval = 1'0).

2.33.4. Executing OPT_CLEAN pass (remove unused cells and wires).
Finding unused cells or wires in module \panel..
Removed 153 unused cells and 753 unused wires.
<suppressed ~154 debug messages>

2.33.5. Rerunning OPT passes. (Removed registers in this run.)

2.33.6. Executing OPT_EXPR pass (perform const folding).
Optimizing module panel.
<suppressed ~3 debug messages>

2.33.7. Executing OPT_MERGE pass (detect identical cells).
Finding identical cells in module `\panel'.
Computing hashes of 785 cells of `\panel'.
Finding duplicate cells in `\panel'.
Removed a total of 0 cells.

2.33.8. Executing OPT_DFF pass (perform DFF optimizations).

2.33.9. Executing OPT_CLEAN pass (remove unused cells and wires).
Finding unused cells or wires in module \panel..
Removed 0 unused cells and 1 unused wires.
<suppressed ~1 debug messages>

2.33.10. Finished fast OPT passes.

2.34. Executing ICE40_OPT pass (performing simple optimizations).

2.34.1. Running ICE40 specific optimizations.
Optimized $__ICE40_CARRY_WRAPPER cell back to logic (without SB_CARRY) panel.$auto$alumacc.cc:548:replace_alu$763.slice[0].carry: CO=\uart_bit [0]
Optimized $__ICE40_CARRY_WRAPPER cell back to logic (without SB_CARRY) panel.$auto$alumacc.cc:548:replace_alu$768.slice[0].carry: CO=\count [0]
Optimized $__ICE40_CARRY_WRAPPER cell back to logic (without SB_CARRY) panel.$auto$alumacc.cc:548:replace_alu$773.slice[0].carry: CO=\count [0]
Optimized $__ICE40_CARRY_WRAPPER cell back to logic (without SB_CARRY) panel.$auto$alumacc.cc:548:replace_alu$778.slice[0].carry: CO=\count [1]
Optimized $__ICE40_CARRY_WRAPPER cell back to logic (without SB_CARRY) panel.$auto$alumacc.cc:548:replace_alu$783.slice[0].carry: CO=\count [0]
Optimized $__ICE40_CARRY_WRAPPER cell back to logic (without SB_CARRY) panel.$auto$alumacc.cc:548:replace_alu$796.slice[0].carry: CO=\phase [2]
Optimized $__ICE40_CARRY_WRAPPER cell back to logic (without SB_CARRY) panel.$auto$alumacc.cc:548:replace_alu$809.slice[0].carry: CO=\phase [3]
Optimized $__ICE40_CARRY_WRAPPER cell back to logic (without SB_CARRY) panel.$auto$alumacc.cc:548:replace_alu$817.slice[0].carry: CO=\tick_div [0]
Optimized $__ICE40_CARRY_WRAPPER cell back to logic (without SB_CARRY) panel.$auto$alumacc.cc:548:replace_alu$820.slice[0].carry: CO=\scan_row [0]
Optimized $__ICE40_CARRY_WRAPPER cell back to logic (without SB_CARRY) panel.$auto$alumacc.cc:548:replace_alu$823.slice[0].carry: CO=\phase [0]
Optimized $__ICE40_CARRY_WRAPPER cell back to logic (without SB_CARRY) panel.$auto$alumacc.cc:548:replace_alu$826.slice[0].carry: CO=\count [0]
Optimized $__ICE40_CARRY_WRAPPER cell back to logic (without SB_CARRY) panel.$auto$alumacc.cc:548:replace_alu$829.slice[0].carry: CO=\state [0]
Optimized $__ICE40_CARRY_WRAPPER cell back to logic (without SB_CARRY) panel.$auto$alumacc.cc:548:replace_alu$832.slice[0].carry: CO=\config_index [0]
Optimized $__ICE40_CARRY_WRAPPER cell back to logic (without SB_CARRY) panel.$auto$alumacc.cc:548:replace_alu$838.slice[0].carry: CO=\length [0]
Optimized $__ICE40_CARRY_WRAPPER cell back to logic (without SB_CARRY) panel.$auto$alumacc.cc:548:replace_alu$838.slice[8].carry: CO=$auto$alumacc.cc:548:replace_alu$838.C [8]
Optimized $__ICE40_CARRY_WRAPPER cell back to logic (without SB_CARRY) panel.$auto$alumacc.cc:548:replace_alu$838.slice[10].carry: CO=$auto$alumacc.cc:548:replace_alu$838.C [10]
Optimized $__ICE40_CARRY_WRAPPER cell back to logic (without SB_CARRY) panel.$auto$alumacc.cc:548:replace_alu$838.slice[11].carry: CO=$auto$alumacc.cc:548:replace_alu$838.C [11]
Optimized $__ICE40_CARRY_WRAPPER cell back to logic (without SB_CARRY) panel.$auto$alumacc.cc:548:replace_alu$838.slice[12].carry: CO=$auto$alumacc.cc:548:replace_alu$838.C [12]
Optimized $__ICE40_CARRY_WRAPPER cell back to logic (without SB_CARRY) panel.$auto$alumacc.cc:548:replace_alu$838.slice[13].carry: CO=$auto$alumacc.cc:548:replace_alu$838.C [13]
Optimized $__ICE40_CARRY_WRAPPER cell back to logic (without SB_CARRY) panel.$auto$alumacc.cc:548:replace_alu$838.slice[16].carry: CO=$auto$alumacc.cc:548:replace_alu$838.C [16]
Optimized $__ICE40_CARRY_WRAPPER cell back to logic (without SB_CARRY) panel.$auto$alumacc.cc:548:replace_alu$841.slice[0].carry: CO=\uart_div [0]
Optimized $__ICE40_CARRY_WRAPPER cell back to logic (without SB_CARRY) panel.$auto$alumacc.cc:548:replace_alu$844.slice[0].carry: CO=\uart_bit [0]
Optimized $__ICE40_CARRY_WRAPPER cell back to logic (without SB_CARRY) panel.$auto$alumacc.cc:548:replace_alu$847.slice[0].carry: CO=\heartbeat [0]

2.34.2. Executing OPT_EXPR pass (perform const folding).
Optimizing module panel.

2.34.3. Executing OPT_MERGE pass (detect identical cells).
Finding identical cells in module `\panel'.
Computing hashes of 785 cells of `\panel'.
Finding duplicate cells in `\panel'.
Computing hashes of 780 cells of `\panel'.
Finding duplicate cells in `\panel'.
<suppressed ~15 debug messages>
Removed a total of 5 cells.

2.34.4. Executing OPT_DFF pass (perform DFF optimizations).

2.34.5. Executing OPT_CLEAN pass (remove unused cells and wires).
Finding unused cells or wires in module \panel..
Removed 5 unused cells and 1 unused wires.
<suppressed ~6 debug messages>

2.34.6. Rerunning OPT passes. (Removed registers in this run.)

2.34.7. Running ICE40 specific optimizations.

2.34.8. Executing OPT_EXPR pass (perform const folding).
Optimizing module panel.

2.34.9. Executing OPT_MERGE pass (detect identical cells).
Finding identical cells in module `\panel'.
Computing hashes of 775 cells of `\panel'.
Finding duplicate cells in `\panel'.
Removed a total of 0 cells.

2.34.10. Executing OPT_DFF pass (perform DFF optimizations).

2.34.11. Executing OPT_CLEAN pass (remove unused cells and wires).
Finding unused cells or wires in module \panel..

2.34.12. Finished OPT passes. (There is nothing left to do.)

3. Executing TECHMAP pass (map to technology primitives).

3.1. Executing Verilog-2005 frontend: ornot2lut.v
Parsing Verilog input from `ornot2lut.v' to AST representation.
Generating RTLIL representation for module `\map_ornot'.
Generating RTLIL representation for module `\map_andnot'.
Successfully finished Verilog frontend.

3.2. Continuing TECHMAP pass.
No more expansions possible.
<suppressed ~4 debug messages>

4. Executing OPT_CLEAN pass (remove unused cells and wires).
Finding unused cells or wires in module \panel..
Removed 0 unused cells and 2 unused wires.
<suppressed ~2 debug messages>

5. Executing SYNTH_ICE40 pass.

5.1. Executing DFFLEGALIZE pass (convert FFs and LATCHes to types supported by the target).

5.2. Executing TECHMAP pass (map to technology primitives).

5.2.1. Executing Verilog-2005 frontend: C:\oss-cad-suite\bin\../share/yosys/ice40/ff_map.v
Parsing Verilog input from `C:\oss-cad-suite\bin\../share/yosys/ice40/ff_map.v' to AST representation.
Generating RTLIL representation for module `$_DFF_N_'.
Generating RTLIL representation for module `$_DFF_P_'.
Generating RTLIL representation for module `$_DFFE_NP_'.
Generating RTLIL representation for module `$_DFFE_PP_'.
Generating RTLIL representation for module `$_DFF_NP0_'.
Generating RTLIL representation for module `$_DFF_NP1_'.
Generating RTLIL representation for module `$_DFF_PP0_'.
Generating RTLIL representation for module `$_DFF_PP1_'.
Generating RTLIL representation for module `$_DFFE_NP0P_'.
Generating RTLIL representation for module `$_DFFE_NP1P_'.
Generating RTLIL representation for module `$_DFFE_PP0P_'.
Generating RTLIL representation for module `$_DFFE_PP1P_'.
Generating RTLIL representation for module `$_SDFF_NP0_'.
Generating RTLIL representation for module `$_SDFF_NP1_'.
Generating RTLIL representation for module `$_SDFF_PP0_'.
Generating RTLIL representation for module `$_SDFF_PP1_'.
Generating RTLIL representation for module `$_SDFFCE_NP0P_'.
Generating RTLIL representation for module `$_SDFFCE_NP1P_'.
Generating RTLIL representation for module `$_SDFFCE_PP0P_'.
Generating RTLIL representation for module `$_SDFFCE_PP1P_'.
Successfully finished Verilog frontend.

5.2.2. Continuing TECHMAP pass.
Using template $_SDFFCE_PP0P_ for cells of type $_SDFFCE_PP0P_.
Using template $_DFF_P_ for cells of type $_DFF_P_.
Using template $_DFFE_PP_ for cells of type $_DFFE_PP_.
Using template $_SDFF_PP0_ for cells of type $_SDFF_PP0_.
Using template $_SDFFCE_PP1P_ for cells of type $_SDFFCE_PP1P_.
No more expansions possible.
<suppressed ~132 debug messages>

5.3. Executing OPT_EXPR pass (perform const folding).
Optimizing module panel.

5.4. Executing SIMPLEMAP pass (map simple cells to gate primitives).
Mapping panel.$auto$alumacc.cc:548:replace_alu$817.slice[0].carry ($lut).
Mapping panel.$auto$alumacc.cc:548:replace_alu$820.slice[0].carry ($lut).
Mapping panel.$auto$alumacc.cc:548:replace_alu$823.slice[0].carry ($lut).
Mapping panel.$auto$alumacc.cc:548:replace_alu$826.slice[0].carry ($lut).
Mapping panel.$auto$alumacc.cc:548:replace_alu$829.slice[0].carry ($lut).
Mapping panel.$auto$alumacc.cc:548:replace_alu$832.slice[0].carry ($lut).
Mapping panel.$auto$alumacc.cc:548:replace_alu$838.slice[0].carry ($lut).
Mapping panel.$auto$alumacc.cc:548:replace_alu$838.slice[10].carry ($lut).
Mapping panel.$auto$alumacc.cc:548:replace_alu$838.slice[16].carry ($lut).
Mapping panel.$auto$alumacc.cc:548:replace_alu$838.slice[8].carry ($lut).
Mapping panel.$auto$alumacc.cc:548:replace_alu$841.slice[0].carry ($lut).
Mapping panel.$auto$alumacc.cc:548:replace_alu$844.slice[0].carry ($lut).
Mapping panel.$auto$alumacc.cc:548:replace_alu$847.slice[0].carry ($lut).

5.5. Executing ICE40_OPT pass (performing simple optimizations).

5.5.1. Running ICE40 specific optimizations.

5.5.2. Executing OPT_EXPR pass (perform const folding).
Optimizing module panel.
<suppressed ~254 debug messages>

5.5.3. Executing OPT_MERGE pass (detect identical cells).
Finding identical cells in module `\panel'.
Computing hashes of 798 cells of `\panel'.
Finding duplicate cells in `\panel'.
Computing hashes of 770 cells of `\panel'.
Finding duplicate cells in `\panel'.
<suppressed ~84 debug messages>
Removed a total of 28 cells.

5.5.4. Executing OPT_DFF pass (perform DFF optimizations).

5.5.5. Executing OPT_CLEAN pass (remove unused cells and wires).
Finding unused cells or wires in module \panel..
Removed 0 unused cells and 636 unused wires.
<suppressed ~1 debug messages>

5.5.6. Rerunning OPT passes. (Removed registers in this run.)

5.5.7. Running ICE40 specific optimizations.

5.5.8. Executing OPT_EXPR pass (perform const folding).
Optimizing module panel.

5.5.9. Executing OPT_MERGE pass (detect identical cells).
Finding identical cells in module `\panel'.
Computing hashes of 770 cells of `\panel'.
Finding duplicate cells in `\panel'.
Removed a total of 0 cells.

5.5.10. Executing OPT_DFF pass (perform DFF optimizations).

5.5.11. Executing OPT_CLEAN pass (remove unused cells and wires).
Finding unused cells or wires in module \panel..

5.5.12. Finished OPT passes. (There is nothing left to do.)

5.6. Executing CHECK pass (checking for obvious problems).
Checking module panel...
Found and reported 0 problems.

5.7. Executing TECHMAP pass (map to technology primitives).

5.7.1. Executing Verilog-2005 frontend: C:\oss-cad-suite\bin\../share/yosys/ice40/latches_map.v
Parsing Verilog input from `C:\oss-cad-suite\bin\../share/yosys/ice40/latches_map.v' to AST representation.
Generating RTLIL representation for module `$_DLATCH_N_'.
Generating RTLIL representation for module `$_DLATCH_P_'.
Successfully finished Verilog frontend.

5.7.2. Continuing TECHMAP pass.
No more expansions possible.
<suppressed ~4 debug messages>

5.8. Executing SIMPLEMAP pass (map simple cells to gate primitives).

5.9. Executing TECHMAP pass (map to technology primitives).

5.9.1. Executing Verilog-2005 frontend: C:\oss-cad-suite\bin\../share/yosys/gate2lut.v
Parsing Verilog input from `C:\oss-cad-suite\bin\../share/yosys/gate2lut.v' to AST representation.
Generating RTLIL representation for module `\_90_lut_not'.
Generating RTLIL representation for module `\_90_lut_or'.
Generating RTLIL representation for module `\_90_lut_and'.
Generating RTLIL representation for module `\_90_lut_xor'.
Generating RTLIL representation for module `\_90_lut_mux'.
Successfully finished Verilog frontend.

5.9.2. Continuing TECHMAP pass.
Using template _90_lut_not for cells of type $_NOT_.
Using template _90_lut_or for cells of type $_OR_.
Using template _90_lut_and for cells of type $_AND_.
Using template _90_lut_mux for cells of type $_MUX_.
Using template _90_lut_xor for cells of type $_XOR_.
No more expansions possible.
<suppressed ~499 debug messages>

5.10. Executing ICE40_WRAPCARRY pass (wrap carries).

5.11. Executing TECHMAP pass (map to technology primitives).

5.11.1. Executing Verilog-2005 frontend: C:\oss-cad-suite\bin\../share/yosys/ice40/ff_map.v
Parsing Verilog input from `C:\oss-cad-suite\bin\../share/yosys/ice40/ff_map.v' to AST representation.
Generating RTLIL representation for module `$_DFF_N_'.
Generating RTLIL representation for module `$_DFF_P_'.
Generating RTLIL representation for module `$_DFFE_NP_'.
Generating RTLIL representation for module `$_DFFE_PP_'.
Generating RTLIL representation for module `$_DFF_NP0_'.
Generating RTLIL representation for module `$_DFF_NP1_'.
Generating RTLIL representation for module `$_DFF_PP0_'.
Generating RTLIL representation for module `$_DFF_PP1_'.
Generating RTLIL representation for module `$_DFFE_NP0P_'.
Generating RTLIL representation for module `$_DFFE_NP1P_'.
Generating RTLIL representation for module `$_DFFE_PP0P_'.
Generating RTLIL representation for module `$_DFFE_PP1P_'.
Generating RTLIL representation for module `$_SDFF_NP0_'.
Generating RTLIL representation for module `$_SDFF_NP1_'.
Generating RTLIL representation for module `$_SDFF_PP0_'.
Generating RTLIL representation for module `$_SDFF_PP1_'.
Generating RTLIL representation for module `$_SDFFCE_NP0P_'.
Generating RTLIL representation for module `$_SDFFCE_NP1P_'.
Generating RTLIL representation for module `$_SDFFCE_PP0P_'.
Generating RTLIL representation for module `$_SDFFCE_PP1P_'.
Successfully finished Verilog frontend.

5.11.2. Continuing TECHMAP pass.
No more expansions possible.
<suppressed ~22 debug messages>
Removed 90 unused cells and 1925 unused wires.

5.12. Executing OPT_LUT pass (optimize LUTs).
Discovering LUTs.
Number of LUTs:      582
  1-LUT               88
  2-LUT              334
  3-LUT              160
  with \SB_CARRY    (#0)   81
  with \SB_CARRY    (#1)   80

Eliminating LUTs.
Number of LUTs:      582
  1-LUT               88
  2-LUT              334
  3-LUT              160
  with \SB_CARRY    (#0)   81
  with \SB_CARRY    (#1)   80

Combining LUTs.
Number of LUTs:      334
  1-LUT               28
  2-LUT               85
  3-LUT              125
  4-LUT               96
  with \SB_CARRY    (#0)   81
  with \SB_CARRY    (#1)   80

Eliminated 0 LUTs.
Combined 248 LUTs.
<suppressed ~6592 debug messages>

5.13. Executing TECHMAP pass (map to technology primitives).

5.13.1. Executing Verilog-2005 frontend: C:\oss-cad-suite\bin\../share/yosys/ice40/cells_map.v
Parsing Verilog input from `C:\oss-cad-suite\bin\../share/yosys/ice40/cells_map.v' to AST representation.
Generating RTLIL representation for module `$lut'.
Successfully finished Verilog frontend.

5.13.2. Continuing TECHMAP pass.
Using template $paramod$fd904e9e35cfd343a9df248824bd3f1408724879$lut for cells of type $lut.
Using template $paramod$lut\WIDTH=s32'00000000000000000000000000000100\LUT=4'0001 for cells of type $lut.
Using template $paramod$lut\WIDTH=s32'00000000000000000000000000000100\LUT=4'1110 for cells of type $lut.
Using template $paramod$078443e0e8b302a49ac79789e0fc02b41f07be4c$lut for cells of type $lut.
Using template $paramod$995ba512a447d27709010e6e3906195ddd4dff0a$lut for cells of type $lut.
Using template $paramod$7125b224d5920c893c2dd3de98a266451c2ebe7d$lut for cells of type $lut.
Using template $paramod$lut\WIDTH=s32'00000000000000000000000000000100\LUT=4'1000 for cells of type $lut.
Using template $paramod$82c0b13701acdc886aede9c55a2dc36d21ba97a1$lut for cells of type $lut.
Using template $paramod$14672a0c0bf57d504a958d6cd17a29203ebe7ad1$lut for cells of type $lut.
Using template $paramod$990f0fb2b3d003f8b16e47a6e2203c03f05c2581$lut for cells of type $lut.
Using template $paramod$05bb6b467fb98a0bc5f2fcdc10c19875585f6f2b$lut for cells of type $lut.
Using template $paramod$lut\WIDTH=s32'00000000000000000000000000000100\LUT=8'11001010 for cells of type $lut.
Using template $paramod$cc07ab514b971880119f9fe9b1aa7ceb19c26d08$lut for cells of type $lut.
Using template $paramod$b5790a76aeb953a266484fa873703c44bc670a95$lut for cells of type $lut.
Using template $paramod$e1e0860bc66b0ec3f1528c4ebf1eebcd83d23576$lut for cells of type $lut.
Using template $paramod$dcc21784e78c87ae1da6dbcac2b27a3ac5c4d394$lut for cells of type $lut.
Using template $paramod$f0e242f93bdcf05fab8dc769c34695f5c243e9b3$lut for cells of type $lut.
Using template $paramod$28d07f25c3f724c7772d8abfb9144e8c7168eee9$lut for cells of type $lut.
Using template $paramod$6aa498f357ba98b8be1c0c40af1767e91ef1e792$lut for cells of type $lut.
Using template $paramod$e0f3fcac9c7bc39414d0e39da2f8263916ca2212$lut for cells of type $lut.
Using template $paramod$a613b9fef3cc9774cac6b23709fb15a5abfb223a$lut for cells of type $lut.
Using template $paramod$e60b68dda858c16a200321e7570e7a283c81d57c$lut for cells of type $lut.
Using template $paramod$d310e3e0694af6248e651e404a50cc6035667efa$lut for cells of type $lut.
Using template $paramod$b0921904cd0556b160571789093bb927ff74536c$lut for cells of type $lut.
Using template $paramod$9e59c5d219363f480ed59c38c2d654c6e80338f8$lut for cells of type $lut.
Using template $paramod$86c3d45faf78c83fe65e2e1f5354cc2f704582d4$lut for cells of type $lut.
Using template $paramod$53b847536e1ff4dc67cb6ffcc2a1b96794ccdbab$lut for cells of type $lut.
Using template $paramod$641765d19b07224ee3905d13b3845bf933f6c51d$lut for cells of type $lut.
Using template $paramod$29492e4b689210ff3fe11e9e43fbf1d64bce115d$lut for cells of type $lut.
Using template $paramod$86e4ac392b89fc0cba75f5d7a03d15d56a120fdd$lut for cells of type $lut.
Using template $paramod$f12f5c320f33b032a5d8e9643b181e1c187aab62$lut for cells of type $lut.
Using template $paramod$baee406d84fe0a8ab3e46482a4f51900848b9595$lut for cells of type $lut.
Using template $paramod$d1753b1145dd81674b772b6c0e41c88ea50cbbbc$lut for cells of type $lut.
Using template $paramod$lut\WIDTH=s32'00000000000000000000000000000100\LUT=4'0110 for cells of type $lut.
Using template $paramod$602e498360b3841ed30e00ec77d1371675e966c0$lut for cells of type $lut.
Using template $paramod$71025da9fda189919bcd99d0c678523a2f3f77e1$lut for cells of type $lut.
Using template $paramod$4b7183e98db20472269e60e9dbfdd9dddc246d76$lut for cells of type $lut.
Using template $paramod$45ad14593d516f6be4c5df20f7af4ad8f960753d$lut for cells of type $lut.
Using template $paramod$7e3bf395a077c5d1777809b088b36347c3a994e3$lut for cells of type $lut.
Using template $paramod$c0670f2aab73eea2cd5c91d3b03ce85be7de1148$lut for cells of type $lut.
Using template $paramod$3a56ef8ec85bdd8f264f27a9bafa0a81d604f010$lut for cells of type $lut.
Using template $paramod$843f494e2a9308d7cb1a725c8865c6de0fc2cd36$lut for cells of type $lut.
Using template $paramod$739d1a5523ae8f620086ad6ac7ed696692cb1969$lut for cells of type $lut.
Using template $paramod$6d0d05788a4bfe02738d7ab1ff03cff4baff275c$lut for cells of type $lut.
Using template $paramod$893a2d12b22003de091303ae130ec3e6b450bef2$lut for cells of type $lut.
Using template $paramod$682fb525e28526aa2b14d0a7620dca8eb11c5730$lut for cells of type $lut.
Using template $paramod$eac7ee502612457d62e471974b70426d3c28f7fd$lut for cells of type $lut.
Using template $paramod$db3cc515e6967efc802249619c7772e9ca1c5c71$lut for cells of type $lut.
Using template $paramod$92b691340760c0585f421be09ef45d4f4fc1dd35$lut for cells of type $lut.
Using template $paramod$941e42d23e43e87d4bd9b0315166a8585c065ed7$lut for cells of type $lut.
Using template $paramod$1698bb7350a5ea3a06024e84bfe74a9a89c07fad$lut for cells of type $lut.
Using template $paramod$d6c1fc082cd90cd2d6891c8cdf00852e1c858ca2$lut for cells of type $lut.
Using template $paramod$42253ec393aa297b297af920a318aa999ce61565$lut for cells of type $lut.
Using template $paramod$2274a105a4a0f2ee10298ac11fa23fbea35642e1$lut for cells of type $lut.
Using template $paramod$59ffe52bab897387925001b1e3f9a4683865bc3e$lut for cells of type $lut.
Using template $paramod$d1374dd64afd8f03c51bc71ea5f77235e72d5eab$lut for cells of type $lut.
Using template $paramod$8f6bec787a3337fac89493b032dcc42ab6787b76$lut for cells of type $lut.
Using template $paramod$84ab56f4afb2ccb2fa99d6ee8f74b2ab7c2a8a78$lut for cells of type $lut.
Using template $paramod$5adc0744972d412a87bad377fc9b6173013074e5$lut for cells of type $lut.
Using template $paramod$2ec3479a8ef24ffe95410c9b2fbddfeda9f104eb$lut for cells of type $lut.
No more expansions possible.
<suppressed ~997 debug messages>
Removed 0 unused cells and 839 unused wires.

5.14. Executing AUTONAME pass.
Renamed 783 objects in module panel.
<suppressed ~783 debug messages>

5.15. Executing HIERARCHY pass (managing design hierarchy).
Attribute `top' found on module `panel'. Setting top module to panel.

5.15.1. Analyzing design hierarchy..
Top module:  \panel

5.15.2. Analyzing design hierarchy..
Top module:  \panel
Removed 0 unused modules.

5.16. Printing statistics.

=== panel ===

        +----------Local Count, excluding submodules.
        | 
      220 wires
     1175 wire bits
      220 public wires
     1175 public wire bits
       16 ports
       16 port bits
        3 cells
        1   SB_GB
        2   SB_RAM40_4K
      594 submodules
      153   SB_CARRY
       27   SB_DFF
       15   SB_DFFE
       41   SB_DFFESR
        3   SB_DFFESS
       21   SB_DFFSR
      334   SB_LUT4

=== design hierarchy ===

        +----------Count including submodules.
        | 
        3 panel

        +----------Count including submodules.
        | 
      220 wires
     1175 wire bits
      220 public wires
     1175 public wire bits
       16 ports
       16 port bits
        - memories
        - memory bits
        - processes
        3 cells
        1   SB_GB
        2   SB_RAM40_4K
      594 submodules
      153   SB_CARRY
       27   SB_DFF
       15   SB_DFFE
       41   SB_DFFESR
        3   SB_DFFESS
       21   SB_DFFSR
      334   SB_LUT4

5.17. Executing CHECK pass (checking for obvious problems).
Checking module panel...
Found and reported 0 problems.

6. Executing TECHMAP pass (map to technology primitives).

6.1. Executing Verilog-2005 frontend: ornot2lut.v
Parsing Verilog input from `ornot2lut.v' to AST representation.
Generating RTLIL representation for module `\map_ornot'.
Generating RTLIL representation for module `\map_andnot'.
Successfully finished Verilog frontend.

6.2. Continuing TECHMAP pass.
No more expansions possible.
<suppressed ~4 debug messages>

7. Executing OPT_CLEAN pass (remove unused cells and wires).
Finding unused cells or wires in module \panel..
Removed 0 unused cells and 31 unused wires.
<suppressed ~31 debug messages>

8. Executing SYNTH_ICE40 pass.

8.1. Executing CHECK pass (checking for obvious problems).
Checking module panel...
Found and reported 0 problems.

8.2. Executing TECHMAP pass (map to technology primitives).

8.2.1. Executing Verilog-2005 frontend: C:\oss-cad-suite\bin\../share/yosys/ice40/latches_map.v
Parsing Verilog input from `C:\oss-cad-suite\bin\../share/yosys/ice40/latches_map.v' to AST representation.
Generating RTLIL representation for module `$_DLATCH_N_'.
Generating RTLIL representation for module `$_DLATCH_P_'.
Successfully finished Verilog frontend.

8.2.2. Continuing TECHMAP pass.
No more expansions possible.
<suppressed ~4 debug messages>

8.3. Executing SIMPLEMAP pass (map simple cells to gate primitives).

8.4. Executing TECHMAP pass (map to technology primitives).

8.4.1. Executing Verilog-2005 frontend: C:\oss-cad-suite\bin\../share/yosys/gate2lut.v
Parsing Verilog input from `C:\oss-cad-suite\bin\../share/yosys/gate2lut.v' to AST representation.
Generating RTLIL representation for module `\_90_lut_not'.
Generating RTLIL representation for module `\_90_lut_or'.
Generating RTLIL representation for module `\_90_lut_and'.
Generating RTLIL representation for module `\_90_lut_xor'.
Generating RTLIL representation for module `\_90_lut_mux'.
Successfully finished Verilog frontend.

8.4.2. Continuing TECHMAP pass.
No more expansions possible.
<suppressed ~7 debug messages>

8.5. Executing ICE40_WRAPCARRY pass (wrap carries).

8.6. Executing TECHMAP pass (map to technology primitives).

8.6.1. Executing Verilog-2005 frontend: C:\oss-cad-suite\bin\../share/yosys/ice40/ff_map.v
Parsing Verilog input from `C:\oss-cad-suite\bin\../share/yosys/ice40/ff_map.v' to AST representation.
Generating RTLIL representation for module `$_DFF_N_'.
Generating RTLIL representation for module `$_DFF_P_'.
Generating RTLIL representation for module `$_DFFE_NP_'.
Generating RTLIL representation for module `$_DFFE_PP_'.
Generating RTLIL representation for module `$_DFF_NP0_'.
Generating RTLIL representation for module `$_DFF_NP1_'.
Generating RTLIL representation for module `$_DFF_PP0_'.
Generating RTLIL representation for module `$_DFF_PP1_'.
Generating RTLIL representation for module `$_DFFE_NP0P_'.
Generating RTLIL representation for module `$_DFFE_NP1P_'.
Generating RTLIL representation for module `$_DFFE_PP0P_'.
Generating RTLIL representation for module `$_DFFE_PP1P_'.
Generating RTLIL representation for module `$_SDFF_NP0_'.
Generating RTLIL representation for module `$_SDFF_NP1_'.
Generating RTLIL representation for module `$_SDFF_PP0_'.
Generating RTLIL representation for module `$_SDFF_PP1_'.
Generating RTLIL representation for module `$_SDFFCE_NP0P_'.
Generating RTLIL representation for module `$_SDFFCE_NP1P_'.
Generating RTLIL representation for module `$_SDFFCE_PP0P_'.
Generating RTLIL representation for module `$_SDFFCE_PP1P_'.
Successfully finished Verilog frontend.

8.6.2. Continuing TECHMAP pass.
No more expansions possible.
<suppressed ~22 debug messages>

8.7. Executing OPT_LUT pass (optimize LUTs).
Discovering LUTs.
Number of LUTs:        0
  with \SB_CARRY    (#0)    0
  with \SB_CARRY    (#1)    0

Eliminating LUTs.
Number of LUTs:        0
  with \SB_CARRY    (#0)    0
  with \SB_CARRY    (#1)    0

Combining LUTs.
Number of LUTs:        0
  with \SB_CARRY    (#0)    0
  with \SB_CARRY    (#1)    0

Eliminated 0 LUTs.
Combined 0 LUTs.

8.8. Executing TECHMAP pass (map to technology primitives).

8.8.1. Executing Verilog-2005 frontend: C:\oss-cad-suite\bin\../share/yosys/ice40/cells_map.v
Parsing Verilog input from `C:\oss-cad-suite\bin\../share/yosys/ice40/cells_map.v' to AST representation.
Generating RTLIL representation for module `$lut'.
Successfully finished Verilog frontend.

8.8.2. Continuing TECHMAP pass.
No more expansions possible.
<suppressed ~3 debug messages>

9. Executing JSON backend.

10. Printing statistics.

=== panel ===

        +----------Local Count, excluding submodules.
        | 
      189 wires
      956 wire bits
      189 public wires
      956 public wire bits
       16 ports
       16 port bits
      597 cells
      153   SB_CARRY
       27   SB_DFF
       15   SB_DFFE
       41   SB_DFFESR
        3   SB_DFFESS
       21   SB_DFFSR
        1   SB_GB
      334   SB_LUT4
        2   SB_RAM40_4K

End of script. Logfile hash: 5550c148f6
Yosys 0.69+71 (git sha1 150c32b03-dirty, Release, GNU /usr/bin/x86_64-w64-mingw32-g++ 15.2.1)
Time spent: 1% 32x opt_expr (0 sec), 1% 29x opt_clean (0 sec), ...
